cluster_id,monomer,frequency
1,Ser,76
1,bAla,5
1,Ala|Gly,1
1,Hiv,1
1,Leu|Arg,1
1,Me-bAla,1
1,Me-Dpr,1
1,NOH-Ala,1
1,O-Iv,1
1,Phe|Trp,1
1,Piz,1
2,Cys,36
2,Dab,9
2,aMe-Ser,1
2,HOMM-Tyr,1
3,Gly,55
3,Aeo,2
3,D-Ala,2
3,aKic,1
3,aKiv,1
3,D-Lea,1
3,Met,1
4,Abu,1
4,Gly|NMe-Gly,1
4,Kyn,1
5,Thr,57
5,aThr,8
5,dhAbu,6
5,di-OH-Bz,5
5,aThr|Thr,4
5,di-OH-Bz|Sal,4
5,dh-Thr,2
5,4p-Pro,1
5,6Cl-Hic,1
5,Bmt,1
5,dhAbu|dhTyr|Thr,1
5,dhDab,1
5,Gac,1
5,Iso,1
6,Ala,35
6,Pro,19
6,Tyr,17
6,Phe,13
6,Trp,10
6,Glu,8
6,His,6
6,bOH-Tyr,3
6,bOH-Tyr|Tyr,2
6,Fo-OH-Orn,2
6,Htyr,2
6,Pro|4Me-Pro,2
6,33p-Ala,1
6,3Me-Tyr,1
6,3OH-Gln,1
6,Ac-Phe,1
6,Alaol,1
6,aThr|Ser,1
6,bTrp,1
6,ddh-Arg|3Me-Tyr,1
6,Gca,1
6,Glu|3Me-Glu,1
6,Hcn,1
6,NOH-Val,1
6,Pac,1
6,Trp|6Cl-Trp,1
6,Tyr|bOH-Tyr,1
6,Val|Ile,1
6,Valol,1
7,Leu,58
8,Hpg|Cl2-Hpg,15
8,Dhpg,14
8,Hpg,12
8,Arg,3
8,bMe-Phe,2
8,PhGly,2
8,Ahnpb,1
8,Ala|Leu|Val,1
8,Arg|Lys,1
8,Glyco-cya,1
8,Hpg|2Cl-Hpg,1
8,Ser|Thr,1
8,Tyr|Phe,1
9,Asn,31
9,Asp,20
9,Aad,7
9,Orn,7
9,Hse,2
9,OH-Asn,2
9,Asn|Gln,1
9,Asp|bMe-Asp,1
9,CysA,1
9,Dhh-Tyr,1
9,OH-Asp,1
9,Phe|Tyr,1
10,Val,41
10,Ile,18
10,Gln,10
10,Lys,8
10,Abu|Ival,7
10,OH-Orn,5
10,Pip,4
10,3Me-Asp,3
10,3Me-Pro,2
10,bLys,2
10,Ile|Val,2
10,Ncp-Ala,2
10,3OH-3Me-Pro,1
10,3OH-Leu,1
10,4Me-Pro,1
10,4OH-5OH-Orn,1
10,4OH-Pro,1
10,4Pe-Pro,1
10,aIle|Ile,1
10,Ala|Val,1
10,Asp|NMe-Asp,1
10,bhceAla,1
10,Gln|Tyr,1
10,gOH-Val,1
10,Leu|Val,1
10,Nme-Asp,1
10,NMe-Gly,1
10,norCMA,1
10,Orn|OH-Orn,1