"","truth","prediction","probability","correct"
"1","aryl.and.biaryl.derivatives","aryl.and.biaryl.derivatives","0.395604395604396","Y"
"2","cinnamate.and.succinylbenzoate.derivatives","cinnamate.and.succinylbenzoate.derivatives","0.988372093023256","Y"
"3","cinnamate.and.succinylbenzoate.derivatives","cinnamate.and.succinylbenzoate.derivatives","0.946745562130177","Y"
"4","cinnamate.and.succinylbenzoate.derivatives","cinnamate.and.succinylbenzoate.derivatives","0.816831683168317","Y"
"5","C6.through.C11","cinnamate.and.succinylbenzoate.derivatives","0.79718875502008","N"
"6","C2.through.C5","cinnamate.and.succinylbenzoate.derivatives","0.623711340206186","N"
"7","aryl.and.biaryl.derivatives","aryl.and.biaryl.derivatives","0.594871794871795","Y"
"8","C2.through.C5","small.hydrophobic.aa","0.232044198895028","N"
"9","C12.through.C17","C12.through.C17","1","Y"
"10","C12.through.C17","C12.through.C17","0.984536082474227","Y"
"11","C2.through.C5","C2.through.C5","0.98974358974359","Y"
"12","C6.through.C11","C6.through.C11","0.858202443280977","Y"
"13","C12.through.C17","C12.through.C17","0.707650273224044","Y"
"14","C6.through.C11","C6.through.C11","0.858202443280977","Y"
"15","C2.through.C5","C2.through.C5","0.921787709497207","Y"
"16","C6.through.C11","C12.through.C17","0.297670250896057","N"
"17","C18.and.up.or.bile.acid","C18.and.up.or.bile.acid","0.984293193717278","Y"
"18","aryl.and.biaryl.derivatives","aryl.and.biaryl.derivatives","0.856857142857143","Y"
"19","cinnamate.and.succinylbenzoate.derivatives","cinnamate.and.succinylbenzoate.derivatives","0.91005291005291","Y"
"20","C2.through.C5","C2.through.C5","0.909090909090909","Y"
"21","C2.through.C5","C2.through.C5","0.903225806451613","Y"
"22","C2.through.C5","C2.through.C5","0.989189189189189","Y"
"23","C18.and.up.or.bile.acid","C18.and.up.or.bile.acid","0.640398550724638","Y"
"24","C12.through.C17","C12.through.C17","0.960893854748603","Y"
"25","C18.and.up.or.bile.acid","C18.and.up.or.bile.acid","0.648148148148148","Y"
"26","C12.through.C17","C12.through.C17","1","Y"
"27","C12.through.C17","C12.through.C17","0.994444444444444","Y"
"28","C2.through.C5","C2.through.C5","0.320652173913043","Y"
"29","C12.through.C17","C12.through.C17","0.961325966850829","Y"
"30","C2.through.C5","C2.through.C5","1","Y"
"31","C12.through.C17","C12.through.C17","0.746376811594203","Y"
"32","C6.through.C11","C6.through.C11","0.191011235955056","Y"
"33","C2.through.C5","C2.through.C5","0.968421052631579","Y"
"34","C18.and.up.or.bile.acid","C18.and.up.or.bile.acid","0.89","Y"
"35","C2.through.C5","C2.through.C5","1","Y"
"36","C2.through.C5","C2.through.C5","1","Y"
"37","C18.and.up.or.bile.acid","C18.and.up.or.bile.acid","0.887179487179487","Y"
"38","C12.through.C17","C12.through.C17","0.486187845303867","Y"
"39","C12.through.C17","C18.and.up.or.bile.acid","0.747665864098448","N"
"40","C12.through.C17","C12.through.C17","1","Y"
"41","C12.through.C17","C12.through.C17","0.99492385786802","Y"
"42","C2.through.C5","C2.through.C5","1","Y"
"43","C2.through.C5","C2.through.C5","1","Y"
"44","C12.through.C17","C12.through.C17","0.741228070175438","Y"
"45","C12.through.C17","C12.through.C17","0.982248520710059","Y"
"46","C12.through.C17","C12.through.C17","0.984375","Y"
"47","C18.and.up.or.bile.acid","C18.and.up.or.bile.acid","0.979381443298969","Y"
"48","C2.through.C5","C2.through.C5","1","Y"
"49","C2.through.C5","C2.through.C5","1","Y"
"50","aryl.and.biaryl.derivatives","aryl.and.biaryl.derivatives","0.176165803108808","Y"
"51","C6.through.C11","C6.through.C11","0.284916201117318","Y"
"52","C2.through.C5","C2.through.C5","0.994350282485876","Y"
"53","C2.through.C5","C2.through.C5","0.620111731843575","Y"
"54","C2.through.C5","C2.through.C5","0.940594059405941","Y"
"55","C2.through.C5","C2.through.C5","0.934782608695652","Y"
"56","C12.through.C17","C12.through.C17","0.386892361111111","Y"
"57","C12.through.C17","C12.through.C17","0.728849407783418","Y"
"58","C12.through.C17","C18.and.up.or.bile.acid","0.27319587628866","N"
"59","C18.and.up.or.bile.acid","C12.through.C17","0.157068062827225","N"
"60","C2.through.C5","C2.through.C5","0.900552486187845","Y"
"61","C2.through.C5","C2.through.C5","0.782857142857143","Y"
"62","C2.through.C5","C2.through.C5","0.512562814070352","Y"
"63","C6.through.C11","C6.through.C11","0.878048780487805","Y"
"64","C6.through.C11","C6.through.C11","0.92972972972973","Y"
"65","C2.through.C5","C2.through.C5","0.989071038251366","Y"
"66","C2.through.C5","C2.through.C5","0.968911917098446","Y"
"67","C2.through.C5","C2.through.C5","0.931937172774869","Y"
"68","C2.through.C5","C2.through.C5","0.993939393939394","Y"
"69","C2.through.C5","C2.through.C5","0.87","Y"
"70","C2.through.C5","C2.through.C5","1","Y"
"71","C2.through.C5","C2.through.C5","0.623655913978495","Y"
"72","C2.through.C5","C2.through.C5","0.877777777777778","Y"
"73","C2.through.C5","C2.through.C5","0.770491803278688","Y"
"74","C2.through.C5","C18.and.up.or.bile.acid","0.518900343642612","N"
"75","C12.through.C17","C12.through.C17","0.932406692406692","Y"
"76","C12.through.C17","C12.through.C17","0.983783783783784","Y"
"77","C12.through.C17","C12.through.C17","0.98469387755102","Y"
"78","C18.and.up.or.bile.acid","C12.through.C17","0.514334750412595","N"
"79","C18.and.up.or.bile.acid","C18.and.up.or.bile.acid","0.513229124827063","Y"
"80","C18.and.up.or.bile.acid","C12.through.C17","0.502469628447282","N"
"81","C12.through.C17","C12.through.C17","0.920349907918969","Y"
"82","C12.through.C17","C12.through.C17","0.989528795811518","Y"
"83","C12.through.C17","C12.through.C17","1","Y"
"84","C6.through.C11","C6.through.C11","0.54532967032967","Y"
"85","C6.through.C11","C6.through.C11","0.486590038314176","Y"
"86","C12.through.C17","C6.through.C11","0.811827956989247","N"
"87","C6.through.C11","C6.through.C11","0.644444444444444","Y"
"88","C6.through.C11","C6.through.C11","0.479041916167665","Y"
"89","C6.through.C11","C6.through.C11","0.816666666666667","Y"
"90","C6.through.C11","C6.through.C11","0.838888888888889","Y"
"91","C2.through.C5","C2.through.C5","0.989130434782609","Y"
"92","C2.through.C5","C2.through.C5","0.990049751243781","Y"
"93","C2.through.C5","cinnamate.and.succinylbenzoate.derivatives","0.333333333333333","N"
"94","C12.through.C17","C12.through.C17","0.937426362297497","Y"
"95","aryl.and.biaryl.derivatives","aryl.and.biaryl.derivatives","0.875598086124402","Y"
"96","aryl.and.biaryl.derivatives","aryl.and.biaryl.derivatives","0.478609625668449","Y"
"97","C12.through.C17","C12.through.C17","0.25","Y"
"98","C12.through.C17","C12.through.C17","0.977653631284916","Y"
"99","C12.through.C17","C12.through.C17","0.948863636363636","Y"
"100","C18.and.up.or.bile.acid","C12.through.C17","0.195675675675676","N"
"101","aryl.and.biaryl.derivatives","aryl.and.biaryl.derivatives","0.947643979057592","Y"
"102","aryl.and.biaryl.derivatives","aryl.and.biaryl.derivatives","0.411764705882353","Y"
"103","C12.through.C17","C12.through.C17","0.906593406593407","Y"
"104","C2.through.C5","C2.through.C5","0.61875","Y"
"105","C18.and.up.or.bile.acid","C18.and.up.or.bile.acid","1","Y"
"106","C18.and.up.or.bile.acid","C18.and.up.or.bile.acid","1","Y"
"107","C2.through.C5","C2.through.C5","0.48","Y"
"108","C12.through.C17","cinnamate.and.succinylbenzoate.derivatives","0.17741935483871","N"
"109","C2.through.C5","polar.and.charged.aa","0.467032967032967","N"
"110","C18.and.up.or.bile.acid","C18.and.up.or.bile.acid","0.86046511627907","Y"
"111","C12.through.C17","C12.through.C17","0.977011494252874","Y"
"112","C12.through.C17","C12.through.C17","1","Y"
"113","C12.through.C17","C12.through.C17","0.906527682843472","Y"
"114","C12.through.C17","C12.through.C17","0.983870967741935","Y"
"115","C18.and.up.or.bile.acid","median.beta.hydroxyacid","0.258426966292135","N"
"116","C18.and.up.or.bile.acid","C18.and.up.or.bile.acid","0.661111111111111","Y"
"117","C12.through.C17","C12.through.C17","0.749611441798942","Y"
"118","C6.through.C11","C6.through.C11","0.858695652173913","Y"
"119","C2.through.C5","C2.through.C5","1","Y"
"120","C18.and.up.or.bile.acid","C18.and.up.or.bile.acid","0.909090909090909","Y"
"121","C2.through.C5","C2.through.C5","1","Y"
"122","C12.through.C17","C12.through.C17","0.842032967032967","Y"
"123","C18.and.up.or.bile.acid","C18.and.up.or.bile.acid","0.993939393939394","Y"
"124","C18.and.up.or.bile.acid","C18.and.up.or.bile.acid","0.983783783783784","Y"
"125","C18.and.up.or.bile.acid","C18.and.up.or.bile.acid","0.760233918128655","Y"
"126","C12.through.C17","cinnamate.and.succinylbenzoate.derivatives","0.272727272727273","N"
"127","C12.through.C17","C12.through.C17","0.809278350515464","Y"
"128","C18.and.up.or.bile.acid","C12.through.C17","0.434782608695652","N"
"129","C12.through.C17","C12.through.C17","1","Y"
"130","C18.and.up.or.bile.acid","C12.through.C17","0.859550561797753","N"
"131","C12.through.C17","C12.through.C17","0.994082840236686","Y"
"132","C12.through.C17","C12.through.C17","0.728682170542636","Y"
"133","C2.through.C5","C2.through.C5","0.974619289340102","Y"
"134","C12.through.C17","C12.through.C17","0.96045197740113","Y"
"135","C2.through.C5","C2.through.C5","0.954285714285714","Y"
"136","C18.and.up.or.bile.acid","C18.and.up.or.bile.acid","0.752577319587629","Y"
"137","C12.through.C17","C12.through.C17","0.994708994708995","Y"
"138","aryl.and.biaryl.derivatives","aryl.and.biaryl.derivatives","0.563186813186813","Y"
"139","C6.through.C11","C6.through.C11","0.885057471264368","Y"
"140","C12.through.C17","C12.through.C17","0.400273224043716","Y"
"141","aryl.and.biaryl.derivatives","aryl.and.biaryl.derivatives","0.805263157894737","Y"
"142","aryl.and.biaryl.derivatives","aryl.and.biaryl.derivatives","0.822335025380711","Y"
"143","C18.and.up.or.bile.acid","C12.through.C17","0.914141414141414","N"
"144","C12.through.C17","C18.and.up.or.bile.acid","0.65","N"
"145","C12.through.C17","C12.through.C17","0.845574387947269","Y"
"146","C18.and.up.or.bile.acid","C12.through.C17","0.825043630017452","N"
"147","C12.through.C17","C12.through.C17","0.620318352059925","Y"
"148","C12.through.C17","C12.through.C17","0.891713747645951","Y"
"149","C12.through.C17","C12.through.C17","0.894688644688645","Y"
"150","C12.through.C17","C12.through.C17","0.338177339901478","Y"
"151","C18.and.up.or.bile.acid","C18.and.up.or.bile.acid","0.270588235294118","Y"
"152","C18.and.up.or.bile.acid","C18.and.up.or.bile.acid","0.251396648044693","Y"
"153","C12.through.C17","C12.through.C17","0.724719101123595","Y"
"154","C12.through.C17","cinnamate.and.succinylbenzoate.derivatives","0.238709677419355","N"
"155","C12.through.C17","C12.through.C17","0.482815198618307","Y"
"156","C12.through.C17","C12.through.C17","0.789044943820225","Y"
"157","C12.through.C17","C12.through.C17","0.541057947900053","Y"
"158","C18.and.up.or.bile.acid","C12.through.C17","0.196428571428571","N"
"159","C2.through.C5","C2.through.C5","1","Y"
"160","C12.through.C17","C12.through.C17","0.72289156626506","Y"
"161","C6.through.C11","C12.through.C17","0.161676646706587","N"
"162","C6.through.C11","C6.through.C11","0.932291666666667","Y"
"163","C2.through.C5","C6.through.C11","0.442622950819672","N"
"164","C2.through.C5","C2.through.C5","0.595375722543353","Y"
"165","C2.through.C5","C2.through.C5","0.438271604938272","Y"
"166","C12.through.C17","C12.through.C17","0.519337016574586","Y"
"167","C2.through.C5","C2.through.C5","0.857142857142857","Y"
"168","C12.through.C17","C12.through.C17","0.457600732600733","Y"
"169","C12.through.C17","C12.through.C17","0.375","Y"
"170","C12.through.C17","C12.through.C17","0.463685083530444","Y"
"171","C12.through.C17","C12.through.C17","0.547331029185868","Y"
"172","C12.through.C17","C12.through.C17","0.223033707865169","Y"
"173","C12.through.C17","C12.through.C17","0.334248120300752","Y"
"174","C12.through.C17","cinnamate.and.succinylbenzoate.derivatives","0.344086021505376","N"
"175","luciferin","luciferin","1","Y"
"176","luciferin","luciferin","0.994949494949495","Y"
"177","luciferin","luciferin","0.983870967741935","Y"
"178","C6.through.C11","bulky.mainly.phenyl.derivatives.aa","0.622942386831276","N"
"179","C6.through.C11","bulky.mainly.phenyl.derivatives.aa","0.343112244897959","N"
"180","aryl.and.biaryl.derivatives","aryl.and.biaryl.derivatives","0.801736111111111","Y"
"181","C12.through.C17","C12.through.C17","0.4125","Y"
"182","cinnamate.and.succinylbenzoate.derivatives","cinnamate.and.succinylbenzoate.derivatives","0.631284916201117","Y"
"183","cinnamate.and.succinylbenzoate.derivatives","cinnamate.and.succinylbenzoate.derivatives","0.693181818181818","Y"
"184","cinnamate.and.succinylbenzoate.derivatives","cinnamate.and.succinylbenzoate.derivatives","0.324175824175824","Y"
"185","cinnamate.and.succinylbenzoate.derivatives","cinnamate.and.succinylbenzoate.derivatives","0.46195652173913","Y"
"186","median.beta.hydroxyacid","median.beta.hydroxyacid","0.63681592039801","Y"
"187","median.beta.hydroxyacid","median.beta.hydroxyacid","1","Y"
"188","median.beta.hydroxyacid","median.beta.hydroxyacid","1","Y"
"189","median.beta.hydroxyacid","median.beta.hydroxyacid","1","Y"
"190","median.beta.hydroxyacid","median.beta.hydroxyacid","1","Y"
"191","median.beta.hydroxyacid","median.beta.hydroxyacid","0.994736842105263","Y"
"192","median.beta.hydroxyacid","median.beta.hydroxyacid","1","Y"
"193","median.beta.hydroxyacid","median.beta.hydroxyacid","0.987951807228916","Y"
"194","median.beta.hydroxyacid","median.beta.hydroxyacid","0.483695652173913","Y"
"195","median.beta.hydroxyacid","median.beta.hydroxyacid","0.989304812834225","Y"
"196","median.beta.hydroxyacid","median.beta.hydroxyacid","1","Y"
"197","median.beta.hydroxyacid","median.beta.hydroxyacid","1","Y"
"198","median.beta.hydroxyacid","median.beta.hydroxyacid","0.988888888888889","Y"
"199","median.beta.hydroxyacid","median.beta.hydroxyacid","1","Y"
"200","median.beta.hydroxyacid","median.beta.hydroxyacid","0.979899497487437","Y"
"201","median.beta.hydroxyacid","median.beta.hydroxyacid","0.973821989528796","Y"
"202","median.beta.hydroxyacid","median.beta.hydroxyacid","0.743016759776536","Y"
"203","median.beta.hydroxyacid","median.beta.hydroxyacid","0.905027932960894","Y"
"204","median.beta.hydroxyacid","median.beta.hydroxyacid","0.596685082872928","Y"
"205","median.beta.hydroxyacid","median.beta.hydroxyacid","0.926380368098159","Y"
"206","median.beta.hydroxyacid","median.beta.hydroxyacid","1","Y"
"207","median.beta.hydroxyacid","median.beta.hydroxyacid","1","Y"
"208","median.beta.hydroxyacid","median.beta.hydroxyacid","0.96195652173913","Y"
"209","median.beta.hydroxyacid","median.beta.hydroxyacid","0.969879518072289","Y"
"210","median.beta.hydroxyacid","median.beta.hydroxyacid","1","Y"
"211","median.beta.hydroxyacid","median.beta.hydroxyacid","1","Y"
"212","median.beta.hydroxyacid","median.beta.hydroxyacid","0.994623655913978","Y"
"213","median.beta.hydroxyacid","median.beta.hydroxyacid","0.994082840236686","Y"
"214","median.beta.hydroxyacid","median.beta.hydroxyacid","1","Y"
"215","median.beta.hydroxyacid","median.beta.hydroxyacid","1","Y"
"216","median.beta.hydroxyacid","median.beta.hydroxyacid","0.990049751243781","Y"
"217","median.beta.hydroxyacid","median.beta.hydroxyacid","1","Y"
"218","median.beta.hydroxyacid","median.beta.hydroxyacid","0.542682926829268","Y"
"219","median.beta.hydroxyacid","median.beta.hydroxyacid","1","Y"
"220","median.beta.hydroxyacid","median.beta.hydroxyacid","1","Y"
"221","median.beta.hydroxyacid","median.beta.hydroxyacid","1","Y"
"222","median.beta.hydroxyacid","median.beta.hydroxyacid","1","Y"
"223","median.beta.hydroxyacid","median.beta.hydroxyacid","0.988372093023256","Y"
"224","median.beta.hydroxyacid","median.beta.hydroxyacid","1","Y"
"225","median.beta.hydroxyacid","median.beta.hydroxyacid","1","Y"
"226","median.beta.hydroxyacid","median.beta.hydroxyacid","1","Y"
"227","median.beta.hydroxyacid","median.beta.hydroxyacid","0.990049751243781","Y"
"228","median.beta.hydroxyacid","median.beta.hydroxyacid","1","Y"
"229","median.beta.hydroxyacid","median.beta.hydroxyacid","1","Y"
"230","median.beta.hydroxyacid","median.beta.hydroxyacid","1","Y"
"231","median.beta.hydroxyacid","median.beta.hydroxyacid","0.578378378378378","Y"
"232","median.beta.hydroxyacid","median.beta.hydroxyacid","1","Y"
"233","median.beta.hydroxyacid","median.beta.hydroxyacid","1","Y"
"234","median.beta.hydroxyacid","median.beta.hydroxyacid","1","Y"
"235","median.beta.hydroxyacid","median.beta.hydroxyacid","1","Y"
"236","median.beta.hydroxyacid","median.beta.hydroxyacid","0.995121951219512","Y"
"237","median.beta.hydroxyacid","median.beta.hydroxyacid","0.923076923076923","Y"
"238","median.beta.hydroxyacid","median.beta.hydroxyacid","0.923913043478261","Y"
"239","median.beta.hydroxyacid","median.beta.hydroxyacid","0.979695431472081","Y"
"240","median.beta.hydroxyacid","median.beta.hydroxyacid","0.514450867052023","Y"
"241","median.beta.hydroxyacid","median.beta.hydroxyacid","0.963541666666667","Y"
"242","median.beta.hydroxyacid","median.beta.hydroxyacid","0.855614973262032","Y"
"243","median.beta.hydroxyacid","median.beta.hydroxyacid","0.923497267759563","Y"
"244","median.beta.hydroxyacid","median.beta.hydroxyacid","0.989247311827957","Y"
"245","median.beta.hydroxyacid","median.beta.hydroxyacid","0.357894736842105","Y"
"246","luciferin","luciferin","1","Y"
"247","luciferin","luciferin","0.99390243902439","Y"
"248","luciferin","luciferin","0.582417582417582","Y"
"249","luciferin","luciferin","0.676300578034682","Y"
"250","luciferin","luciferin","0.994047619047619","Y"
"251","luciferin","luciferin","1","Y"
"252","luciferin","luciferin","1","Y"
"253","luciferin","luciferin","0.994623655913978","Y"
"254","luciferin","luciferin","0.505154639175258","Y"
"255","luciferin","luciferin","0.595","Y"
"256","luciferin","cinnamate.and.succinylbenzoate.derivatives","0.355805243445693","N"
"257","luciferin","luciferin","0.886138613861386","Y"
"258","luciferin","luciferin","0.573033707865168","Y"
"259","luciferin","luciferin","0.703703703703704","Y"
"260","luciferin","luciferin","0.890173410404624","Y"
"261","luciferin","luciferin","0.869318181818182","Y"
"262","luciferin","luciferin","1","Y"
"263","luciferin","luciferin","1","Y"
"264","luciferin","luciferin","1","Y"
"265","luciferin","luciferin","0.994350282485876","Y"
"266","luciferin","luciferin","0.502645502645503","Y"
"267","luciferin","luciferin","0.75","Y"
"268","luciferin","luciferin","0.656862745098039","Y"
"269","luciferin","luciferin","0.936416184971098","Y"
"270","luciferin","luciferin","0.918478260869565","Y"
"271","luciferin","luciferin","0.51","Y"
"272","luciferin","cinnamate.and.succinylbenzoate.derivatives","0.410810810810811","N"
"273","luciferin","luciferin","0.862068965517241","Y"
"274","luciferin","luciferin","0.715846994535519","Y"
"275","luciferin","luciferin","0.335483870967742","Y"
"276","luciferin","luciferin","1","Y"
"277","luciferin","luciferin","0.585635359116022","Y"
"278","luciferin","C12.through.C17","0.240227434257285","N"
"279","luciferin","luciferin","0.382198952879581","Y"
"280","luciferin","luciferin","0.709497206703911","Y"
"281","luciferin","luciferin","0.423913043478261","Y"
"282","aryl.and.biaryl.derivatives","aryl.and.biaryl.derivatives","0.757751937984496","Y"
"283","C12.through.C17","C2.through.C5","0.313829787234043","N"
"284","C12.through.C17","C18.and.up.or.bile.acid","0.213882163034705","N"
"285","C12.through.C17","cinnamate.and.succinylbenzoate.derivatives","0.196078431372549","N"
"286","C12.through.C17","median.beta.hydroxyacid","0.186868686868687","N"
"287","C12.through.C17","cinnamate.and.succinylbenzoate.derivatives","0.275100401606426","N"
"288","C12.through.C17","cinnamate.and.succinylbenzoate.derivatives","0.333333333333333","N"
"289","C12.through.C17","cinnamate.and.succinylbenzoate.derivatives","0.240223463687151","N"
"290","C6.through.C11","cinnamate.and.succinylbenzoate.derivatives","0.226315789473684","N"
"291","C12.through.C17","C12.through.C17","0.752916666666667","Y"
"292","C12.through.C17","aryl.and.biaryl.derivatives","0.184210526315789","N"
"293","C12.through.C17","cinnamate.and.succinylbenzoate.derivatives","0.216494845360825","N"
"294","aryl.and.biaryl.derivatives","aryl.and.biaryl.derivatives","0.869822485207101","Y"
"295","aryl.and.biaryl.derivatives","aryl.and.biaryl.derivatives","0.879781420765027","Y"
"296","aryl.and.biaryl.derivatives","aryl.and.biaryl.derivatives","0.305208333333333","Y"
"297","aryl.and.biaryl.derivatives","aryl.and.biaryl.derivatives","0.489010989010989","Y"
"298","aryl.and.biaryl.derivatives","luciferin","0.161616161616162","N"
"299","C18.and.up.or.bile.acid","C18.and.up.or.bile.acid","0.988165680473373","Y"
"300","aryl.and.biaryl.derivatives","aryl.and.biaryl.derivatives","0.953271028037383","Y"
"301","C2.through.C5","C2.through.C5","0.254335260115607","Y"
"302","C12.through.C17","C12.through.C17","0.901835317460318","Y"
"303","C12.through.C17","C18.and.up.or.bile.acid","0.724094029094029","N"
"304","C12.through.C17","C18.and.up.or.bile.acid","0.186567164179104","N"
"305","C12.through.C17","C12.through.C17","0.265104166666667","Y"
"306","C12.through.C17","C12.through.C17","1","Y"
"307","luciferin","luciferin","1","Y"
"308","C12.through.C17","C12.through.C17","0.703517587939699","Y"
"309","C2.through.C5","C2.through.C5","1","Y"
"310","C18.and.up.or.bile.acid","C18.and.up.or.bile.acid","0.997093023255814","Y"
"311","aryl.and.biaryl.derivatives","aryl.and.biaryl.derivatives","0.895953757225434","Y"
"312","C2.through.C5","C2.through.C5","0.313218390804598","Y"
"313","C12.through.C17","C12.through.C17","0.634408602150538","Y"
"314","C12.through.C17","C12.through.C17","0.636363636363636","Y"
"315","aryl.and.biaryl.derivatives","aryl.and.biaryl.derivatives","0.314606741573034","Y"
"316","C12.through.C17","C12.through.C17","1","Y"
"317","C12.through.C17","C12.through.C17","0.982558139534884","Y"
"318","cinnamate.and.succinylbenzoate.derivatives","cinnamate.and.succinylbenzoate.derivatives","0.955307262569832","Y"
"319","luciferin","luciferin","0.459302325581395","Y"
"320","C18.and.up.or.bile.acid","C18.and.up.or.bile.acid","0.855421686746988","Y"
"321","C18.and.up.or.bile.acid","C18.and.up.or.bile.acid","0.994047619047619","Y"
"322","C18.and.up.or.bile.acid","C18.and.up.or.bile.acid","0.99738219895288","Y"
"323","C18.and.up.or.bile.acid","C18.and.up.or.bile.acid","0.979166666666667","Y"
"324","C18.and.up.or.bile.acid","C18.and.up.or.bile.acid","1","Y"
"325","C18.and.up.or.bile.acid","C18.and.up.or.bile.acid","0.728205128205128","Y"
"326","C18.and.up.or.bile.acid","C18.and.up.or.bile.acid","0.788359788359788","Y"
"327","C18.and.up.or.bile.acid","C18.and.up.or.bile.acid","0.816216216216216","Y"
"328","C18.and.up.or.bile.acid","C18.and.up.or.bile.acid","0.870056497175141","Y"
"329","C2.through.C5","C2.through.C5","0.301675977653631","Y"
"330","C6.through.C11","small.hydrophobic.aa","0.177664974619289","N"
"331","C2.through.C5","C2.through.C5","0.376404494382022","Y"
"332","C2.through.C5","C18.and.up.or.bile.acid","0.207865168539326","N"
"333","aryl.and.biaryl.derivatives","small.hydrophilic.aa","0.512591598345788","N"
"334","aryl.and.biaryl.derivatives","aryl.and.biaryl.derivatives","0.927532228360958","Y"
"335","aryl.and.biaryl.derivatives","aryl.and.biaryl.derivatives","0.696428571428571","Y"
"336","aryl.and.biaryl.derivatives","aryl.and.biaryl.derivatives","0.273088023088023","Y"
"337","cinnamate.and.succinylbenzoate.derivatives","C12.through.C17","0.19047619047619","N"
"338","aryl.and.biaryl.derivatives","aryl.and.biaryl.derivatives","0.582010582010582","Y"
"339","C2.through.C5","cinnamate.and.succinylbenzoate.derivatives","0.271276595744681","N"
"340","aryl.and.biaryl.derivatives","aryl.and.biaryl.derivatives","0.37037037037037","Y"
"341","aryl.and.biaryl.derivatives","aryl.and.biaryl.derivatives","0.562189054726368","Y"
"342","C6.through.C11","C6.through.C11","0.899441340782123","Y"
"343","C6.through.C11","C6.through.C11","0.745945945945946","Y"
"344","C12.through.C17","C12.through.C17","0.487113402061856","Y"
"345","C2.through.C5","C12.through.C17","0.339181286549708","N"
"346","C2.through.C5","C12.through.C17","0.61379781420765","N"
"347","C12.through.C17","C12.through.C17","0.752688172043011","Y"
"348","C12.through.C17","C12.through.C17","0.52046783625731","Y"
"349","aryl.and.biaryl.derivatives","aryl.and.biaryl.derivatives","0.847939068100358","Y"
"350","aryl.and.biaryl.derivatives","aryl.and.biaryl.derivatives","0.900781053162006","Y"
"351","aryl.and.biaryl.derivatives","aryl.and.biaryl.derivatives","0.723044217687075","Y"
"352","aryl.and.biaryl.derivatives","aryl.and.biaryl.derivatives","0.596560846560847","Y"
"353","aryl.and.biaryl.derivatives","aryl.and.biaryl.derivatives","0.235632183908046","Y"
"354","C6.through.C11","C12.through.C17","0.593404634581105","N"
"355","C6.through.C11","cinnamate.and.succinylbenzoate.derivatives","0.235632183908046","N"
"356","C6.through.C11","C6.through.C11","0.67032967032967","Y"
"357","C6.through.C11","C6.through.C11","0.63855421686747","Y"
"358","C2.through.C5","C12.through.C17","0.170454545454545","N"
"359","cinnamate.and.succinylbenzoate.derivatives","cinnamate.and.succinylbenzoate.derivatives","0.221621621621622","Y"
"360","C12.through.C17","C12.through.C17","0.675724637681159","Y"
"361","C12.through.C17","C12.through.C17","0.690015785319653","Y"
"362","aryl.and.biaryl.derivatives","small.hydrophobic.aa","0.1183970856102","N"
"363","C12.through.C17","C12.through.C17","0.557692307692308","Y"
"364","C12.through.C17","C12.through.C17","0.357784431137725","Y"
"365","aryl.and.biaryl.derivatives","aryl.and.biaryl.derivatives","0.824950690335306","Y"
"366","aryl.and.biaryl.derivatives","aryl.and.biaryl.derivatives","0.321285140562249","Y"
"367","cinnamate.and.succinylbenzoate.derivatives","aryl.and.biaryl.derivatives","0.594117647058824","N"
"368","aryl.and.biaryl.derivatives","aryl.and.biaryl.derivatives","0.764051125782969","Y"
"369","aryl.and.biaryl.derivatives","aryl.and.biaryl.derivatives","0.86019882179676","Y"
"370","aryl.and.biaryl.derivatives","aryl.and.biaryl.derivatives","0.597113594040969","Y"
"371","aryl.and.biaryl.derivatives","aryl.and.biaryl.derivatives","0.936079545454545","Y"
"372","aryl.and.biaryl.derivatives","aryl.and.biaryl.derivatives","0.634212178279975","Y"
"373","aryl.and.biaryl.derivatives","small.hydrophilic.aa","0.725574712643678","N"
"374","aryl.and.biaryl.derivatives","aryl.and.biaryl.derivatives","0.564798527773211","Y"
"375","aryl.and.biaryl.derivatives","aryl.and.biaryl.derivatives","0.814583333333333","Y"
"376","aryl.and.biaryl.derivatives","aryl.and.biaryl.derivatives","0.64747191011236","Y"
"377","aryl.and.biaryl.derivatives","aryl.and.biaryl.derivatives","0.671528638865322","Y"
"378","C2.through.C5","C12.through.C17","0.724285714285714","N"
"379","C6.through.C11","cinnamate.and.succinylbenzoate.derivatives","0.353403141361257","N"
"380","aryl.and.biaryl.derivatives","aryl.and.biaryl.derivatives","0.194818652849741","Y"
"381","aryl.and.biaryl.derivatives","cinnamate.and.succinylbenzoate.derivatives","0.251428571428571","N"
"382","aryl.and.biaryl.derivatives","aryl.and.biaryl.derivatives","0.802884615384615","Y"
"383","aryl.and.biaryl.derivatives","aryl.and.biaryl.derivatives","0.483809523809524","Y"
"384","aryl.and.biaryl.derivatives","aryl.and.biaryl.derivatives","0.907017543859649","Y"
"385","aryl.and.biaryl.derivatives","aryl.and.biaryl.derivatives","0.920833333333333","Y"
"386","aryl.and.biaryl.derivatives","aryl.and.biaryl.derivatives","0.937598736176935","Y"
"387","aryl.and.biaryl.derivatives","aryl.and.biaryl.derivatives","0.175141242937853","Y"
"388","aryl.and.biaryl.derivatives","C12.through.C17","0.241573033707865","N"
"389","cinnamate.and.succinylbenzoate.derivatives","aryl.and.biaryl.derivatives","0.185792349726776","N"
"390","C12.through.C17","cinnamate.and.succinylbenzoate.derivatives","0.336787564766839","N"
"391","aryl.and.biaryl.derivatives","small.hydrophilic.aa","0.24537037037037","N"
"392","aryl.and.biaryl.derivatives","aryl.and.biaryl.derivatives","0.821693121693122","Y"
"393","C6.through.C11","C12.through.C17","0.180952380952381","N"
"394","C6.through.C11","C12.through.C17","0.262923351158645","N"
"395","C6.through.C11","C12.through.C17","0.348731884057971","N"
"396","C6.through.C11","cinnamate.and.succinylbenzoate.derivatives","0.320652173913043","N"
"397","C2.through.C5","cinnamate.and.succinylbenzoate.derivatives","0.264044943820225","N"
"398","C2.through.C5","bulky.mainly.phenyl.derivatives.aa","0.211413043478261","N"
"399","C2.through.C5","C2.through.C5","0.752873563218391","Y"
"400","cinnamate.and.succinylbenzoate.derivatives","cinnamate.and.succinylbenzoate.derivatives","0.257317073170732","Y"
"401","aryl.and.biaryl.derivatives","cinnamate.and.succinylbenzoate.derivatives","0.664670658682635","N"
"402","aryl.and.biaryl.derivatives","bulky.mainly.phenyl.derivatives.aa","0.164102564102564","N"
"403","aryl.and.biaryl.derivatives","aryl.and.biaryl.derivatives","0.38375","Y"
"404","C12.through.C17","cinnamate.and.succinylbenzoate.derivatives","0.246987951807229","N"
"405","C12.through.C17","C12.through.C17","0.482352941176471","Y"
"406","cinnamate.and.succinylbenzoate.derivatives","aryl.and.biaryl.derivatives","0.343195266272189","N"
"407","C6.through.C11","C6.through.C11","0.709497206703911","Y"
"408","C6.through.C11","C12.through.C17","0.199712643678161","N"
"409","C6.through.C11","C6.through.C11","0.892215568862275","Y"
"410","C6.through.C11","C6.through.C11","0.725888324873096","Y"
"411","C6.through.C11","C6.through.C11","0.698795180722892","Y"
"412","C12.through.C17","C6.through.C11","0.181347150259067","N"
"413","cinnamate.and.succinylbenzoate.derivatives","cinnamate.and.succinylbenzoate.derivatives","0.227777777777778","Y"
"414","C6.through.C11","cinnamate.and.succinylbenzoate.derivatives","0.235632183908046","N"
"415","C6.through.C11","C12.through.C17","0.607541899441341","N"
"416","C6.through.C11","C6.through.C11","0.5","Y"
"417","C6.through.C11","C6.through.C11","0.535911602209945","Y"
"418","C18.and.up.or.bile.acid","C18.and.up.or.bile.acid","0.666666666666667","Y"
"419","C2.through.C5","cinnamate.and.succinylbenzoate.derivatives","0.359756097560976","N"
"420","median.beta.hydroxyacid","median.beta.hydroxyacid","1","Y"
"421","cinnamate.and.succinylbenzoate.derivatives","cinnamate.and.succinylbenzoate.derivatives","0.289156626506024","Y"
"422","cinnamate.and.succinylbenzoate.derivatives","cinnamate.and.succinylbenzoate.derivatives","0.277227722772277","Y"
"423","C12.through.C17","C12.through.C17","0.219653179190751","Y"
"424","cinnamate.and.succinylbenzoate.derivatives","cinnamate.and.succinylbenzoate.derivatives","0.74468085106383","Y"
"425","C6.through.C11","C12.through.C17","0.407118055555556","N"
"426","aryl.and.biaryl.derivatives","cinnamate.and.succinylbenzoate.derivatives","0.316666666666667","N"
"427","aryl.and.biaryl.derivatives","aryl.and.biaryl.derivatives","0.291005291005291","Y"
"428","aryl.and.biaryl.derivatives","aryl.and.biaryl.derivatives","0.456852791878173","Y"
"429","aryl.and.biaryl.derivatives","C2.through.C5","0.158894645941278","N"
"430","aryl.and.biaryl.derivatives","bulky.mainly.phenyl.derivatives.aa","0.213114754098361","N"
"431","aryl.and.biaryl.derivatives","aryl.and.biaryl.derivatives","0.156976744186047","Y"
"432","cinnamate.and.succinylbenzoate.derivatives","C2.through.C5","0.268817204301075","N"
"433","aryl.and.biaryl.derivatives","aryl.and.biaryl.derivatives","0.654096834264432","Y"
"434","aryl.and.biaryl.derivatives","aryl.and.biaryl.derivatives","0.742714025500911","Y"
"435","aryl.and.biaryl.derivatives","aryl.and.biaryl.derivatives","0.657448789571695","Y"
"436","aryl.and.biaryl.derivatives","aryl.and.biaryl.derivatives","0.601123595505618","Y"
"437","aryl.and.biaryl.derivatives","small.hydrophilic.aa","0.611284722222222","N"
"438","C18.and.up.or.bile.acid","C6.through.C11","0.636871508379888","N"
"439","C12.through.C17","C12.through.C17","0.181318681318681","Y"
"440","C12.through.C17","cinnamate.and.succinylbenzoate.derivatives","0.183673469387755","N"
"441","cinnamate.and.succinylbenzoate.derivatives","cinnamate.and.succinylbenzoate.derivatives","0.861702127659574","Y"
"442","cinnamate.and.succinylbenzoate.derivatives","cinnamate.and.succinylbenzoate.derivatives","0.571428571428571","Y"
"443","cinnamate.and.succinylbenzoate.derivatives","cinnamate.and.succinylbenzoate.derivatives","0.730994152046784","Y"
"444","cinnamate.and.succinylbenzoate.derivatives","cinnamate.and.succinylbenzoate.derivatives","0.535211267605634","Y"
"445","cinnamate.and.succinylbenzoate.derivatives","cinnamate.and.succinylbenzoate.derivatives","0.462745098039216","Y"
"446","cinnamate.and.succinylbenzoate.derivatives","cinnamate.and.succinylbenzoate.derivatives","0.538922155688623","Y"
"447","cinnamate.and.succinylbenzoate.derivatives","cinnamate.and.succinylbenzoate.derivatives","0.425641025641026","Y"
"448","cinnamate.and.succinylbenzoate.derivatives","cinnamate.and.succinylbenzoate.derivatives","0.311224489795918","Y"
"449","cinnamate.and.succinylbenzoate.derivatives","cinnamate.and.succinylbenzoate.derivatives","0.846938775510204","Y"
"450","cinnamate.and.succinylbenzoate.derivatives","cinnamate.and.succinylbenzoate.derivatives","0.442528735632184","Y"
"451","cinnamate.and.succinylbenzoate.derivatives","C12.through.C17","0.179190751445087","N"
"452","cinnamate.and.succinylbenzoate.derivatives","cinnamate.and.succinylbenzoate.derivatives","0.988439306358382","Y"
"453","cinnamate.and.succinylbenzoate.derivatives","cinnamate.and.succinylbenzoate.derivatives","0.57396449704142","Y"
"454","cinnamate.and.succinylbenzoate.derivatives","cinnamate.and.succinylbenzoate.derivatives","0.684210526315789","Y"
"455","cinnamate.and.succinylbenzoate.derivatives","cinnamate.and.succinylbenzoate.derivatives","0.963917525773196","Y"
"456","cinnamate.and.succinylbenzoate.derivatives","cinnamate.and.succinylbenzoate.derivatives","0.393617021276596","Y"
"457","cinnamate.and.succinylbenzoate.derivatives","cinnamate.and.succinylbenzoate.derivatives","1","Y"
"458","cinnamate.and.succinylbenzoate.derivatives","C2.through.C5","0.510526315789474","N"
"459","cinnamate.and.succinylbenzoate.derivatives","cinnamate.and.succinylbenzoate.derivatives","0.866666666666667","Y"
"460","cinnamate.and.succinylbenzoate.derivatives","median.beta.hydroxyacid","0.189189189189189","N"
"461","cinnamate.and.succinylbenzoate.derivatives","cinnamate.and.succinylbenzoate.derivatives","0.642458100558659","Y"
"462","cinnamate.and.succinylbenzoate.derivatives","C2.through.C5","0.314606741573034","N"
"463","cinnamate.and.succinylbenzoate.derivatives","cinnamate.and.succinylbenzoate.derivatives","1","Y"
"464","cinnamate.and.succinylbenzoate.derivatives","cinnamate.and.succinylbenzoate.derivatives","0.683333333333333","Y"
"465","cinnamate.and.succinylbenzoate.derivatives","cinnamate.and.succinylbenzoate.derivatives","0.729032258064516","Y"
"466","cinnamate.and.succinylbenzoate.derivatives","cinnamate.and.succinylbenzoate.derivatives","0.496710526315789","Y"
"467","cinnamate.and.succinylbenzoate.derivatives","cinnamate.and.succinylbenzoate.derivatives","0.204301075268817","Y"
"468","cinnamate.and.succinylbenzoate.derivatives","cinnamate.and.succinylbenzoate.derivatives","0.325714285714286","Y"
"469","cinnamate.and.succinylbenzoate.derivatives","cinnamate.and.succinylbenzoate.derivatives","0.340540540540541","Y"
"470","cinnamate.and.succinylbenzoate.derivatives","C6.through.C11","0.184210526315789","N"
"471","cinnamate.and.succinylbenzoate.derivatives","aryl.and.biaryl.derivatives","0.24559585492228","N"
"472","cinnamate.and.succinylbenzoate.derivatives","aryl.and.biaryl.derivatives","0.303980099502488","N"
"473","cinnamate.and.succinylbenzoate.derivatives","cinnamate.and.succinylbenzoate.derivatives","0.252808988764045","Y"
"474","cinnamate.and.succinylbenzoate.derivatives","cinnamate.and.succinylbenzoate.derivatives","0.51","Y"
"475","cinnamate.and.succinylbenzoate.derivatives","cinnamate.and.succinylbenzoate.derivatives","0.425","Y"
"476","cinnamate.and.succinylbenzoate.derivatives","median.beta.hydroxyacid","0.39572192513369","N"
"477","cinnamate.and.succinylbenzoate.derivatives","cinnamate.and.succinylbenzoate.derivatives","0.989130434782609","Y"
"478","cinnamate.and.succinylbenzoate.derivatives","cinnamate.and.succinylbenzoate.derivatives","0.347368421052632","Y"
"479","cinnamate.and.succinylbenzoate.derivatives","cinnamate.and.succinylbenzoate.derivatives","0.742268041237113","Y"
"480","cinnamate.and.succinylbenzoate.derivatives","cinnamate.and.succinylbenzoate.derivatives","0.575757575757576","Y"
"481","cinnamate.and.succinylbenzoate.derivatives","cinnamate.and.succinylbenzoate.derivatives","0.797619047619048","Y"
"482","cinnamate.and.succinylbenzoate.derivatives","cinnamate.and.succinylbenzoate.derivatives","0.641176470588235","Y"
"483","cinnamate.and.succinylbenzoate.derivatives","cinnamate.and.succinylbenzoate.derivatives","0.556756756756757","Y"
"484","cinnamate.and.succinylbenzoate.derivatives","cinnamate.and.succinylbenzoate.derivatives","0.421428571428571","Y"
"485","cinnamate.and.succinylbenzoate.derivatives","cinnamate.and.succinylbenzoate.derivatives","0.868131868131868","Y"
"486","cinnamate.and.succinylbenzoate.derivatives","cinnamate.and.succinylbenzoate.derivatives","0.988700564971751","Y"
"487","cinnamate.and.succinylbenzoate.derivatives","cinnamate.and.succinylbenzoate.derivatives","0.398963730569948","Y"
"488","cysteine.aa","cysteine.aa","0.96875","Y"
"489","small.hydrophilic.aa","small.hydrophilic.aa","0.994764397905759","Y"
"490","small.hydrophobic.aa","small.hydrophobic.aa","1","Y"
"491","small.hydrophobic.aa","small.hydrophobic.aa","1","Y"
"492","small.hydrophilic.aa","small.hydrophilic.aa","1","Y"
"493","small.hydrophilic.aa","small.hydrophilic.aa","0.994623655913978","Y"
"494","cyclic.aliphatic.aa","cyclic.aliphatic.aa","0.923469387755102","Y"
"495","small.hydrophobic.aa","small.hydrophobic.aa","1","Y"
"496","small.hydrophilic.aa","small.hydrophilic.aa","0.995073891625616","Y"
"497","small.hydrophobic.aa","small.hydrophobic.aa","0.945652173913043","Y"
"498","bulky.mainly.phenyl.derivatives.aa","bulky.mainly.phenyl.derivatives.aa","1","Y"
"499","bulky.mainly.phenyl.derivatives.aa","bulky.mainly.phenyl.derivatives.aa","0.982558139534884","Y"
"500","small.hydrophobic.aa","small.hydrophobic.aa","0.656565656565657","Y"
"501","bulky.mainly.phenyl.derivatives.aa","bulky.mainly.phenyl.derivatives.aa","0.935672514619883","Y"
"502","cysteine.aa","cysteine.aa","0.994594594594595","Y"
"503","small.hydrophobic.aa","small.hydrophobic.aa","0.93491124260355","Y"
"504","small.hydrophilic.aa","small.hydrophilic.aa","0.82183908045977","Y"
"505","small.hydrophilic.aa","small.hydrophilic.aa","0.841025641025641","Y"
"506","polar.and.charged.aa","polar.and.charged.aa","0.887096774193548","Y"
"507","small.hydrophilic.aa","small.hydrophilic.aa","0.945652173913043","Y"
"508","tiny.aa","tiny.aa","0.963730569948187","Y"
"509","polar.and.charged.aa","polar.and.charged.aa","0.995504174694926","Y"
"510","polar.and.charged.aa","polar.and.charged.aa","0.784615384615385","Y"
"511","polar.and.charged.aa","polar.and.charged.aa","0.412698412698413","Y"
"512","polar.and.charged.aa","polar.and.charged.aa","0.769230769230769","Y"
"513","small.hydrophilic.aa","small.hydrophilic.aa","0.977142857142857","Y"
"514","tiny.aa","tiny.aa","0.994011976047904","Y"
"515","bulky.mainly.phenyl.derivatives.aa","bulky.mainly.phenyl.derivatives.aa","0.810055865921788","Y"
"516","cysteine.aa","cysteine.aa","0.969387755102041","Y"
"517","small.hydrophobic.aa","small.hydrophobic.aa","0.853535353535353","Y"
"518","small.hydrophilic.aa","small.hydrophilic.aa","0.913294797687861","Y"
"519","polar.and.charged.aa","polar.and.charged.aa","0.696132596685083","Y"
"520","polar.and.charged.aa","polar.and.charged.aa","0.974683544303797","Y"
"521","polar.and.charged.aa","polar.and.charged.aa","0.9958645443196","Y"
"522","polar.and.charged.aa","polar.and.charged.aa","0.978947368421053","Y"
"523","polar.and.charged.aa","polar.and.charged.aa","0.641176470588235","Y"
"524","small.hydrophobic.aa","small.hydrophobic.aa","0.902564102564103","Y"
"525","tiny.aa","tiny.aa","0.994219653179191","Y"
"526","small.hydrophilic.aa","small.hydrophilic.aa","0.619565217391304","Y"
"527","small.hydrophobic.aa","small.hydrophobic.aa","0.979259259259259","Y"
"528","small.hydrophilic.aa","small.hydrophilic.aa","0.798850574712644","Y"
"529","small.hydrophobic.aa","small.hydrophobic.aa","1","Y"
"530","bulky.mainly.phenyl.derivatives.aa","bulky.mainly.phenyl.derivatives.aa","1","Y"
"531","bulky.mainly.phenyl.derivatives.aa","bulky.mainly.phenyl.derivatives.aa","0.963414634146341","Y"
"532","cyclic.aliphatic.aa","cyclic.aliphatic.aa","0.83","Y"
"533","bulky.mainly.phenyl.derivatives.aa","bulky.mainly.phenyl.derivatives.aa","0.533333333333333","Y"
"534","small.hydrophilic.aa","small.hydrophilic.aa","0.912087912087912","Y"
"535","small.hydrophilic.aa","small.hydrophilic.aa","0.993975903614458","Y"
"536","small.hydrophilic.aa","small.hydrophilic.aa","0.995260663507109","Y"
"537","small.hydrophilic.aa","small.hydrophilic.aa","1","Y"
"538","small.hydrophilic.aa","small.hydrophilic.aa","1","Y"
"539","polar.and.charged.aa","polar.and.charged.aa","1","Y"
"540","small.hydrophilic.aa","small.hydrophilic.aa","1","Y"
"541","small.hydrophilic.aa","small.hydrophilic.aa","0.995215311004785","Y"
"542","polar.and.charged.aa","polar.and.charged.aa","0.989949748743719","Y"
"543","polar.and.charged.aa","polar.and.charged.aa","0.990049751243781","Y"
"544","bulky.mainly.phenyl.derivatives.aa","bulky.mainly.phenyl.derivatives.aa","0.472938144329897","Y"
"545","bulky.mainly.phenyl.derivatives.aa","bulky.mainly.phenyl.derivatives.aa","0.983333333333333","Y"
"546","bulky.mainly.phenyl.derivatives.aa","bulky.mainly.phenyl.derivatives.aa","0.984126984126984","Y"
"547","bulky.mainly.phenyl.derivatives.aa","bulky.mainly.phenyl.derivatives.aa","0.935294117647059","Y"
"548","small.hydrophobic.aa","small.hydrophobic.aa","0.793814432989691","Y"
"549","small.hydrophilic.aa","small.hydrophilic.aa","0.768421052631579","Y"
"550","polar.and.charged.aa","polar.and.charged.aa","0.966292134831461","Y"
"551","tiny.aa","tiny.aa","0.898876404494382","Y"
"552","tiny.aa","tiny.aa","0.972527472527473","Y"
"553","bulky.mainly.phenyl.derivatives.aa","bulky.mainly.phenyl.derivatives.aa","0.811377245508982","Y"
"554","small.hydrophilic.aa","small.hydrophilic.aa","0.936893203883495","Y"
"555","small.hydrophobic.aa","bulky.mainly.phenyl.derivatives.aa","0.40939226519337","N"
"556","small.hydrophilic.aa","bulky.mainly.phenyl.derivatives.aa","0.541158536585366","N"
"557","cyclic.aliphatic.aa","cyclic.aliphatic.aa","0.461111111111111","Y"
"558","bulky.mainly.phenyl.derivatives.aa","bulky.mainly.phenyl.derivatives.aa","0.331920903954802","Y"
"559","cyclic.aliphatic.aa","cyclic.aliphatic.aa","0.572916666666667","Y"
"560","small.hydrophilic.aa","small.hydrophilic.aa","0.9","Y"
"561","cyclic.aliphatic.aa","bulky.mainly.phenyl.derivatives.aa","0.281786941580756","N"
"562","polar.and.charged.aa","cyclic.aliphatic.aa","0.307486631016043","N"
"563","small.hydrophobic.aa","small.hydrophobic.aa","0.546248196248196","Y"
"564","tiny.aa","small.hydrophobic.aa","0.37037037037037","N"
"565","small.hydrophobic.aa","bulky.mainly.phenyl.derivatives.aa","0.456806282722513","N"
"566","small.hydrophobic.aa","small.hydrophobic.aa","0.250481695568401","Y"
"567","small.hydrophilic.aa","small.hydrophobic.aa","0.494845360824742","N"
"568","small.hydrophobic.aa","small.hydrophilic.aa","0.467980295566502","N"
"569","small.hydrophobic.aa","small.hydrophilic.aa","0.169590643274854","N"
"570","small.hydrophobic.aa","cyclic.aliphatic.aa","0.498364008179959","N"
"571","small.hydrophobic.aa","cyclic.aliphatic.aa","0.851063829787234","N"
"572","small.hydrophobic.aa","cyclic.aliphatic.aa","0.590909090909091","N"
"573","small.hydrophilic.aa","small.hydrophobic.aa","0.612068965517241","N"
"574","small.hydrophilic.aa","small.hydrophilic.aa","1","Y"
"575","polar.and.charged.aa","polar.and.charged.aa","0.746562261268144","Y"
"576","tiny.aa","tiny.aa","0.994565217391304","Y"
"577","small.hydrophobic.aa","small.hydrophobic.aa","0.954444444444445","Y"
"578","bulky.mainly.phenyl.derivatives.aa","bulky.mainly.phenyl.derivatives.aa","0.966666666666667","Y"
"579","bulky.mainly.phenyl.derivatives.aa","bulky.mainly.phenyl.derivatives.aa","0.964705882352941","Y"
"580","cyclic.aliphatic.aa","cyclic.aliphatic.aa","0.989795918367347","Y"
"581","small.hydrophobic.aa","small.hydrophobic.aa","0.978142076502732","Y"
"582","small.hydrophilic.aa","bulky.mainly.phenyl.derivatives.aa","0.602150537634409","N"
"583","small.hydrophilic.aa","small.hydrophilic.aa","0.881656804733728","Y"
"584","small.hydrophilic.aa","small.hydrophilic.aa","0.886363636363636","Y"
"585","bulky.mainly.phenyl.derivatives.aa","bulky.mainly.phenyl.derivatives.aa","0.541218637992832","Y"
"586","bulky.mainly.phenyl.derivatives.aa","small.hydrophobic.aa","0.225988700564972","N"
"587","bulky.mainly.phenyl.derivatives.aa","bulky.mainly.phenyl.derivatives.aa","0.847715736040609","Y"
"588","cysteine.aa","cysteine.aa","0.918032786885246","Y"
"589","small.hydrophobic.aa","small.hydrophobic.aa","0.868421052631579","Y"
"590","small.hydrophobic.aa","small.hydrophobic.aa","1","Y"
"591","small.hydrophobic.aa","bulky.mainly.phenyl.derivatives.aa","0.60779462623038","N"
"592","small.hydrophobic.aa","small.hydrophobic.aa","1","Y"
"593","small.hydrophobic.aa","small.hydrophobic.aa","1","Y"
"594","tiny.aa","tiny.aa","0.913513513513514","Y"
"595","cysteine.aa","cysteine.aa","0.948571428571429","Y"
"596","polar.and.charged.aa","polar.and.charged.aa","0.98019801980198","Y"
"597","cysteine.aa","cysteine.aa","0.941489361702128","Y"
"598","small.hydrophobic.aa","small.hydrophobic.aa","0.897297297297297","Y"
"599","small.hydrophobic.aa","small.hydrophobic.aa","0.914893617021277","Y"
"600","small.hydrophobic.aa","small.hydrophobic.aa","0.897849462365591","Y"
"601","small.hydrophobic.aa","small.hydrophobic.aa","0.997910100235682","Y"
"602","polar.and.charged.aa","polar.and.charged.aa","0.989321608040201","Y"
"603","small.hydrophilic.aa","small.hydrophilic.aa","1","Y"
"604","small.hydrophobic.aa","small.hydrophobic.aa","1","Y"
"605","small.hydrophobic.aa","small.hydrophobic.aa","0.993839428115744","Y"
"606","polar.and.charged.aa","polar.and.charged.aa","0.974949070537306","Y"
"607","small.hydrophobic.aa","small.hydrophobic.aa","0.998574380442512","Y"
"608","small.hydrophobic.aa","small.hydrophobic.aa","0.993166904396851","Y"
"609","polar.and.charged.aa","polar.and.charged.aa","0.980573323856906","Y"
"610","small.hydrophobic.aa","small.hydrophobic.aa","1","Y"
"611","small.hydrophobic.aa","small.hydrophobic.aa","0.831632653061224","Y"
"612","polar.and.charged.aa","polar.and.charged.aa","1","Y"
"613","small.hydrophilic.aa","polar.and.charged.aa","0.712085308056872","N"
"614","small.hydrophilic.aa","polar.and.charged.aa","0.921052631578947","N"
"615","polar.and.charged.aa","polar.and.charged.aa","0.994196775446775","Y"
"616","small.hydrophobic.aa","small.hydrophobic.aa","0.926136363636364","Y"
"617","cyclic.aliphatic.aa","cyclic.aliphatic.aa","0.989473684210526","Y"
"618","small.hydrophilic.aa","small.hydrophilic.aa","0.784431137724551","Y"
"619","small.hydrophobic.aa","small.hydrophobic.aa","1","Y"
"620","small.hydrophobic.aa","small.hydrophobic.aa","0.979695431472081","Y"
"621","small.hydrophobic.aa","small.hydrophobic.aa","0.994736842105263","Y"
"622","polar.and.charged.aa","bulky.mainly.phenyl.derivatives.aa","0.557894736842105","N"
"623","polar.and.charged.aa","polar.and.charged.aa","1","Y"
"624","small.hydrophilic.aa","small.hydrophilic.aa","0.813186813186813","Y"
"625","polar.and.charged.aa","polar.and.charged.aa","0.841666666666667","Y"
"626","tiny.aa","tiny.aa","0.994535519125683","Y"
"627","bulky.mainly.phenyl.derivatives.aa","polar.and.charged.aa","0.458264119601329","N"
"628","polar.and.charged.aa","polar.and.charged.aa","1","Y"
"629","small.hydrophilic.aa","small.hydrophilic.aa","0.989847715736041","Y"
"630","tiny.aa","tiny.aa","0.958823529411765","Y"
"631","polar.and.charged.aa","polar.and.charged.aa","0.775280898876405","Y"
"632","bulky.mainly.phenyl.derivatives.aa","bulky.mainly.phenyl.derivatives.aa","0.631016042780749","Y"
"633","small.hydrophilic.aa","small.hydrophilic.aa","0.903409090909091","Y"
"634","polar.and.charged.aa","polar.and.charged.aa","0.913260210451222","Y"
"635","tiny.aa","tiny.aa","0.994505494505495","Y"
"636","bulky.mainly.phenyl.derivatives.aa","bulky.mainly.phenyl.derivatives.aa","0.860215053763441","Y"
"637","cyclic.aliphatic.aa","cyclic.aliphatic.aa","0.920245398773006","Y"
"638","bulky.mainly.phenyl.derivatives.aa","bulky.mainly.phenyl.derivatives.aa","0.728316326530612","Y"
"639","bulky.mainly.phenyl.derivatives.aa","bulky.mainly.phenyl.derivatives.aa","0.317647058823529","Y"
"640","tiny.aa","tiny.aa","0.971428571428571","Y"
"641","small.hydrophobic.aa","small.hydrophobic.aa","0.877437641723356","Y"
"642","small.hydrophobic.aa","small.hydrophobic.aa","0.858754355400697","Y"
"643","cysteine.aa","cysteine.aa","0.823529411764706","Y"
"644","polar.and.charged.aa","polar.and.charged.aa","0.905759162303665","Y"
"645","polar.and.charged.aa","polar.and.charged.aa","1","Y"
"646","polar.and.charged.aa","polar.and.charged.aa","0.979639804639804","Y"
"647","small.hydrophobic.aa","small.hydrophobic.aa","1","Y"
"648","small.hydrophobic.aa","small.hydrophobic.aa","1","Y"
"649","small.hydrophilic.aa","small.hydrophilic.aa","0.994413407821229","Y"
"650","cyclic.aliphatic.aa","small.hydrophobic.aa","0.835227272727273","N"
"651","small.hydrophobic.aa","small.hydrophobic.aa","0.940119760479042","Y"
"652","bulky.mainly.phenyl.derivatives.aa","bulky.mainly.phenyl.derivatives.aa","0.293783783783784","Y"
"653","polar.and.charged.aa","polar.and.charged.aa","1","Y"
"654","small.hydrophilic.aa","small.hydrophilic.aa","1","Y"
"655","polar.and.charged.aa","polar.and.charged.aa","0.940594059405941","Y"
"656","polar.and.charged.aa","polar.and.charged.aa","0.931034482758621","Y"
"657","bulky.mainly.phenyl.derivatives.aa","bulky.mainly.phenyl.derivatives.aa","0.833333333333333","Y"
"658","small.hydrophilic.aa","small.hydrophilic.aa","1","Y"
"659","small.hydrophobic.aa","small.hydrophobic.aa","0.915750915750916","Y"
"660","small.hydrophobic.aa","small.hydrophobic.aa","0.994350282485876","Y"
"661","polar.and.charged.aa","polar.and.charged.aa","1","Y"
"662","cyclic.aliphatic.aa","cyclic.aliphatic.aa","0.952380952380952","Y"
"663","bulky.mainly.phenyl.derivatives.aa","polar.and.charged.aa","0.676406926406926","N"
"664","polar.and.charged.aa","polar.and.charged.aa","0.862518731268731","Y"
"665","polar.and.charged.aa","polar.and.charged.aa","0.833516483516484","Y"
"666","polar.and.charged.aa","bulky.mainly.phenyl.derivatives.aa","0.405405405405405","N"
"667","tiny.aa","tiny.aa","0.832432432432432","Y"
"668","polar.and.charged.aa","polar.and.charged.aa","0.808743169398907","Y"
"669","cysteine.aa","cysteine.aa","0.954545454545455","Y"
"670","small.hydrophobic.aa","small.hydrophobic.aa","0.50384024577573","Y"
"671","bulky.mainly.phenyl.derivatives.aa","bulky.mainly.phenyl.derivatives.aa","0.181818181818182","Y"
"672","small.hydrophilic.aa","small.hydrophilic.aa","1","Y"
"673","polar.and.charged.aa","polar.and.charged.aa","0.696512113617377","Y"
"674","small.hydrophobic.aa","small.hydrophobic.aa","1","Y"
"675","polar.and.charged.aa","polar.and.charged.aa","0.933843832671958","Y"
"676","small.hydrophobic.aa","small.hydrophobic.aa","0.996796594982079","Y"
"677","small.hydrophobic.aa","small.hydrophobic.aa","1","Y"
"678","polar.and.charged.aa","small.hydrophobic.aa","0.689473684210526","N"
"679","small.hydrophobic.aa","small.hydrophobic.aa","0.993994424692954","Y"
"680","small.hydrophobic.aa","small.hydrophobic.aa","1","Y"
"681","small.hydrophilic.aa","small.hydrophilic.aa","1","Y"
"682","small.hydrophobic.aa","small.hydrophobic.aa","0.992753449788626","Y"
"683","small.hydrophilic.aa","small.hydrophilic.aa","0.634234234234234","Y"
"684","polar.and.charged.aa","polar.and.charged.aa","0.983050847457627","Y"
"685","bulky.mainly.phenyl.derivatives.aa","bulky.mainly.phenyl.derivatives.aa","0.834224598930481","Y"
"686","bulky.mainly.phenyl.derivatives.aa","bulky.mainly.phenyl.derivatives.aa","0.488799283154122","Y"
"687","small.hydrophilic.aa","small.hydrophilic.aa","0.721311475409836","Y"
"688","small.hydrophilic.aa","small.hydrophilic.aa","0.428571428571429","Y"
"689","bulky.mainly.phenyl.derivatives.aa","bulky.mainly.phenyl.derivatives.aa","0.427777777777778","Y"
"690","tiny.aa","bulky.mainly.phenyl.derivatives.aa","0.349753694581281","N"
"691","polar.and.charged.aa","small.hydrophilic.aa","0.778350515463918","N"
"692","cyclic.aliphatic.aa","small.hydrophobic.aa","0.163825757575758","N"
"693","small.hydrophilic.aa","small.hydrophilic.aa","1","Y"
"694","cyclic.aliphatic.aa","cyclic.aliphatic.aa","0.595959595959596","Y"
"695","polar.and.charged.aa","polar.and.charged.aa","0.93243164532227","Y"
"696","small.hydrophobic.aa","small.hydrophobic.aa","0.999020655270655","Y"
"697","small.hydrophobic.aa","small.hydrophobic.aa","1","Y"
"698","polar.and.charged.aa","small.hydrophobic.aa","0.972677595628415","N"
"699","small.hydrophobic.aa","small.hydrophobic.aa","1","Y"
"700","small.hydrophobic.aa","small.hydrophobic.aa","1","Y"
"701","small.hydrophobic.aa","polar.and.charged.aa","0.981707317073171","N"
"702","small.hydrophobic.aa","small.hydrophobic.aa","0.998174301103989","Y"
"703","small.hydrophobic.aa","small.hydrophobic.aa","1","Y"
"704","small.hydrophilic.aa","small.hydrophilic.aa","1","Y"
"705","small.hydrophilic.aa","small.hydrophilic.aa","1","Y"
"706","small.hydrophilic.aa","small.hydrophilic.aa","0.640328151986183","Y"
"707","polar.and.charged.aa","polar.and.charged.aa","0.983425414364641","Y"
"708","bulky.mainly.phenyl.derivatives.aa","bulky.mainly.phenyl.derivatives.aa","0.837696335078534","Y"
"709","polar.and.charged.aa","polar.and.charged.aa","1","Y"
"710","cyclic.aliphatic.aa","cyclic.aliphatic.aa","0.859550561797753","Y"
"711","polar.and.charged.aa","polar.and.charged.aa","0.92","Y"
"712","polar.and.charged.aa","polar.and.charged.aa","0.717391304347826","Y"
"713","polar.and.charged.aa","polar.and.charged.aa","0.997326203208556","Y"
"714","bulky.mainly.phenyl.derivatives.aa","bulky.mainly.phenyl.derivatives.aa","0.692307692307692","Y"
"715","small.hydrophobic.aa","small.hydrophobic.aa","0.954285714285714","Y"
"716","cyclic.aliphatic.aa","cyclic.aliphatic.aa","0.962962962962963","Y"
"717","small.hydrophobic.aa","small.hydrophobic.aa","1","Y"
"718","bulky.mainly.phenyl.derivatives.aa","bulky.mainly.phenyl.derivatives.aa","0.693989071038251","Y"
"719","polar.and.charged.aa","polar.and.charged.aa","1","Y"
"720","small.hydrophobic.aa","small.hydrophobic.aa","0.326797385620915","Y"
"721","small.hydrophobic.aa","small.hydrophobic.aa","1","Y"
"722","polar.and.charged.aa","polar.and.charged.aa","1","Y"
"723","small.hydrophobic.aa","bulky.mainly.phenyl.derivatives.aa","0.465858585858586","N"
"724","bulky.mainly.phenyl.derivatives.aa","bulky.mainly.phenyl.derivatives.aa","0.697833333333333","Y"
"725","small.hydrophilic.aa","small.hydrophilic.aa","0.989247311827957","Y"
"726","polar.and.charged.aa","polar.and.charged.aa","0.99468085106383","Y"
"727","small.hydrophilic.aa","small.hydrophilic.aa","0.988505747126437","Y"
"728","small.hydrophobic.aa","small.hydrophilic.aa","0.624277456647399","N"
"729","polar.and.charged.aa","polar.and.charged.aa","0.842285714285714","Y"
"730","small.hydrophobic.aa","bulky.mainly.phenyl.derivatives.aa","0.216374269005848","N"
"731","small.hydrophilic.aa","small.hydrophilic.aa","0.5","Y"
"732","small.hydrophilic.aa","small.hydrophilic.aa","0.479591836734694","Y"
"733","small.hydrophobic.aa","small.hydrophilic.aa","0.270588235294118","N"
"734","small.hydrophobic.aa","small.hydrophobic.aa","0.520833333333333","Y"
"735","bulky.mainly.phenyl.derivatives.aa","bulky.mainly.phenyl.derivatives.aa","0.338709677419355","Y"
"736","tiny.aa","tiny.aa","0.934131736526946","Y"
"737","bulky.mainly.phenyl.derivatives.aa","polar.and.charged.aa","0.334259259259259","N"
"738","polar.and.charged.aa","polar.and.charged.aa","0.988461538461539","Y"
"739","polar.and.charged.aa","polar.and.charged.aa","0.939306358381503","Y"
"740","polar.and.charged.aa","polar.and.charged.aa","0.608695652173913","Y"
"741","polar.and.charged.aa","polar.and.charged.aa","0.594871794871795","Y"
"742","polar.and.charged.aa","polar.and.charged.aa","0.896631037501824","Y"
"743","small.hydrophilic.aa","small.hydrophilic.aa","0.926553672316384","Y"
"744","small.hydrophobic.aa","small.hydrophobic.aa","0.997267759562842","Y"
"745","polar.and.charged.aa","polar.and.charged.aa","0.934391534391534","Y"
"746","small.hydrophobic.aa","small.hydrophobic.aa","0.999805900621118","Y"
"747","polar.and.charged.aa","polar.and.charged.aa","0.994535519125683","Y"
"748","small.hydrophobic.aa","small.hydrophobic.aa","0.989189189189189","Y"
"749","small.hydrophobic.aa","small.hydrophobic.aa","0.9996996996997","Y"
"750","small.hydrophobic.aa","small.hydrophobic.aa","0.993437498179485","Y"
"751","small.hydrophilic.aa","tiny.aa","0.428571428571429","N"
"752","cyclic.aliphatic.aa","cyclic.aliphatic.aa","0.528198653198653","Y"
"753","tiny.aa","cyclic.aliphatic.aa","0.347222222222222","N"
"754","small.hydrophilic.aa","cyclic.aliphatic.aa","0.342245989304813","N"
"755","small.hydrophobic.aa","cyclic.aliphatic.aa","0.36094674556213","N"
"756","cyclic.aliphatic.aa","small.hydrophobic.aa","0.468148148148148","N"
"757","cyclic.aliphatic.aa","cyclic.aliphatic.aa","0.243093922651934","Y"
"758","small.hydrophilic.aa","bulky.mainly.phenyl.derivatives.aa","0.238888888888889","N"
"759","cyclic.aliphatic.aa","cyclic.aliphatic.aa","0.490652557319224","Y"
"760","polar.and.charged.aa","cyclic.aliphatic.aa","0.380434782608696","N"
"761","small.hydrophobic.aa","bulky.mainly.phenyl.derivatives.aa","0.22824302134647","N"
"762","cyclic.aliphatic.aa","cyclic.aliphatic.aa","0.649094202898551","Y"
"763","cyclic.aliphatic.aa","bulky.mainly.phenyl.derivatives.aa","0.293560606060606","N"
"764","cyclic.aliphatic.aa","small.hydrophobic.aa","0.542914171656687","N"
"765","cyclic.aliphatic.aa","small.hydrophobic.aa","0.443373493975904","N"
"766","small.hydrophobic.aa","bulky.mainly.phenyl.derivatives.aa","0.265625","N"
"767","small.hydrophilic.aa","small.hydrophilic.aa","0.345177664974619","Y"
"768","bulky.mainly.phenyl.derivatives.aa","bulky.mainly.phenyl.derivatives.aa","0.276381909547739","Y"
"769","cyclic.aliphatic.aa","small.hydrophilic.aa","0.228395061728395","N"
"770","tiny.aa","tiny.aa","0.984455958549223","Y"
"771","cyclic.aliphatic.aa","cyclic.aliphatic.aa","0.904040404040404","Y"
"772","small.hydrophobic.aa","small.hydrophobic.aa","1","Y"
"773","small.hydrophilic.aa","small.hydrophilic.aa","1","Y"
"774","polar.and.charged.aa","polar.and.charged.aa","0.952747252747253","Y"
"775","polar.and.charged.aa","polar.and.charged.aa","0.932620320855615","Y"
"776","small.hydrophilic.aa","small.hydrophilic.aa","0.994444444444444","Y"
"777","polar.and.charged.aa","polar.and.charged.aa","0.43854748603352","Y"
"778","bulky.mainly.phenyl.derivatives.aa","bulky.mainly.phenyl.derivatives.aa","1","Y"
"779","bulky.mainly.phenyl.derivatives.aa","bulky.mainly.phenyl.derivatives.aa","0.983695652173913","Y"
"780","bulky.mainly.phenyl.derivatives.aa","bulky.mainly.phenyl.derivatives.aa","0.909574468085106","Y"
"781","bulky.mainly.phenyl.derivatives.aa","bulky.mainly.phenyl.derivatives.aa","1","Y"
"782","small.hydrophilic.aa","small.hydrophilic.aa","0.978947368421053","Y"
"783","small.hydrophobic.aa","small.hydrophobic.aa","0.962765957446808","Y"
"784","polar.and.charged.aa","polar.and.charged.aa","0.926966292134832","Y"
"785","polar.and.charged.aa","polar.and.charged.aa","0.943502824858757","Y"
"786","small.hydrophobic.aa","small.hydrophobic.aa","0.692472641230405","Y"
"787","cyclic.aliphatic.aa","cyclic.aliphatic.aa","0.988888888888889","Y"
"788","bulky.mainly.phenyl.derivatives.aa","bulky.mainly.phenyl.derivatives.aa","0.780104712041885","Y"
"789","small.hydrophobic.aa","small.hydrophobic.aa","1","Y"
"790","tiny.aa","tiny.aa","1","Y"
"791","tiny.aa","tiny.aa","1","Y"
"792","small.hydrophilic.aa","small.hydrophilic.aa","0.934065934065934","Y"
"793","bulky.mainly.phenyl.derivatives.aa","bulky.mainly.phenyl.derivatives.aa","0.428571428571429","Y"
"794","tiny.aa","bulky.mainly.phenyl.derivatives.aa","0.192460317460317","N"
"795","small.hydrophobic.aa","small.hydrophobic.aa","0.989528795811518","Y"
"796","small.hydrophobic.aa","small.hydrophobic.aa","0.886904761904762","Y"
"797","small.hydrophobic.aa","small.hydrophobic.aa","1","Y"
"798","polar.and.charged.aa","polar.and.charged.aa","0.987994350282486","Y"
"799","polar.and.charged.aa","polar.and.charged.aa","0.99438202247191","Y"
"800","small.hydrophobic.aa","small.hydrophobic.aa","1","Y"
"801","polar.and.charged.aa","polar.and.charged.aa","0.976190476190476","Y"
"802","polar.and.charged.aa","polar.and.charged.aa","1","Y"
"803","small.hydrophobic.aa","small.hydrophobic.aa","1","Y"
"804","small.hydrophobic.aa","small.hydrophobic.aa","1","Y"
"805","small.hydrophobic.aa","small.hydrophobic.aa","0.997788640595903","Y"
"806","small.hydrophobic.aa","small.hydrophobic.aa","0.994510928280562","Y"
"807","polar.and.charged.aa","polar.and.charged.aa","1","Y"
"808","small.hydrophobic.aa","small.hydrophobic.aa","0.994413407821229","Y"
"809","polar.and.charged.aa","polar.and.charged.aa","0.756058044519583","Y"
"810","tiny.aa","tiny.aa","0.994475138121547","Y"
"811","bulky.mainly.phenyl.derivatives.aa","bulky.mainly.phenyl.derivatives.aa","0.968253968253968","Y"
"812","cysteine.aa","cysteine.aa","0.964705882352941","Y"
"813","small.hydrophobic.aa","small.hydrophobic.aa","0.819209039548023","Y"
"814","polar.and.charged.aa","bulky.mainly.phenyl.derivatives.aa","0.338541666666667","N"
"815","bulky.mainly.phenyl.derivatives.aa","bulky.mainly.phenyl.derivatives.aa","0.374285714285714","Y"
"816","small.hydrophobic.aa","small.hydrophobic.aa","1","Y"
"817","polar.and.charged.aa","polar.and.charged.aa","1","Y"
"818","polar.and.charged.aa","polar.and.charged.aa","1","Y"
"819","bulky.mainly.phenyl.derivatives.aa","bulky.mainly.phenyl.derivatives.aa","0.764550264550265","Y"
"820","polar.and.charged.aa","polar.and.charged.aa","1","Y"
"821","polar.and.charged.aa","polar.and.charged.aa","1","Y"
"822","polar.and.charged.aa","polar.and.charged.aa","1","Y"
"823","bulky.mainly.phenyl.derivatives.aa","bulky.mainly.phenyl.derivatives.aa","0.830188679245283","Y"
"824","polar.and.charged.aa","polar.and.charged.aa","0.866487455197133","Y"
"825","small.hydrophobic.aa","small.hydrophobic.aa","0.953846153846154","Y"
"826","small.hydrophilic.aa","small.hydrophobic.aa","0.560240963855422","N"
"827","bulky.mainly.phenyl.derivatives.aa","bulky.mainly.phenyl.derivatives.aa","0.482051282051282","Y"
"828","small.hydrophobic.aa","small.hydrophobic.aa","0.962756052141527","Y"
"829","bulky.mainly.phenyl.derivatives.aa","bulky.mainly.phenyl.derivatives.aa","0.647727272727273","Y"
"830","small.hydrophilic.aa","cysteine.aa","0.295454545454545","N"
"831","polar.and.charged.aa","polar.and.charged.aa","0.961538461538462","Y"
"832","small.hydrophobic.aa","small.hydrophobic.aa","1","Y"
"833","small.hydrophobic.aa","small.hydrophobic.aa","0.674362735403344","Y"
"834","small.hydrophobic.aa","small.hydrophobic.aa","0.661491739552964","Y"
"835","polar.and.charged.aa","polar.and.charged.aa","0.529547275641026","Y"
"836","small.hydrophilic.aa","small.hydrophilic.aa","0.976744186046512","Y"
"837","bulky.mainly.phenyl.derivatives.aa","small.hydrophobic.aa","0.972222222222222","N"
"838","small.hydrophobic.aa","small.hydrophobic.aa","0.662192569335426","Y"
"839","bulky.mainly.phenyl.derivatives.aa","bulky.mainly.phenyl.derivatives.aa","0.908154121863799","Y"
"840","bulky.mainly.phenyl.derivatives.aa","bulky.mainly.phenyl.derivatives.aa","0.58695652173913","Y"
"841","bulky.mainly.phenyl.derivatives.aa","bulky.mainly.phenyl.derivatives.aa","0.766081871345029","Y"
"842","small.hydrophilic.aa","small.hydrophilic.aa","0.649214659685864","Y"
"843","bulky.mainly.phenyl.derivatives.aa","bulky.mainly.phenyl.derivatives.aa","0.644329896907217","Y"
"844","small.hydrophilic.aa","aryl.and.biaryl.derivatives","0.859537037037037","N"
"845","small.hydrophilic.aa","small.hydrophilic.aa","1","Y"
"846","bulky.mainly.phenyl.derivatives.aa","bulky.mainly.phenyl.derivatives.aa","0.594086021505376","Y"
"847","small.hydrophilic.aa","small.hydrophilic.aa","0.510869565217391","Y"
"848","polar.and.charged.aa","polar.and.charged.aa","0.984210526315789","Y"
"849","small.hydrophobic.aa","small.hydrophilic.aa","0.424581005586592","N"
"850","small.hydrophobic.aa","small.hydrophobic.aa","0.979026217228464","Y"
"851","tiny.aa","small.hydrophilic.aa","0.871134020618557","N"
"852","bulky.mainly.phenyl.derivatives.aa","bulky.mainly.phenyl.derivatives.aa","0.483333333333333","Y"
"853","small.hydrophobic.aa","small.hydrophobic.aa","0.984375","Y"
"854","polar.and.charged.aa","polar.and.charged.aa","0.586206896551724","Y"
"855","small.hydrophobic.aa","small.hydrophobic.aa","0.679144385026738","Y"
"856","bulky.mainly.phenyl.derivatives.aa","bulky.mainly.phenyl.derivatives.aa","0.663316582914573","Y"
"857","polar.and.charged.aa","polar.and.charged.aa","0.980582524271845","Y"
"858","bulky.mainly.phenyl.derivatives.aa","bulky.mainly.phenyl.derivatives.aa","0.60479797979798","Y"
"859","polar.and.charged.aa","polar.and.charged.aa","0.913793103448276","Y"
"860","bulky.mainly.phenyl.derivatives.aa","bulky.mainly.phenyl.derivatives.aa","0.767740429505135","Y"
"861","bulky.mainly.phenyl.derivatives.aa","bulky.mainly.phenyl.derivatives.aa","0.518562874251497","Y"
"862","polar.and.charged.aa","polar.and.charged.aa","0.894594594594595","Y"
"863","small.hydrophilic.aa","small.hydrophilic.aa","0.787878787878788","Y"
"864","polar.and.charged.aa","polar.and.charged.aa","0.951298701298701","Y"
"865","small.hydrophobic.aa","small.hydrophobic.aa","0.850299401197605","Y"
"866","small.hydrophobic.aa","small.hydrophobic.aa","1","Y"
"867","small.hydrophobic.aa","small.hydrophobic.aa","0.99468085106383","Y"
"868","polar.and.charged.aa","polar.and.charged.aa","0.957317073170732","Y"
"869","small.hydrophobic.aa","small.hydrophobic.aa","0.893258426966292","Y"
"870","polar.and.charged.aa","polar.and.charged.aa","0.963730569948187","Y"
"871","bulky.mainly.phenyl.derivatives.aa","bulky.mainly.phenyl.derivatives.aa","0.964912280701754","Y"
"872","polar.and.charged.aa","polar.and.charged.aa","0.994505494505495","Y"
"873","polar.and.charged.aa","polar.and.charged.aa","0.967032967032967","Y"
"874","cyclic.aliphatic.aa","cyclic.aliphatic.aa","0.961325966850829","Y"
"875","small.hydrophobic.aa","small.hydrophobic.aa","1","Y"
"876","polar.and.charged.aa","polar.and.charged.aa","0.903225806451613","Y"
"877","small.hydrophobic.aa","small.hydrophobic.aa","0.653179190751445","Y"
"878","small.hydrophobic.aa","small.hydrophobic.aa","1","Y"
"879","cyclic.aliphatic.aa","cyclic.aliphatic.aa","0.938202247191011","Y"
"880","tiny.aa","tiny.aa","0.903954802259887","Y"
"881","small.hydrophobic.aa","small.hydrophobic.aa","0.928934010152284","Y"
"882","bulky.mainly.phenyl.derivatives.aa","bulky.mainly.phenyl.derivatives.aa","0.966101694915254","Y"
"883","polar.and.charged.aa","polar.and.charged.aa","0.995049504950495","Y"
"884","cyclic.aliphatic.aa","cyclic.aliphatic.aa","0.928571428571429","Y"
"885","polar.and.charged.aa","polar.and.charged.aa","0.935828877005348","Y"
"886","cyclic.aliphatic.aa","cyclic.aliphatic.aa","0.927777777777778","Y"
"887","bulky.mainly.phenyl.derivatives.aa","polar.and.charged.aa","0.760852407261247","N"
"888","polar.and.charged.aa","polar.and.charged.aa","0.920435510887772","Y"
"889","tiny.aa","tiny.aa","0.945812807881773","Y"
"890","polar.and.charged.aa","polar.and.charged.aa","0.677215189873418","Y"
"891","bulky.mainly.phenyl.derivatives.aa","bulky.mainly.phenyl.derivatives.aa","1","Y"
"892","bulky.mainly.phenyl.derivatives.aa","bulky.mainly.phenyl.derivatives.aa","0.945121951219512","Y"
"893","bulky.mainly.phenyl.derivatives.aa","bulky.mainly.phenyl.derivatives.aa","0.978142076502732","Y"
"894","polar.and.charged.aa","polar.and.charged.aa","0.959183673469388","Y"
"895","small.hydrophobic.aa","small.hydrophobic.aa","1","Y"
"896","polar.and.charged.aa","polar.and.charged.aa","1","Y"
"897","polar.and.charged.aa","polar.and.charged.aa","1","Y"
"898","polar.and.charged.aa","polar.and.charged.aa","0.988888888888889","Y"
"899","polar.and.charged.aa","polar.and.charged.aa","0.989637305699482","Y"
"900","polar.and.charged.aa","polar.and.charged.aa","0.41036036036036","Y"
"901","bulky.mainly.phenyl.derivatives.aa","bulky.mainly.phenyl.derivatives.aa","0.512430939226519","Y"
"902","small.hydrophilic.aa","small.hydrophilic.aa","0.862637362637363","Y"
"903","polar.and.charged.aa","polar.and.charged.aa","1","Y"
"904","cyclic.aliphatic.aa","cyclic.aliphatic.aa","0.948571428571429","Y"
"905","cyclic.aliphatic.aa","cyclic.aliphatic.aa","0.663414634146341","Y"
"906","polar.and.charged.aa","polar.and.charged.aa","0.57167530224525","Y"
"907","small.hydrophilic.aa","small.hydrophilic.aa","1","Y"
"908","small.hydrophobic.aa","small.hydrophobic.aa","0.999665327978581","Y"
"909","polar.and.charged.aa","polar.and.charged.aa","0.995223398001176","Y"
"910","polar.and.charged.aa","polar.and.charged.aa","0.972677595628415","Y"
"911","polar.and.charged.aa","polar.and.charged.aa","1","Y"
"912","bulky.mainly.phenyl.derivatives.aa","polar.and.charged.aa","0.31989247311828","N"
"913","small.hydrophilic.aa","bulky.mainly.phenyl.derivatives.aa","0.321138211382114","N"
"914","polar.and.charged.aa","polar.and.charged.aa","0.983606557377049","Y"
"915","polar.and.charged.aa","polar.and.charged.aa","1","Y"
"916","bulky.mainly.phenyl.derivatives.aa","bulky.mainly.phenyl.derivatives.aa","0.25","Y"
"917","small.hydrophobic.aa","polar.and.charged.aa","0.446778350515464","N"
"918","bulky.mainly.phenyl.derivatives.aa","bulky.mainly.phenyl.derivatives.aa","0.79144385026738","Y"
"919","small.hydrophobic.aa","small.hydrophobic.aa","1","Y"
"920","polar.and.charged.aa","polar.and.charged.aa","1","Y"
"921","cyclic.aliphatic.aa","cyclic.aliphatic.aa","0.942857142857143","Y"
"922","small.hydrophobic.aa","small.hydrophobic.aa","1","Y"
"923","bulky.mainly.phenyl.derivatives.aa","bulky.mainly.phenyl.derivatives.aa","0.656716417910448","Y"
"924","small.hydrophobic.aa","small.hydrophobic.aa","0.862921348314607","Y"
"925","small.hydrophobic.aa","small.hydrophobic.aa","0.941666666666667","Y"
"926","small.hydrophobic.aa","small.hydrophobic.aa","0.694174757281553","Y"
"927","small.hydrophilic.aa","bulky.mainly.phenyl.derivatives.aa","0.5625","N"
"928","small.hydrophobic.aa","small.hydrophobic.aa","0.552276867030965","Y"
"929","cyclic.aliphatic.aa","cyclic.aliphatic.aa","0.297872340425532","Y"
"930","small.hydrophobic.aa","small.hydrophobic.aa","0.823834196891192","Y"
"931","small.hydrophobic.aa","small.hydrophobic.aa","0.934343434343434","Y"
"932","small.hydrophilic.aa","small.hydrophilic.aa","0.318407960199005","Y"
"933","bulky.mainly.phenyl.derivatives.aa","bulky.mainly.phenyl.derivatives.aa","0.365413533834586","Y"
"934","bulky.mainly.phenyl.derivatives.aa","polar.and.charged.aa","0.368421052631579","N"
"935","polar.and.charged.aa","polar.and.charged.aa","0.506508875739645","Y"
"936","bulky.mainly.phenyl.derivatives.aa","bulky.mainly.phenyl.derivatives.aa","0.659475465313029","Y"
"937","cyclic.aliphatic.aa","cyclic.aliphatic.aa","0.797752808988764","Y"
"938","bulky.mainly.phenyl.derivatives.aa","bulky.mainly.phenyl.derivatives.aa","0.964705882352941","Y"
"939","small.hydrophobic.aa","small.hydrophobic.aa","0.963730569948187","Y"
"940","small.hydrophobic.aa","small.hydrophobic.aa","1","Y"
"941","polar.and.charged.aa","polar.and.charged.aa","0.861375661375661","Y"
"942","small.hydrophobic.aa","small.hydrophobic.aa","0.960674157303371","Y"
"943","small.hydrophilic.aa","aryl.and.biaryl.derivatives","0.862282038259692","N"
"944","bulky.mainly.phenyl.derivatives.aa","bulky.mainly.phenyl.derivatives.aa","0.868686868686869","Y"
"945","bulky.mainly.phenyl.derivatives.aa","bulky.mainly.phenyl.derivatives.aa","1","Y"
"946","bulky.mainly.phenyl.derivatives.aa","bulky.mainly.phenyl.derivatives.aa","0.894736842105263","Y"
"947","bulky.mainly.phenyl.derivatives.aa","bulky.mainly.phenyl.derivatives.aa","0.987951807228916","Y"
"948","bulky.mainly.phenyl.derivatives.aa","bulky.mainly.phenyl.derivatives.aa","0.291666666666667","Y"
"949","tiny.aa","tiny.aa","1","Y"
"950","polar.and.charged.aa","polar.and.charged.aa","0.806451612903226","Y"
"951","polar.and.charged.aa","polar.and.charged.aa","0.772727272727273","Y"
"952","small.hydrophilic.aa","small.hydrophilic.aa","0.938888888888889","Y"
"953","small.hydrophobic.aa","small.hydrophobic.aa","0.99981301421092","Y"
"954","polar.and.charged.aa","polar.and.charged.aa","0.612926386479018","Y"
"955","small.hydrophobic.aa","small.hydrophobic.aa","0.999693063228975","Y"
"956","polar.and.charged.aa","polar.and.charged.aa","0.989532262609186","Y"
"957","tiny.aa","tiny.aa","0.967032967032967","Y"
"958","cyclic.aliphatic.aa","cyclic.aliphatic.aa","0.860606060606061","Y"
"959","small.hydrophilic.aa","small.hydrophilic.aa","1","Y"
"960","polar.and.charged.aa","polar.and.charged.aa","1","Y"
"961","small.hydrophilic.aa","small.hydrophilic.aa","1","Y"
"962","tiny.aa","tiny.aa","1","Y"
"963","small.hydrophilic.aa","small.hydrophilic.aa","0.994736842105263","Y"
"964","polar.and.charged.aa","polar.and.charged.aa","0.983606557377049","Y"
"965","polar.and.charged.aa","polar.and.charged.aa","0.904040404040404","Y"
"966","bulky.mainly.phenyl.derivatives.aa","C6.through.C11","0.798913043478261","N"
"967","cyclic.aliphatic.aa","small.hydrophilic.aa","0.289940828402367","N"
"968","small.hydrophilic.aa","small.hydrophilic.aa","1","Y"
"969","bulky.mainly.phenyl.derivatives.aa","bulky.mainly.phenyl.derivatives.aa","0.978142076502732","Y"
"970","polar.and.charged.aa","polar.and.charged.aa","0.532761904761905","Y"
"971","small.hydrophobic.aa","small.hydrophobic.aa","1","Y"
"972","small.hydrophobic.aa","small.hydrophobic.aa","1","Y"
"973","polar.and.charged.aa","polar.and.charged.aa","0.94954954954955","Y"
"974","bulky.mainly.phenyl.derivatives.aa","bulky.mainly.phenyl.derivatives.aa","0.69364161849711","Y"
"975","small.hydrophobic.aa","small.hydrophobic.aa","1","Y"
"976","small.hydrophilic.aa","small.hydrophilic.aa","1","Y"
"977","small.hydrophilic.aa","small.hydrophilic.aa","1","Y"
"978","polar.and.charged.aa","polar.and.charged.aa","0.758793969849246","Y"
"979","polar.and.charged.aa","polar.and.charged.aa","0.787804878048781","Y"
"980","small.hydrophilic.aa","small.hydrophilic.aa","0.99438202247191","Y"
"981","small.hydrophilic.aa","small.hydrophilic.aa","0.6","Y"
"982","cysteine.aa","cysteine.aa","0.927374301675978","Y"
"983","polar.and.charged.aa","polar.and.charged.aa","0.966321243523316","Y"
"984","cyclic.aliphatic.aa","bulky.mainly.phenyl.derivatives.aa","0.269230769230769","N"
"985","small.hydrophilic.aa","aryl.and.biaryl.derivatives","0.994871794871795","N"
"986","bulky.mainly.phenyl.derivatives.aa","bulky.mainly.phenyl.derivatives.aa","0.895061728395062","Y"
"987","small.hydrophobic.aa","small.hydrophobic.aa","0.988636363636364","Y"
"988","polar.and.charged.aa","polar.and.charged.aa","0.956043956043956","Y"
"989","small.hydrophobic.aa","small.hydrophobic.aa","1","Y"
"990","polar.and.charged.aa","polar.and.charged.aa","0.545714285714286","Y"
"991","polar.and.charged.aa","polar.and.charged.aa","0.579470618034448","Y"
"992","cysteine.aa","cysteine.aa","0.935483870967742","Y"
"993","cysteine.aa","cysteine.aa","0.950819672131147","Y"
"994","cysteine.aa","cysteine.aa","0.923076923076923","Y"
"995","small.hydrophilic.aa","aryl.and.biaryl.derivatives","0.961702127659575","N"
"996","bulky.mainly.phenyl.derivatives.aa","bulky.mainly.phenyl.derivatives.aa","0.980487804878049","Y"
"997","polar.and.charged.aa","polar.and.charged.aa","1","Y"
"998","polar.and.charged.aa","polar.and.charged.aa","1","Y"
"999","polar.and.charged.aa","polar.and.charged.aa","0.422459893048128","Y"
"1000","bulky.mainly.phenyl.derivatives.aa","bulky.mainly.phenyl.derivatives.aa","0.976878612716763","Y"
"1001","small.hydrophilic.aa","small.hydrophilic.aa","0.983870967741935","Y"
"1002","bulky.mainly.phenyl.derivatives.aa","polar.and.charged.aa","0.388731060606061","N"
"1003","polar.and.charged.aa","polar.and.charged.aa","0.943820224719101","Y"
"1004","bulky.mainly.phenyl.derivatives.aa","bulky.mainly.phenyl.derivatives.aa","0.984771573604061","Y"
"1005","small.hydrophobic.aa","small.hydrophobic.aa","0.373626373626374","Y"
"1006","tiny.aa","small.hydrophilic.aa","0.606598984771574","N"
"1007","cyclic.aliphatic.aa","bulky.mainly.phenyl.derivatives.aa","0.587209302325581","N"
"1008","polar.and.charged.aa","polar.and.charged.aa","0.984496124031008","Y"
"1009","small.hydrophilic.aa","small.hydrophilic.aa","0.459016393442623","Y"
"1010","bulky.mainly.phenyl.derivatives.aa","cyclic.aliphatic.aa","0.583333333333333","N"
"1011","bulky.mainly.phenyl.derivatives.aa","bulky.mainly.phenyl.derivatives.aa","0.978494623655914","Y"
"1012","bulky.mainly.phenyl.derivatives.aa","bulky.mainly.phenyl.derivatives.aa","0.978723404255319","Y"
"1013","cyclic.aliphatic.aa","cyclic.aliphatic.aa","0.91005291005291","Y"
"1014","cyclic.aliphatic.aa","cyclic.aliphatic.aa","0.913705583756345","Y"
"1015","small.hydrophobic.aa","small.hydrophobic.aa","1","Y"
"1016","bulky.mainly.phenyl.derivatives.aa","bulky.mainly.phenyl.derivatives.aa","0.419736842105263","Y"
"1017","small.hydrophilic.aa","small.hydrophilic.aa","1","Y"
"1018","small.hydrophobic.aa","small.hydrophobic.aa","0.531578947368421","Y"
"1019","small.hydrophobic.aa","small.hydrophobic.aa","0.395939086294416","Y"
"1020","bulky.mainly.phenyl.derivatives.aa","bulky.mainly.phenyl.derivatives.aa","0.440104166666667","Y"
"1021","bulky.mainly.phenyl.derivatives.aa","bulky.mainly.phenyl.derivatives.aa","0.96875","Y"
"1022","bulky.mainly.phenyl.derivatives.aa","bulky.mainly.phenyl.derivatives.aa","1","Y"
"1023","bulky.mainly.phenyl.derivatives.aa","bulky.mainly.phenyl.derivatives.aa","0.955665024630542","Y"
"1024","small.hydrophilic.aa","small.hydrophilic.aa","1","Y"
"1025","polar.and.charged.aa","bulky.mainly.phenyl.derivatives.aa","0.66243654822335","N"
"1026","polar.and.charged.aa","polar.and.charged.aa","1","Y"
"1027","cysteine.aa","cysteine.aa","1","Y"
"1028","small.hydrophobic.aa","small.hydrophobic.aa","0.698566308243728","Y"
"1029","bulky.mainly.phenyl.derivatives.aa","bulky.mainly.phenyl.derivatives.aa","0.9","Y"
"1030","polar.and.charged.aa","polar.and.charged.aa","0.963917525773196","Y"
"1031","small.hydrophobic.aa","small.hydrophobic.aa","0.989583333333333","Y"
"1032","small.hydrophilic.aa","small.hydrophilic.aa","0.648205489092189","Y"
"1033","small.hydrophilic.aa","small.hydrophilic.aa","0.61726032252348","Y"
"1034","bulky.mainly.phenyl.derivatives.aa","polar.and.charged.aa","0.225890985324948","N"
"1035","cysteine.aa","cysteine.aa","0.994505494505495","Y"
"1036","small.hydrophobic.aa","small.hydrophobic.aa","0.914572864321608","Y"
"1037","small.hydrophobic.aa","small.hydrophobic.aa","1","Y"
"1038","small.hydrophobic.aa","small.hydrophobic.aa","1","Y"
"1039","polar.and.charged.aa","polar.and.charged.aa","0.78021978021978","Y"
"1040","cysteine.aa","cysteine.aa","0.842696629213483","Y"
"1041","small.hydrophilic.aa","small.hydrophilic.aa","1","Y"
"1042","polar.and.charged.aa","polar.and.charged.aa","0.977619260870492","Y"
"1043","small.hydrophobic.aa","small.hydrophobic.aa","0.999802683504341","Y"
"1044","polar.and.charged.aa","polar.and.charged.aa","0.779255319148936","Y"
"1045","bulky.mainly.phenyl.derivatives.aa","bulky.mainly.phenyl.derivatives.aa","0.330056179775281","Y"
"1046","bulky.mainly.phenyl.derivatives.aa","bulky.mainly.phenyl.derivatives.aa","0.842462311557789","Y"
"1047","small.hydrophobic.aa","small.hydrophobic.aa","0.779069767441861","Y"
"1048","small.hydrophobic.aa","small.hydrophobic.aa","0.961538461538462","Y"
"1049","polar.and.charged.aa","polar.and.charged.aa","0.871104657247515","Y"
"1050","polar.and.charged.aa","polar.and.charged.aa","0.978723404255319","Y"
"1051","small.hydrophobic.aa","bulky.mainly.phenyl.derivatives.aa","0.220268006700167","N"
"1052","bulky.mainly.phenyl.derivatives.aa","bulky.mainly.phenyl.derivatives.aa","0.365497076023392","Y"
"1053","tiny.aa","tiny.aa","1","Y"
"1054","small.hydrophilic.aa","cysteine.aa","0.383419689119171","N"
"1055","cyclic.aliphatic.aa","cyclic.aliphatic.aa","0.82183908045977","Y"
"1056","bulky.mainly.phenyl.derivatives.aa","bulky.mainly.phenyl.derivatives.aa","0.702857142857143","Y"
"1057","bulky.mainly.phenyl.derivatives.aa","bulky.mainly.phenyl.derivatives.aa","1","Y"
"1058","bulky.mainly.phenyl.derivatives.aa","bulky.mainly.phenyl.derivatives.aa","0.975155279503106","Y"
"1059","bulky.mainly.phenyl.derivatives.aa","polar.and.charged.aa","0.591312056737589","N"
"1060","small.hydrophobic.aa","small.hydrophobic.aa","0.988826815642458","Y"
"1061","small.hydrophilic.aa","small.hydrophilic.aa","0.804469273743017","Y"
"1062","small.hydrophobic.aa","small.hydrophobic.aa","1","Y"
"1063","bulky.mainly.phenyl.derivatives.aa","bulky.mainly.phenyl.derivatives.aa","0.978609625668449","Y"
"1064","bulky.mainly.phenyl.derivatives.aa","bulky.mainly.phenyl.derivatives.aa","1","Y"
"1065","bulky.mainly.phenyl.derivatives.aa","bulky.mainly.phenyl.derivatives.aa","0.924731182795699","Y"
"1066","bulky.mainly.phenyl.derivatives.aa","bulky.mainly.phenyl.derivatives.aa","0.940860215053763","Y"
"1067","bulky.mainly.phenyl.derivatives.aa","bulky.mainly.phenyl.derivatives.aa","0.875","Y"
"1068","small.hydrophilic.aa","small.hydrophilic.aa","1","Y"
"1069","small.hydrophobic.aa","small.hydrophobic.aa","0.965317919075145","Y"
"1070","small.hydrophobic.aa","small.hydrophilic.aa","0.348066298342541","N"
"1071","cysteine.aa","cysteine.aa","1","Y"
"1072","bulky.mainly.phenyl.derivatives.aa","bulky.mainly.phenyl.derivatives.aa","0.457286432160804","Y"
"1073","tiny.aa","tiny.aa","0.49438202247191","Y"
"1074","bulky.mainly.phenyl.derivatives.aa","bulky.mainly.phenyl.derivatives.aa","1","Y"
"1075","bulky.mainly.phenyl.derivatives.aa","bulky.mainly.phenyl.derivatives.aa","0.99468085106383","Y"
"1076","bulky.mainly.phenyl.derivatives.aa","bulky.mainly.phenyl.derivatives.aa","1","Y"
"1077","bulky.mainly.phenyl.derivatives.aa","bulky.mainly.phenyl.derivatives.aa","0.946808510638298","Y"
"1078","small.hydrophobic.aa","small.hydrophobic.aa","1","Y"
"1079","small.hydrophobic.aa","small.hydrophobic.aa","1","Y"
"1080","small.hydrophobic.aa","small.hydrophobic.aa","0.93010752688172","Y"
"1081","bulky.mainly.phenyl.derivatives.aa","bulky.mainly.phenyl.derivatives.aa","0.630434782608696","Y"
"1082","small.hydrophilic.aa","small.hydrophilic.aa","0.936842105263158","Y"
"1083","polar.and.charged.aa","bulky.mainly.phenyl.derivatives.aa","0.439285714285714","N"
"1084","bulky.mainly.phenyl.derivatives.aa","bulky.mainly.phenyl.derivatives.aa","0.568852459016393","Y"
"1085","bulky.mainly.phenyl.derivatives.aa","bulky.mainly.phenyl.derivatives.aa","0.96875","Y"
"1086","cysteine.aa","cysteine.aa","0.966292134831461","Y"
"1087","small.hydrophobic.aa","small.hydrophobic.aa","0.792553191489362","Y"
"1088","small.hydrophobic.aa","aryl.and.biaryl.derivatives","0.195979899497487","N"
"1089","small.hydrophilic.aa","aryl.and.biaryl.derivatives","0.324175824175824","N"
"1090","small.hydrophobic.aa","small.hydrophobic.aa","0.994623655913978","Y"
"1091","polar.and.charged.aa","polar.and.charged.aa","0.657142857142857","Y"
"1092","polar.and.charged.aa","polar.and.charged.aa","0.896907216494845","Y"
"1093","polar.and.charged.aa","polar.and.charged.aa","0.888888888888889","Y"
"1094","polar.and.charged.aa","polar.and.charged.aa","0.745398773006135","Y"
"1095","cyclic.aliphatic.aa","cyclic.aliphatic.aa","0.530612244897959","Y"
"1096","cyclic.aliphatic.aa","cyclic.aliphatic.aa","0.592783505154639","Y"
"1097","small.hydrophobic.aa","small.hydrophobic.aa","0.61046511627907","Y"
"1098","polar.and.charged.aa","small.hydrophilic.aa","0.850267379679144","N"
"1099","small.hydrophobic.aa","small.hydrophobic.aa","0.436170212765957","Y"
"1100","small.hydrophobic.aa","small.hydrophobic.aa","0.893617021276596","Y"
"1101","small.hydrophobic.aa","small.hydrophilic.aa","0.485380116959064","N"
"1102","small.hydrophilic.aa","small.hydrophilic.aa","0.757894736842105","Y"
"1103","small.hydrophobic.aa","bulky.mainly.phenyl.derivatives.aa","0.267045454545455","N"
"1104","bulky.mainly.phenyl.derivatives.aa","cysteine.aa","0.994818652849741","N"
"1105","bulky.mainly.phenyl.derivatives.aa","bulky.mainly.phenyl.derivatives.aa","0.387096774193548","Y"
"1106","bulky.mainly.phenyl.derivatives.aa","bulky.mainly.phenyl.derivatives.aa","0.216316858496953","Y"
"1107","small.hydrophilic.aa","small.hydrophilic.aa","1","Y"
"1108","bulky.mainly.phenyl.derivatives.aa","bulky.mainly.phenyl.derivatives.aa","0.728643216080402","Y"
"1109","small.hydrophobic.aa","bulky.mainly.phenyl.derivatives.aa","0.3091985428051","N"
"1110","bulky.mainly.phenyl.derivatives.aa","bulky.mainly.phenyl.derivatives.aa","0.736585365853659","Y"
"1111","small.hydrophobic.aa","small.hydrophobic.aa","0.91304347826087","Y"
"1112","cyclic.aliphatic.aa","cyclic.aliphatic.aa","0.892045454545455","Y"
"1113","cysteine.aa","small.hydrophilic.aa","0.25414364640884","N"
"1114","cyclic.aliphatic.aa","cyclic.aliphatic.aa","0.850267379679144","Y"
"1115","small.hydrophobic.aa","small.hydrophobic.aa","0.967741935483871","Y"
"1116","bulky.mainly.phenyl.derivatives.aa","bulky.mainly.phenyl.derivatives.aa","0.837887067395264","Y"
"1117","cysteine.aa","cysteine.aa","0.994535519125683","Y"
"1118","small.hydrophobic.aa","small.hydrophobic.aa","0.940540540540541","Y"
"1119","polar.and.charged.aa","polar.and.charged.aa","1","Y"
"1120","bulky.mainly.phenyl.derivatives.aa","bulky.mainly.phenyl.derivatives.aa","0.541176470588235","Y"
"1121","cyclic.aliphatic.aa","cyclic.aliphatic.aa","0.893401015228426","Y"
"1122","polar.and.charged.aa","polar.and.charged.aa","0.426666666666667","Y"
"1123","polar.and.charged.aa","polar.and.charged.aa","1","Y"
"1124","polar.and.charged.aa","polar.and.charged.aa","0.653809523809524","Y"
"1125","polar.and.charged.aa","polar.and.charged.aa","0.881773399014778","Y"
"1126","bulky.mainly.phenyl.derivatives.aa","small.hydrophilic.aa","0.591836734693878","N"
"1127","bulky.mainly.phenyl.derivatives.aa","bulky.mainly.phenyl.derivatives.aa","0.805882352941176","Y"
"1128","small.hydrophilic.aa","small.hydrophilic.aa","0.983870967741935","Y"
"1129","polar.and.charged.aa","polar.and.charged.aa","0.862068965517241","Y"
"1130","small.hydrophilic.aa","small.hydrophilic.aa","0.727272727272727","Y"
"1131","cysteine.aa","bulky.mainly.phenyl.derivatives.aa","0.3","N"
"1132","tiny.aa","tiny.aa","0.919786096256685","Y"
"1133","small.hydrophilic.aa","small.hydrophobic.aa","0.22279792746114","N"
"1134","cyclic.aliphatic.aa","cyclic.aliphatic.aa","0.597087378640777","Y"
"1135","small.hydrophilic.aa","small.hydrophilic.aa","0.943820224719101","Y"
"1136","small.hydrophobic.aa","small.hydrophobic.aa","0.496238095238095","Y"
"1137","small.hydrophobic.aa","small.hydrophobic.aa","0.789814814814815","Y"
"1138","small.hydrophilic.aa","small.hydrophilic.aa","0.727272727272727","Y"
"1139","bulky.mainly.phenyl.derivatives.aa","small.hydrophobic.aa","0.457116548276769","N"
"1140","cysteine.aa","cysteine.aa","0.881081081081081","Y"
"1141","small.hydrophobic.aa","small.hydrophobic.aa","1","Y"
"1142","polar.and.charged.aa","polar.and.charged.aa","0.988324175824176","Y"
"1143","small.hydrophilic.aa","small.hydrophilic.aa","1","Y"
"1144","small.hydrophobic.aa","small.hydrophobic.aa","0.994818652849741","Y"
"1145","small.hydrophobic.aa","small.hydrophobic.aa","1","Y"
"1146","small.hydrophobic.aa","small.hydrophobic.aa","1","Y"
"1147","polar.and.charged.aa","polar.and.charged.aa","1","Y"
"1148","cyclic.aliphatic.aa","bulky.mainly.phenyl.derivatives.aa","0.483516483516484","N"
"1149","cyclic.aliphatic.aa","cyclic.aliphatic.aa","0.395833333333333","Y"
"1150","cyclic.aliphatic.aa","cyclic.aliphatic.aa","0.803468208092486","Y"
"1151","polar.and.charged.aa","polar.and.charged.aa","0.531379025598679","Y"
"1152","bulky.mainly.phenyl.derivatives.aa","polar.and.charged.aa","0.526685393258427","N"
"1153","polar.and.charged.aa","cysteine.aa","0.50887573964497","N"
"1154","cysteine.aa","cysteine.aa","0.23463687150838","Y"
"1155","bulky.mainly.phenyl.derivatives.aa","small.hydrophilic.aa","0.350877192982456","N"
"1156","cysteine.aa","cysteine.aa","0.951871657754011","Y"
"1157","small.hydrophobic.aa","small.hydrophobic.aa","0.526881720430108","Y"
"1158","cysteine.aa","cysteine.aa","0.994594594594595","Y"
"1159","polar.and.charged.aa","polar.and.charged.aa","1","Y"
"1160","tiny.aa","tiny.aa","0.491803278688525","Y"
"1161","polar.and.charged.aa","polar.and.charged.aa","0.993622448979592","Y"
"1162","small.hydrophilic.aa","small.hydrophilic.aa","0.580213903743315","Y"
"1163","polar.and.charged.aa","polar.and.charged.aa","1","Y"
"1164","bulky.mainly.phenyl.derivatives.aa","bulky.mainly.phenyl.derivatives.aa","0.46927374301676","Y"
"1165","bulky.mainly.phenyl.derivatives.aa","bulky.mainly.phenyl.derivatives.aa","0.612547892720307","Y"
"1166","bulky.mainly.phenyl.derivatives.aa","bulky.mainly.phenyl.derivatives.aa","0.694300518134715","Y"
"1167","tiny.aa","tiny.aa","0.96045197740113","Y"
"1168","cysteine.aa","cysteine.aa","0.486033519553073","Y"
"1169","polar.and.charged.aa","polar.and.charged.aa","0.985897435897436","Y"
"1170","small.hydrophilic.aa","small.hydrophilic.aa","0.357575757575758","Y"
"1171","cysteine.aa","cysteine.aa","0.972826086956522","Y"
"1172","small.hydrophobic.aa","small.hydrophilic.aa","0.325966850828729","N"
"1173","bulky.mainly.phenyl.derivatives.aa","bulky.mainly.phenyl.derivatives.aa","0.744949494949495","Y"
"1174","small.hydrophobic.aa","C12.through.C17","0.194594594594595","N"
"1175","cyclic.aliphatic.aa","cyclic.aliphatic.aa","0.307692307692308","Y"
"1176","bulky.mainly.phenyl.derivatives.aa","bulky.mainly.phenyl.derivatives.aa","0.285","Y"
"1177","polar.and.charged.aa","C12.through.C17","0.141025641025641","N"
"1178","cysteine.aa","cysteine.aa","1","Y"
"1179","cysteine.aa","cysteine.aa","0.917525773195876","Y"
"1180","polar.and.charged.aa","polar.and.charged.aa","0.575","Y"
"1181","polar.and.charged.aa","polar.and.charged.aa","1","Y"
"1182","small.hydrophilic.aa","small.hydrophilic.aa","1","Y"
"1183","polar.and.charged.aa","polar.and.charged.aa","0.681684981684982","Y"
"1184","polar.and.charged.aa","polar.and.charged.aa","0.672897196261682","Y"
"1185","polar.and.charged.aa","polar.and.charged.aa","1","Y"
"1186","small.hydrophilic.aa","small.hydrophilic.aa","0.947089947089947","Y"
"1187","small.hydrophobic.aa","small.hydrophobic.aa","0.969230769230769","Y"
"1188","bulky.mainly.phenyl.derivatives.aa","bulky.mainly.phenyl.derivatives.aa","0.98019801980198","Y"
"1189","small.hydrophilic.aa","bulky.mainly.phenyl.derivatives.aa","0.261780104712042","N"
"1190","small.hydrophilic.aa","small.hydrophobic.aa","0.317307692307692","N"
"1191","polar.and.charged.aa","polar.and.charged.aa","0.805485527544351","Y"
"1192","tiny.aa","tiny.aa","0.866279069767442","Y"
"1193","cyclic.aliphatic.aa","bulky.mainly.phenyl.derivatives.aa","0.96972049689441","N"
"1194","bulky.mainly.phenyl.derivatives.aa","cyclic.aliphatic.aa","0.896174863387978","N"
"1195","bulky.mainly.phenyl.derivatives.aa","bulky.mainly.phenyl.derivatives.aa","0.640710382513661","Y"
"1196","polar.and.charged.aa","polar.and.charged.aa","0.951871657754011","Y"
"1197","bulky.mainly.phenyl.derivatives.aa","bulky.mainly.phenyl.derivatives.aa","0.87514450867052","Y"
"1198","small.hydrophilic.aa","small.hydrophilic.aa","0.951515151515152","Y"
"1199","small.hydrophilic.aa","small.hydrophilic.aa","0.919354838709677","Y"
"1200","polar.and.charged.aa","polar.and.charged.aa","0.988372093023256","Y"
"1201","cysteine.aa","cysteine.aa","0.229166666666667","Y"
"1202","bulky.mainly.phenyl.derivatives.aa","bulky.mainly.phenyl.derivatives.aa","0.448453608247423","Y"
"1203","bulky.mainly.phenyl.derivatives.aa","bulky.mainly.phenyl.derivatives.aa","0.629807692307692","Y"
"1204","polar.and.charged.aa","polar.and.charged.aa","0.894871794871795","Y"
"1205","small.hydrophilic.aa","small.hydrophilic.aa","0.90625","Y"
"1206","small.hydrophobic.aa","small.hydrophobic.aa","0.983333333333333","Y"
"1207","cysteine.aa","cysteine.aa","0.221590909090909","Y"
"1208","cysteine.aa","cysteine.aa","0.942196531791908","Y"
"1209","small.hydrophilic.aa","small.hydrophilic.aa","0.659459459459459","Y"
"1210","polar.and.charged.aa","polar.and.charged.aa","0.895939086294416","Y"
"1211","bulky.mainly.phenyl.derivatives.aa","bulky.mainly.phenyl.derivatives.aa","0.764705882352941","Y"
"1212","tiny.aa","tiny.aa","1","Y"
"1213","cyclic.aliphatic.aa","cyclic.aliphatic.aa","0.769087523277468","Y"
"1214","cyclic.aliphatic.aa","cyclic.aliphatic.aa","0.472081218274112","Y"
"1215","bulky.mainly.phenyl.derivatives.aa","cyclic.aliphatic.aa","0.387978142076503","N"
"1216","tiny.aa","tiny.aa","0.978494623655914","Y"
"1217","tiny.aa","tiny.aa","0.963917525773196","Y"
"1218","tiny.aa","tiny.aa","0.979381443298969","Y"
"1219","small.hydrophobic.aa","small.hydrophobic.aa","1","Y"
"1220","polar.and.charged.aa","polar.and.charged.aa","0.983783783783784","Y"
"1221","bulky.mainly.phenyl.derivatives.aa","bulky.mainly.phenyl.derivatives.aa","0.832402234636871","Y"
"1222","polar.and.charged.aa","polar.and.charged.aa","1","Y"
"1223","small.hydrophilic.aa","small.hydrophilic.aa","0.995260663507109","Y"
"1224","polar.and.charged.aa","polar.and.charged.aa","1","Y"
"1225","small.hydrophilic.aa","small.hydrophilic.aa","0.994708994708995","Y"
"1226","polar.and.charged.aa","polar.and.charged.aa","1","Y"
"1227","polar.and.charged.aa","polar.and.charged.aa","1","Y"
"1228","small.hydrophobic.aa","small.hydrophobic.aa","1","Y"
"1229","small.hydrophobic.aa","small.hydrophobic.aa","1","Y"
"1230","polar.and.charged.aa","polar.and.charged.aa","0.647449514662629","Y"
"1231","small.hydrophobic.aa","small.hydrophobic.aa","0.993596390168971","Y"
"1232","small.hydrophobic.aa","polar.and.charged.aa","1","N"
"1233","polar.and.charged.aa","polar.and.charged.aa","0.973684210526316","Y"
"1234","small.hydrophilic.aa","aryl.and.biaryl.derivatives","0.912393162393162","N"
"1235","small.hydrophilic.aa","small.hydrophilic.aa","1","Y"
"1236","tiny.aa","polar.and.charged.aa","0.213221601489758","N"
"1237","cysteine.aa","cysteine.aa","0.783333333333333","Y"
"1238","small.hydrophobic.aa","small.hydrophobic.aa","0.595113438045375","Y"
"1239","small.hydrophilic.aa","polar.and.charged.aa","0.187192118226601","N"
"1240","polar.and.charged.aa","bulky.mainly.phenyl.derivatives.aa","0.132398753894081","N"
"1241","tiny.aa","tiny.aa","1","Y"
"1242","polar.and.charged.aa","polar.and.charged.aa","0.98876404494382","Y"
"1243","tiny.aa","tiny.aa","1","Y"
"1244","tiny.aa","tiny.aa","0.994219653179191","Y"
"1245","polar.and.charged.aa","polar.and.charged.aa","0.999192897497982","Y"
"1246","tiny.aa","tiny.aa","0.876288659793814","Y"
"1247","tiny.aa","tiny.aa","0.994736842105263","Y"
"1248","polar.and.charged.aa","polar.and.charged.aa","1","Y"
"1249","small.hydrophobic.aa","small.hydrophobic.aa","1","Y"
"1250","small.hydrophilic.aa","small.hydrophilic.aa","1","Y"
"1251","small.hydrophobic.aa","small.hydrophobic.aa","1","Y"
"1252","small.hydrophobic.aa","small.hydrophobic.aa","0.99971363115693","Y"
"1253","small.hydrophobic.aa","small.hydrophobic.aa","1","Y"
"1254","small.hydrophobic.aa","small.hydrophobic.aa","0.99981778425656","Y"
"1255","small.hydrophobic.aa","small.hydrophobic.aa","0.99968253968254","Y"
"1256","polar.and.charged.aa","polar.and.charged.aa","0.878214285714286","Y"
"1257","small.hydrophobic.aa","small.hydrophobic.aa","1","Y"
"1258","small.hydrophobic.aa","small.hydrophobic.aa","0.9968720821662","Y"
"1259","small.hydrophilic.aa","polar.and.charged.aa","0.388888888888889","N"
"1260","cyclic.aliphatic.aa","cyclic.aliphatic.aa","0.847058823529412","Y"
"1261","small.hydrophilic.aa","small.hydrophilic.aa","0.575916230366492","Y"
"1262","small.hydrophilic.aa","polar.and.charged.aa","0.787053571428571","N"
"1263","bulky.mainly.phenyl.derivatives.aa","bulky.mainly.phenyl.derivatives.aa","0.661016949152542","Y"
"1264","small.hydrophobic.aa","small.hydrophobic.aa","0.910112359550562","Y"
"1265","bulky.mainly.phenyl.derivatives.aa","polar.and.charged.aa","0.709369369369369","N"
"1266","bulky.mainly.phenyl.derivatives.aa","bulky.mainly.phenyl.derivatives.aa","0.642045454545455","Y"
"1267","small.hydrophobic.aa","small.hydrophobic.aa","0.945355191256831","Y"
"1268","cyclic.aliphatic.aa","cyclic.aliphatic.aa","0.810810810810811","Y"
"1269","cyclic.aliphatic.aa","bulky.mainly.phenyl.derivatives.aa","0.207182320441989","N"
"1270","bulky.mainly.phenyl.derivatives.aa","bulky.mainly.phenyl.derivatives.aa","0.899087893864013","Y"
"1271","small.hydrophobic.aa","polar.and.charged.aa","0.392670157068063","N"
"1272","cysteine.aa","cysteine.aa","1","Y"
"1273","cysteine.aa","cysteine.aa","1","Y"
"1274","small.hydrophobic.aa","small.hydrophobic.aa","0.970053475935829","Y"
"1275","tiny.aa","tiny.aa","0.958974358974359","Y"
