full_id,substrate,cluster_id
a0001_bAla_AAG02364.1_A1_BGC0000963_bleomycin,bAla,1
a0002_Cys_AAG02364.1_A2_BGC0000963_bleomycin,Cys,2
a0003_Ala_AAO72424.1_A1_BGC0000438_syringopeptin,Ala,3
a0004_Val_AAO72424.1_A2_BGC0000438_syringopeptin,Val,4
a0005_Val_AAO72424.1_A3_BGC0000438_syringopeptin,Val,4
a0006_dhAbu_AAO72424.1_A4_BGC0000438_syringopeptin,dhAbu,5
a0007_Ala_AAO72424.1_A5_BGC0000438_syringopeptin,Ala,3
a0008_dhAbu_AAF99707.2_A1_BGC0000438_syringopeptin,dhAbu,5
a0009_Pro_AAF99707.2_A2_BGC0000438_syringopeptin,Pro,6
a0010_Val_AAF99707.2_A3_BGC0000438_syringopeptin,Val,4
a0011_Val_AAF99707.2_A4_BGC0000438_syringopeptin,Val,4
a0012_Ala_AAF99707.2_A5_BGC0000438_syringopeptin,Ala,3
a0013_Val_AEC14349.1_A1_BGC0000377_koranimine,Val,6
a0014_Hpg|Cl2-Hpg_CAE53350.1_A1_BGC0000440_teicoplanin,Hpg|Cl2-Hpg,7
a0015_Tyr_CAE53350.1_A2_BGC0000440_teicoplanin,Tyr,4
a0016_Leu_CAC48360.1_A1_BGC0000311_balhimycin,Leu,7
a0017_bOH-Tyr_CAC48360.1_A2_BGC0000311_balhimycin,bOH-Tyr,4
a0018_Asn_CAC48360.1_A3_BGC0000311_balhimycin,Asn,8
a0019_Aad_AAA63415.1_A1_BGC0000405_penicillin,Aad,8
a0020_Cys_AAA63415.1_A2_not_in_mibig_penicillin,Cys,4
a0021_Cys_CAA38195.1_A2_not_in_mibig_penicillin,Cys,4
a0022_Val_AAA63415.1_A3_not_in_mibig_penicillin,Val,4
a0023_Ala_BAB94679.1_A1_not_in_mibig_lipoteichoic_acid,Ala,6
a0024_Ala_BAB57094.1_A1_not_in_mibig_lipoteichoic_acid,Ala,6
a0025_Glu_CAE11277.1_A1_BGC0001095_fengycin,Glu,4
a0026_Orn_CAE11277.1_A2_BGC0001095_fengycin,Orn,8
a0027_Thr_AAG02358.1_A1_BGC0000963_bleomycin,Thr,5
a0028_Gly_AAX16360.1_A1_not_in_mibig_pyoverdine,Gly,3
a0029_aThr_AAX16360.1_A2_not_in_mibig_pyoverdine,aThr,5
a0030_Ser_AAX16360.1_A3_not_in_mibig_pyoverdine,Ser,1
a0031_OH-Orn_AAX16360.1_A4_not_in_mibig_pyoverdine,OH-Orn,4
a0032_Trp_AAZ23075.1_A1_BGC0000291_A54145,Trp,6
a0033_Glu_AAZ23075.1_A2_BGC0000291_A54145,Glu,8
a0034_OH-Asn_AAZ23075.1_A3_BGC0000291_A54145_NOTE:some_disagreement_whether_Asn_or_OH-Asn_is_activated,OH-Asn,8
a0035_Thr_AAZ23075.1_A4_BGC0000291_A54145,Thr,5
a0036_Gly_AAZ23075.1_A5_BGC0000291_A54145_NOTE:end_product_is_Sar_due_to_M_domain,Gly,3
a0037_Aad_BAA08846.1_A1_not_in_mibig_cephalosporin,Aad,8
a0038_Cys_BAA08846.1_A2_not_in_mibig_cephalosporin,Cys,3
a0039_Val_BAA08846.1_A3_not_in_mibig_cephalosporin,Val,4
a0040_Ala_AAK57184.1_A1_BGC0001022_myxalamid,Ala,4
a0041_Ser_AAX16297.1_A1_not_in_mibig_pyoverdine,Ser,1
a0042_Arg_AAX16297.1_A2_not_in_mibig_pyoverdine,Arg,3
a0043_Ser_AAX16297.1_A3_not_in_mibig_pyoverdine,Ser,1
a0044_OH-Orn_AAX16297.1_A4_not_in_mibig_pyoverdine,OH-Orn,7
a0045_Ser_AAX16361.1_A1_not_in_mibig,Ser,1
a0046_OH-Orn_AAX16361.1_A2_not_in_mibig,OH-Orn,7
a0047_Orn_AAX16361.1_A3_not_in_mibig,Orn,8
a0048_Gln_AAU22002.1_A1_BGC0000381_lichenysin,Gln,4
a0049_Leu_AAU22002.1_A2_BGC0000381_lichenysin,Leu,8
a0050_Leu_AAU22002.1_A3_BGC0000381_lichenysin,Leu,6
a0051_Gly_AAC44129.1_A1_not_in_mibig_saframycin_mx1,Gly,3
a0052_Ala_CAD92850.1_A1_not_in_mibig_gramicidin,Ala,4
a0053_Leu_CAD92850.1_A2_not_in_mibig_gramicidin,Leu,7
a0054_Ala_CAD92850.1_A3_not_in_mibig_gramicidin,Ala,4
a0055_Val_CAD92850.1_A4_not_in_mibig_gramicidin,Val,4
a0056_Hpg|Cl2-Hpg_CAE53352.1_A1_BGC0000440_teicoplanin,Hpg|Cl2-Hpg,7
a0057_Hpg|Cl2-Hpg_CAE53352.1_A2_BGC0000440_teicoplanin,Hpg|Cl2-Hpg,7
a0058_Tyr|bOH-Tyr_CAE53352.1_A3_BGC0000440_teicoplanin,Tyr|bOH-Tyr,4
a0059_Pro_CAA67249.1_A1_BGC0000952_pristinamycin,Pro,4
a0060_Phe_CAA67249.1_A2_BGC0000952_pristinamycin,Phe,7
a0061_Pip_CAA67249.1_A3_BGC0000952_pristinamycin,Pip,4
a0062_PhGly_CAA67249.1_A4_BGC0000952_pristinamycin,PhGly,7
a0063_Ala_AAS98786.1_A1_BGC0001001_jamaicamide,Ala,4
a0064_Val_AAO72425.1_A1_BGC0000438_syringopeptin,Val,4
a0065_Ala_AAO72425.1_A2_BGC0000438_syringopeptin,Ala,3
a0066_Ala_AAO72425.1_A3_BGC0000438_syringopeptin,Ala,3
a0067_dhAbu_AAO72425.1_A4_BGC0000438_syringopeptin,dhAbu,5
a0068_aThr_AAO72425.1_A5_BGC0000438_syringopeptin,aThr,5
a0069_Ser_AAO72425.1_A6_BGC0000438_syringopeptin,Ser,1
a0070_Ala_AAO72425.1_A7_BGC0000438_syringopeptin,Ala,3
a0071_dhAbu_AAO72425.1_A8_BGC0000438_syringopeptin,dhAbu,5
a0072_Ala_AAO72425.1_A9_BGC0000438_syringopeptin,Ala,3
a0073_Dab_AAO72425.1_A10_BGC0000438_syringopeptin,Dab,7
a0074_Dab_AAO72425.1_A11_BGC0000438_syringopeptin,Dab,7
a0075_Tyr_AAO72425.1_A12_BGC0000438_syringopeptin,Tyr,5
a0076_Tyr_CAA84361.1_A1_BGC0000407_plipastatin,Tyr,8
a0077_Thr_CAA84361.1_A2_BGC0000407_plipastatin,Thr,5
a0078_Hpg|Cl2-Hpg_AAK81826.1_A1_BGC0000326_complestatin,Hpg|Cl2-Hpg,7
a0079_Hpg|Cl2-Hpg_AAK81826.1_A2_BGC0000326_complestatin,Hpg|Cl2-Hpg,7
a0080_Tyr_AAK81826.1_A3_BGC0000326_complestatin,Tyr,4
a0081_Aad_AAA03914.1_A1_not_in_mibig_penicillin,Aad,8
a0082_Cys_AAA03914.1_A2_not_in_mibig_penicillin,Cys,4
a0083_Val_AAA03914.1_A3_not_in_mibig_penicillin,Val,4
a0084_Pro_AAC45929.1_A1_BGC0000452_tyrocidine,Pro,1
a0085_Phe_AAC45929.1_A2_BGC0000452_tyrocidine,Phe,8
a0086_Phe_AAC45929.1_A3_BGC0000452_tyrocidine,Phe,6
a0087_Orn_AAX31558.1_A1_BGC0000336_daptomycin,Orn,4
a0088_Asp_AAX31558.1_A2_BGC0000336_daptomycin,Asp,8
a0089_Ala_AAX31558.1_A3_BGC0000336_daptomycin,Ala,1
a0090_Asp_AAX31558.1_A4_BGC0000336_daptomycin,Asp,8
a0091_Gly_AAX31558.1_A5_BGC0000336_daptomycin,Gly,3
a0092_Ser_AAX31558.1_A6_BGC0000336_daptomycin,Ser,1
a0093_di-OH-Bz_AAC44632.1_A1_not_in_mibig_enterobactin_like_siderophore,di-OH-Bz,5
a0094_Gly_EWS95124.1_A1_BGC0000306_arylomycin,Gly,3
a0095_Hpg_EWS95124.1_A2_BGC0000306_arylomycin,Hpg,7
a0096_Ala|Gly_EWS95124.1_A3_BGC0000306_arylomycin,Ala|Gly,1
a0097_Tyr_EWS95124.1_A4_BGC0000306_arylomycin,Tyr,6
a0098_4OH-5OH-Orn_EPE34341.1_A1_BGC0001035_pneumocandin,4OH-5OH-Orn,4
a0099_Thr_EPE34341.1_A2_BGC0001035_pneumocandin,Thr,4
a0100_Pro_EPE34341.1_A3_BGC0001035_pneumocandin_NOTE:subsequent_hydroxylation_at_C4,Pro,4
a0101_Dhh-Tyr_EPE34341.1_A4_BGC0001035_pneumocandin,Dhh-Tyr,8
a0102_3OH-Gln_EPE34341.1_A5_BGC0001035_pneumocandin,3OH-Gln,3
a0103_Pro|4Me-Pro_EPE34341.1_A6_BGC0001035_pneumocandin_NOTE:subsequent_hydroxylation_at_C3,Pro|4Me-Pro,8
a0104_Pro_AGQ43600.1_A1_BGC0001166_HC-toxin,Pro,4
a0105_Ala_AGQ43600.1_A2_BGC0001166_HC-toxin,Ala,4
a0106_Ala_AGQ43600.1_A3_BGC0001166_HC-toxin_Note:final_epimerized,Ala,4
a0107_Aeo_AGQ43600.1_A4_BGC0001166_HC-toxin,Aeo,3
a0108_aThr|Ser_BAO73252.1_A1_BGC0000456_verlamelin,aThr|Ser,4
a0109_Ala_BAO73252.1_A2_BGC0000456_verlamelin,Ala,4
a0110_Pro_BAO73252.1_A3_BGC0000456_verlamelin,Pro,4
a0111_Gln_BAO73252.1_A4_BGC0000456_verlamelin,Gln,4
a0112_Tyr_BAO73252.1_A5_BGC0000456_verlamelin,Tyr,4
a0113_Val_BAO73252.1_A6_BGC0000456_verlamelin,Val,8
a0114_D-Ala_simA_not_in_genbank_A1_BGC0000334_cyclosporin_NOTE:producer_Tolypocladium_inflatum;NOTE:racemase_is_off_assembly_line;NOTE:true_D_anomaly,D-Ala,4
a0115_Leu_simA_not_in_genbank_A2_BGC0000334_cyclosporin_NOTE:producer_Tolypocladium_inflatum,Leu,4
a0116_Leu_simA_not_in_genbank_A3_BGC0000334_cyclosporin_NOTE:producer_Tolypocladium_inflatum,Leu,8
a0117_Val_simA_not_in_genbank_A4_BGC0000334_cyclosporin_NOTE:producer_Tolypocladium_inflatum,Val,4
a0118_Bmt_simA_not_in_genbank_A5_BGC0000334_cyclosporin_NOTE:producer_Tolypocladium_inflatum,Bmt,4
a0119_Abu_simA_not_in_genbank_A6_BGC0000334_cyclosporin_NOTE:producer_Tolypocladium_inflatum,Abu,4
a0120_NMe-Gly_simA_not_in_genbank_A7_BGC0000334_cyclosporin_NOTE:producer_Tolypocladium_inflatum,NMe-Gly,4
a0121_Leu_simA_not_in_genbank_A8_BGC0000334_cyclosporin_NOTE:producer_Tolypocladium_inflatum,Leu,4
a0122_Val_simA_not_in_genbank_A9_BGC0000334_cyclosporin_NOTE:producer_Tolypocladium_inflatum,Val,4
a0123_Leu_simA_not_in_genbank_A10_BGC0000334_cyclosporin_NOTE:producer_Tolypocladium_inflatum,Leu,4
a0124_Ala_simA_not_in_genbank_A11_BGC0000334_cyclosporin_NOTE:producer_Tolypocladium_inflatum,Ala,4
a0125_Thr_AHZ20774.1_A1_BGC0000369_hassallidins,Thr,5
a0126_Gln_AHZ20774.1_A2_BGC0000369_hassallidins,Gln,4
a0127_Gly_AHZ20774.1_A3_BGC0000369_hassallidins,Gly,3
a0128_Val_AGC65514.1_A1_not_in_mibig_thalassospiramide_b,Val,4
a0129_Ser_AGC65514.1_A2_not_in_mibig_thalassospiramide_b,Ser,1
a0130_Val_AGC65514.1_A3_not_in_mibig_thalassospiramide_b,Val,4
a0131_Dhpg_AHF20583.1_A1_BGC0000418_ristocetin,Dhpg,7
a0132_Dhpg_AIG79242.1_A1_BGC0000419_ristomycin_A,Dhpg,7
a0133_Ala_CDG17982.1_A1_BGC0000464_xenoamicins,Ala,4
a0134_bAla_CDG17982.1_A2_BGC0000464_xenoamicins,bAla,1
a0135_Pro_CDG17982.1_A3_BGC0000464_xenoamicins,Pro,4
a0136_Leu_CDG17982.1_A4_BGC0000464_xenoamicins,Leu,4
a0137_Pro_AAA33023.2_A1_BGC0000370_HC-toxin,Pro,4
a0138_Ala_AAA33023.2_A2_BGC0000370_HC-toxin,Ala,4
a0139_Ala_AAA33023.2_A3_BGC0000370_HC-toxin_NOTE:final_epimerized,Ala,4
a0140_Ala_A45086_A3_not_in_mibig_HC-toxin,Ala,4
a0141_Aeo_AAA33023.2_A4_BGC0000370_HC-toxin,Aeo,3
a0142_Trp_CAP96445.1_A1_BGC0000420_roquefortine,Trp,1
a0143_His_CAP96445.1_A2_BGC0000420_roquefortine,His,4
a0144_Aad_AAK1902.1_A1_not_in_mibig_penicillin,Aad,8
a0145_Cys_AAK1902.1_A2_not_in_mibig_penicillin,Cys,4
a0146_Val_AAK1902.1_A3_not_in_mibig_penicillin,Val,5
a0147_Val_CBJ90082.1_A1_BGC0001132_xenotetrapeptide,Val,4
a0148_Leu_CBJ90082.1_A2_BGC0001132_xenotetrapeptide,Leu,6
a0149_Val_CBJ90082.1_A3_BGC0001132_xenotetrapeptide,Val,4
a0150_Val_CBJ90082.1_A4_BGC0001132_xenotetrapeptide,Val,4
a0151_Gly_CCA29202.1_A1_BGC0000955_althiomycin,Gly,3
a0152_Cys_CCA29202.1_A2_BGC0000955_althiomycin,Cys,2
a0153_Ser_CCA29203.1_A1_BGC0000955_althiomycin,Ser,1
a0154_Cys_CCA29203.1_A2_BGC0000955_althiomycin,Cys,2
a0155_Gly_CCA29203.1_A3_BGC0000955_althiomycin,Gly,3
a0156_Val_CBJ90289.1_A1_BGC0000416_rhabdopeptides,Val,4
a0157_Leu_CBJ90287.1_A1_BGC0000416_rhabdopeptides,Leu,6
a0158_Val_CBJ90288.1_A1_BGC0000416_rhabdopeptides,Val,4
a0159_Leu_AFH75328.1_A1_BGC0000398_orfamide,Leu,6
a0160_Glu_AFH75328.1_A2_BGC0000398_orfamide,Glu,1
a0161_Thr_AFH75329.1_A1_BGC0000398_orfamide,Thr,5
a0162_Val_AFH75329.1_A2_BGC0000398_orfamide,Val,4
a0163_Leu_AFH75329.1_A3_BGC0000398_orfamide,Leu,6
a0164_Ser_AFH75329.1_A4_BGC0000398_orfamide,Ser,1
a0165_Leu_AFH75330.1_A1_BGC0000398_orfamide,Leu,6
a0166_Leu_AFH75330.1_A2_BGC0000398_orfamide,Leu,6
a0167_Ser_AFH75330.1_A3_BGC0000398_orfamide,Ser,1
a0168_Val_AFH75330.1_A4_BGC0000398_orfamide,Val,4
a0169_Val_AGC65516.1_A1_BGC0001050_thalassospiramide_a,Val,4
a0170_Ser_AGC65516.1_A2_BGC0001050_thalassospiramide_a,Ser,1
a0171_Tyr_AGC65517.1_A1_BGC0001050_thalassospiramide_a,Tyr,4
a0172_Ala_ABB80392.1_A1_not_in_mibig_cephabacin,Ala,1
a0173_Ala_ABB80392.1_A2_not_in_mibig_cephabacin,Ala,1
a0174_Arg_ABB80392.1_A3_not_in_mibig_cephabacin,Arg,7
a0175_Asp_AAO55667.1_A1_not_in_mibig_pyoverdine,Asp,8
a0176_Ser_AAO55667.1_A2_not_in_mibig_pyoverdine,Ser,1
a0177_Thr_AGN11881.1_A1_BGC0001114_thailanstatin,Thr,5
a0178_Thr_AIC32693.1_A1_BGC0001113_spliceostatin_FR901464,Thr,5
a0179_Leu_CDG17981.1_A1_BGC0000464_xenoamicins,Leu,4
a0180_Leu_CDG17981.1_A2_BGC0000464_xenoamicins,Leu,4
a0181_Pro_CDG17980.1_A1_BGC0000464_xenoamicins,Pro,4
a0182_Ala_CDG17980.1_A2_BGC0000464_xenoamicins,Ala,4
a0183_Val_CDG17980.1_A3_BGC0000464_xenoamicins,Val,4
a0184_Leu_CDG17980.1_A4_BGC0000464_xenoamicins,Leu,4
a0185_Ile_CDG17980.1_A5_BGC0000464_xenoamicins,Ile,4
a0186_Thr_CDG17980.1_A6_BGC0000464_xenoamicins,Thr,5
a0187_Leu_CDG17980.1_A7_BGC0000464_xenoamicins,Leu,4
a0188_Orn_AHH53507.1_A1_BGC0000439_taromycin,Orn,4
a0189_Asp_AHH53507.1_A2_BGC0000439_taromycin,Asp,8
a0190_Ala_AHH53507.1_A3_BGC0000439_taromycin,Ala,4
a0191_Asp_AHH53507.1_A4_BGC0000439_taromycin,Asp,8
a0192_Gly_AHH53507.1_A5_BGC0000439_taromycin,Gly,3
a0193_Ala_AHH53507.1_A6_BGC0000439_taromycin,Ala,7
a0194_Trp_AHH53506.1_A1_BGC0000439_taromycin,Trp,4
a0195_Asp_AHH53506.1_A2_BGC0000439_taromycin,Asp,8
a0196_Asp_AHH53506.1_A3_BGC0000439_taromycin,Asp,8
a0197_Thr_AHH53506.1_A4_BGC0000439_taromycin,Thr,5
a0198_Gly_AHH53506.1_A5_BGC0000439_taromycin,Gly,3
a0199_Glu_AHH53508.1_A1_BGC0000439_taromycin,Glu,8
a0200_Kyn_AHH53508.1_A2_BGC0000439_taromycin,Kyn,5
a0201_Dhpg_CAA11796.1_A1_BGC0000322_chloroeremomycin,Dhpg,7
a0202_Thr_AEA30272.1_A1_BGC0000429_skyllamycin,Thr,5
a0203_Ala_AEA30272.1_A2_BGC0000429_skyllamycin,Ala,4
a0204_Asp|bMe-Asp_AEA30272.1_A3_BGC0000429_skyllamycin,Asp|bMe-Asp,8
a0205_Gly_AEA30272.1_A4_BGC0000429_skyllamycin_NOTE:final_product_epimerized,Gly,3
a0206_Phe_AEA30273.1_A1_BGC0000429_skyllamycin_NOTE:final_beta_hydroxylated,Phe,4
a0207_Pro_AEA30273.1_A2_BGC0000429_skyllamycin,Pro,4
a0208_Tyr_AEA30273.1_A3_BGC0000429_skyllamycin,Tyr,1
a0209_Trp_AEA30273.1_A4_BGC0000429_skyllamycin_NOTE:final_product_epimerized,Trp,4
a0210_Gly_AEA30274.1_A1_BGC0000429_skyllamycin_NOTE:final_alpha_hydroxylated,Gly,3
a0211_Leu_AEA30274.1_A2_BGC0000429_skyllamycin_NOTE:final_product_epimerized,Leu,7
a0212_Leu_AEA30274.1_A3_BGC0000429_skyllamycin_NOTE:no_epimerase_domain_NOTE:final_beta_hydroxylated,Leu,7
a0213_Cys_CAJ34375.1_A1_BGC0000445_thiocoraline,Cys,2
a0214_Cys_CAJ34375.1_A2_BGC0000445_thiocoraline,Cys,4
a0215_Asp_AAO55665.1_A1_not_in_mibig_pyoverdine,Asp,8
a0216_Thr_AAO55665.1_A2_not_in_mibig_pyoverdine,Thr,5
a0217_Ser_AAA92015.1_A1_not_in_mibig_enterobactin,Ser,1
a0218_Leu_BAC67536.1_A1_BGC0000305_arthrofactin,Leu,6
a0219_Ser_BAC67536.1_A2_BGC0000305_arthrofactin,Ser,1
a0220_Ile_BAC67536.1_A3_BGC0000305_arthrofactin,Ile,4
a0221_Ile_BAC67536.1_A4_BGC0000305_arthrofactin,Ile,4
a0222_Asp_BAC67536.1_A5_BGC0000305_arthrofactin,Asp,7
a0223_aThr|Thr_CAA67248.1_A1_BGC0000952_pristinamycin,aThr|Thr,5
a0224_Abu|Ival_CAA67248.1_A2_BGC0000952_pristinamycin,Abu|Ival,7
a0225_Ile_AAY29580.1_A1_not_in_mibig_bt_peptide,Ile,4
a0226_Val_AAY29580.1_A2_not_in_mibig_bt_peptide,Val,4
a0227_Val_AAY29580.1_A3_not_in_mibig_bt_peptide,Val,4
a0228_Lys_AAY29580.1_A4_not_in_mibig_bt_peptide,Lys,7
a0229_Ser_CAB38518.1_A1_BGC0000315_calcium_dependent_antibiotic,Ser,1
a0230_aThr|Thr_CAB38518.1_A2_BGC0000315_calcium_dependent_antibiotic,aThr|Thr,5
a0231_Trp_CAB38518.1_A3_BGC0000315_calcium_dependent_antibiotic,Trp,4
a0232_Asp_CAB38518.1_A4_BGC0000315_calcium_dependent_antibiotic,Asp,8
a0233_Asp_CAB38518.1_A5_BGC0000315_calcium_dependent_antibiotic,Asp,8
a0234_Hpg|Cl2-Hpg_CAB38518.1_A6_BGC0000315_calcium_dependent_antibiotic,Hpg|Cl2-Hpg,7
a0235_aThr|Thr_WP_057667184.1_A1_BGC0000296_actinomycin,aThr|Thr,5
a0236_Val_WP_057667184.1_A2_BGC0000296_actinomycin,Val,4
a0237_Ile_AAO23334.1_A1_BGC0000397_nostocyclopeptide,Ile,4
a0238_Ser_AAO23334.1_A2_BGC0000397_nostocyclopeptide,Ser,1
a0239_Pro|4Me-Pro_AAO23334.1_A3_BGC0000397_nostocyclopeptide,Pro|4Me-Pro,4
a0243_Fo-OH-Orn_BAH31686.1_A1_BGC0000371_heterobactin,Fo-OH-Orn,4
a0244_Ser_BAH31686.1_A2_BGC0000371_heterobactin,Ser,1
a0245_OH-Orn_BAH31686.1_A3_BGC0000371_heterobactin,OH-Orn,4
a0246_OH-Orn_BAH31686.1_A4_BGC0000371_heterobactin,OH-Orn,4
a0247_Arg_BAH33409.1_A1_BGC0000371_heterobactin,Arg,7
a0248_Gly_BAH33409.1_A2_BGC0000371_heterobactin,Gly,3
a0249_OH-Orn_BAH33409.1_A3_BGC0000371_heterobactin,OH-Orn,4
a0250_Ala_AFR69334.1_A1_BGC0001045_spiruchostatin_NOTE:final_product_epimerized,Ala,4
a0251_Cys_AFR69334.1_A2_BGC0001045_spiruchostatin_NOTE:final_product_epimerized,Cys,2
a0252_Ile|Val_AFR69334.1_A3_BGC0001045_spiruchostatin,Ile|Val,5
a0253_Glyco-cya_AIS24862.1_A1_BGC0001147_distamycin,Glyco-cya,7
a0254_Thr_CCJ67636.1_A1_BGC0000447_tolaasin_NOTE:final_2-3‐didehydrobutyrine,Thr,5
a0255_Pro_CCJ67636.1_A2_BGC0000447_tolaasin_NOTE:final_epimerized,Pro,6
a0256_Ser_CCJ67636.1_A3_BGC0000447_tolaasin_NOTE:final_epimerized,Ser,1
a0257_Leu_CCJ67637.1_A1_BGC0000447_tolaasin_NOTE:final_epimerized,Leu,6
a0258_Val_CCJ67637.1_A2_BGC0000447_tolaasin_NOTE:final_epimerized,Val,4
a0259_Ser_CCJ67637.1_A3_BGC0000447_tolaasin_NOTE:final_epimerized,Ser,1
a0260_Leu_CCJ67638.1_A1_BGC0000447_tolaasin_NOTE:final_epimerized,Leu,6
a0261_Val_CCJ67638.1_A2_BGC0000447_tolaasin_NOTE:final_epimerized,Val,4
a0262_Val_CCJ67638.1_A3_BGC0000447_tolaasin_NOTE:final_epimerized,Val,4
a0263_Gln_CCJ67639.1_A1_BGC0000447_tolaasin_NOTE:final_epimerized,Gln,1
a0264_Leu_CCJ67639.1_A2_BGC0000447_tolaasin,Leu,6
a0265_Val_CCJ67639.1_A3_BGC0000447_tolaasin_NOTE:final_epimerized,Val,4
a0266_Thr_CCJ67640.1_A1_BGC0000447_tolaasin_NOTE:final_2-3‐didehydrobutyrine,Thr,5
a0267_aThr_CCJ67640.1_A2_BGC0000447_tolaasin_NOTE:final_epimerized,aThr,5
a0268_Leu_CCJ67640.1_A3_BGC0000447_tolaasin,Leu,6
a0269_Hse_CCJ67640.1_A4_BGC0000447_tolaasin,Hse,8
a0270_Dab_CCJ67640.1_A5_BGC0000447_tolaasin_NOTE:final_epimerized,Dab,7
a0271_Lys_CCJ67640.1_A6_BGC0000447_tolaasin,Lys,4
a0272_Phe_CAB55600.1_A1_BGC0000365_glycopeptidolipid,Phe,5
a0273_Thr_CAB55600.1_A2_BGC0000365_glycopeptidolipid,Thr,5
a0274_Ala_CAB55600.1_A3_BGC0000365_glycopeptidolipid,Ala,4
a0275_Alaol_CAB55600.1_A4_BGC0000365_glycopeptidolipid,Alaol,4
a0276_Trp|6Cl-Trp_BAP16684.1_A1_BGC0000376_jbir-34_jbir-35,Trp|6Cl-Trp,4
a0277_D-Ala_BAP16697.1_A1_BGC0000376_jbir-34_jbir-35_NOTE:no_epimerase;NOTE:true_D_anomaly,D-Ala,3
a0278_aMe-Ser_BAP16693.1_A1_BGC0000376_jbir-34_jbir-35,aMe-Ser,2
a0279_Ser_BAP16699.1_A1_BGC0000376_jbir-34_jbir-35,Ser,5
a0280_6Cl-Hic_BAP16689.1_A1_BGC0000376_jbir-34_jbir-35,6Cl-Hic,5
a0281_dhAbu_AFH75320.1_A1_BGC0000425_sessilin,dhAbu,5
a0282_Pro_AFH75320.1_A2_BGC0000425_sessilin_NOTE:no_epimerase_domain,Pro,6
a0283_Ser_AFH75320.1_A3_BGC0000425_sessilin_NOTE:no_epimerase_domain,Ser,1
a0284_Leu_AFH75320.1_A4_BGC0000425_sessilin_NOTE:no_epimerase_domain,Leu,6
a0285_Val_AFH75320.1_A5_BGC0000425_sessilin_NOTE:no_epimerase_domain,Val,4
a0286_Gln_AFH75320.1_A6_BGC0000425_sessilin_NOTE:no_epimerase_domain,Gln,1
a0287_Gln_AFH75321.1_A1_BGC0000425_sessilin_NOTE:no_epimerase_domain,Gln,6
a0288_Leu_AFH75321.1_A2_BGC0000425_sessilin,Leu,4
a0289_Val_AFH75321.1_A3_BGC0000425_sessilin_NOTE:no_epimerase_domain,Val,4
a0290_Leu_AFH75321.1_A4_BGC0000425_sessilin_NOTE:no_epimerase_domain,Leu,1
a0291_Val_AFH75321.1_A5_BGC0000425_sessilin_NOTE:no_epimerase_domain,Val,6
a0292_Val_AFH75321.1_A6_BGC0000425_sessilin,Val,4
a0293_dhAbu_AFH75322.1_A1_BGC0000425_sessilin,dhAbu,5
a0294_aThr_AFH75322.1_A2_BGC0000425_sessilin_NOTE:no_epimerase_domain,aThr,5
a0295_Ile_AFH75322.1_A3_BGC0000425_sessilin,Ile,4
a0296_Hse_AFH75322.1_A4_BGC0000425_sessilin,Hse,8
a0297_Dab_AFH75322.1_A5_BGC0000425_sessilin,Dab,7
a0298_Lys_AFH75322.1_A6_BGC0000425_sessilin,Lys,4
a0299_Ser_CDF96614.1_A1_BGC0001149_brabantamide,Ser,1
a0300_Pro_CDF96614.1_A2_BGC0001149_brabantamide,Pro,4
a0301_Orn_AGM16412.1_A1_BGC0000400_paenibacterin,Orn,8
a0302_Val_AGM16412.1_A2_BGC0000400_paenibacterin,Val,4
a0303_Thr_AGM16412.1_A3_BGC0000400_paenibacterin,Thr,5
a0304_Orn_AGM16412.1_A4_BGC0000400_paenibacterin,Orn,8
a0305_Ser_AGM16412.1_A5_BGC0000400_paenibacterin,Ser,1
a0306_Val_AGM16413.1_A1_BGC0000400_paenibacterin,Val,4
a0307_Lys_AGM16413.1_A2_BGC0000400_paenibacterin,Lys,7
a0308_Ser_AGM16413.1_A3_BGC0000400_paenibacterin,Ser,1
a0309_Ile_AGM16413.1_A4_BGC0000400_paenibacterin,Ile,7
a0310_Pro_AGM16413.1_A5_BGC0000400_paenibacterin,Pro,4
a0311_Val_AGM16414.1_A1_BGC0000400_paenibacterin,Val,4
a0312_Lys_AGM16414.1_A2_BGC0000400_paenibacterin,Lys,7
a0313_Ile_AGM16414.1_A3_BGC0000400_paenibacterin,Ile,7
a0314_Ser_YP_631961.1_A1_BGC0000393_myxoprincomide,Ser,1
a0315_Leu_YP_631961.1_A2_BGC0000393_myxoprincomide,Leu,4
a0316_gOH-Val_YP_631961.1_A3_BGC0000393_myxoprincomide,gOH-Val,4
a0317_Ser_YP_631961.1_A4_BGC0000393_myxoprincomide,Ser,1
a0318_Val_YP_631961.1_A5_BGC0000393_myxoprincomide,Val,7
a0319_Ser_YP_631961.1_A6_BGC0000393_myxoprincomide,Ser,1
a0320_Tyr_YP_631961.1_A7_BGC0000393_myxoprincomide,Tyr,3
a0321_bLys_YP_631961.1_A8_BGC0000393_myxoprincomide,bLys,6
a0322_Ala_YP_631961.1_A9_BGC0000393_myxoprincomide,Ala,6
a0323_CysA_EFE73312.1_A1_BGC0000431_stenothricin,CysA,8
a0324_Thr_EFE73312.1_A2_BGC0000431_stenothricin,Thr,5
a0325_Ser_EFE73312.1_A3_BGC0000431_stenothricin,Ser,1
a0326_Thr_EFE73312.1_A4_BGC0000431_stenothricin,Thr,5
a0327_Val_EFE73312.1_A5_BGC0000431_stenothricin,Val,5
a0328_Asn_AHB82069.1_A1_BGC0001019_microsclerodermins,Asn,8
a0329_Gly_AHB82071.1_A1_BGC0001019_microsclerodermins,Gly,3
a0330_Trp_AHB82071.1_A2_BGC0001019_microsclerodermins,Trp,3
a0331_Gly_AHB82071.1_A3_BGC0001019_microsclerodermins,Gly,3
a0332_Gly_AHB82072.1_A1_BGC0001019_microsclerodermins,Gly,3
a0333_Ala|Leu|Val_AGZ15455.1_A1_BGC0001036_polyoxypeptin,Ala|Leu|Val,7
a0334_Piz_AGZ15458.1_A1_BGC0001036_polyoxypeptin,Piz,7
a0335_NOH-Ala_AGZ15458.1_A2_BGC0001036_polyoxypeptin_NOTE:has_epimerase_domain,NOH-Ala,1
a0336_Piz_AGZ15459.1_A1_BGC0001036_polyoxypeptin,Piz,1
a0337_3OH-3Me-Pro_AGZ15459.1_A2_BGC0001036_polyoxypeptin_NOTE:has_epimerase_domain,3OH-3Me-Pro,4
a0338_NOH-Val_AGZ15460.1_A1_BGC0001036_polyoxypeptin,NOH-Val,4
a0339_3OH-Leu_AGZ15476.1_A1_BGC0001036_polyoxypeptin,3OH-Leu,4
a0340_Ser_EFE73313.1_A1_BGC0000431_stenothricin,Ser,1
a0341_Lys_EFE73313.1_A2_BGC0000431_stenothricin,Lys,4
a0342_Gly_EFE73313.1_A3_BGC0000431_stenothricin,Gly,3
a0343_Fo-OH-Orn_CBG75492.1_A1_BGC0000423_scabichelin_NOTE:final_product_n_methylated,Fo-OH-Orn,4
a0344_Ser_CBG75492.1_A2_BGC0000423_scabichelin,Ser,1
a0345_OH-Orn_CBG75492.1_A3_BGC0000423_scabichelin_NOTE:final_product_n_methylated,OH-Orn,4
a0346_Orn_CBG75492.1_A4_BGC0000423_scabichelin,Orn,7
a0347_OH-Orn_CBG75492.1_A5_BGC0000423_scabichelin,OH-Orn,4
a0348_Ser_EWS95122.1_A1_BGC0000306_arylomycin,Ser,1
a0349_Ala_EWS95122.1_A2_BGC0000306_arylomycin,Ala,4
a0350_Leu_AHZ34232.1_A1_BGC0000323_cichofactins,Leu,6
a0351_Leu_AHZ34232.1_A2_BGC0000323_cichofactins,Leu,6
a0352_Gln_AHZ34232.1_A3_BGC0000323_cichofactins,Gln,4
a0353_Leu_AHZ34233.1_A1_BGC0000323_cichofactins,Leu,6
a0354_Gln_AHZ34233.1_A2_BGC0000323_cichofactins,Gln,7
a0355_Val_AHZ34233.1_A3_BGC0000323_cichofactins,Val,4
a0356_Leu_AHZ34233.1_A4_BGC0000323_cichofactins,Leu,6
a0357_Leu_AHZ34233.1_A5_BGC0000323_cichofactins,Leu,6
a0358_Ala_AEI70245.1_A1_BGC0000401_paenibactin,Ala,3
a0359_Thr_AEI70245.1_A2_BGC0000401_paenibactin,Thr,5
a0360_Abu|Ival_AAM78457.1_A1_not_in_mibig_peptaibols,Abu|Ival,4
a0361_Gly_AAM78457.1_A2_not_in_mibig_peptaibols,Gly,5
a0362_Ala_AAM78457.1_A3_not_in_mibig_peptaibols,Ala,4
a0363_Val_AAM78457.1_A4_not_in_mibig_peptaibols,Val,4
a0364_Abu|Ival_AAM78457.1_A5_not_in_mibig_peptaibols,Abu|Ival,4
a0365_Gln_AAM78457.1_A6_not_in_mibig_peptaibols,Gln,4
a0366_Abu|Ival_AAM78457.1_A7_not_in_mibig_peptaibols,Abu|Ival,4
a0367_Ala_AAM78457.1_A8_not_in_mibig_peptaibols,Ala,6
a0368_Abu|Ival_AAM78457.1_A9_not_in_mibig_peptaibols,Abu|Ival,4
a0369_Ser_AAM78457.1_A10_not_in_mibig_peptaibols,Ser,4
a0370_Leu_AAM78457.1_A11_not_in_mibig_peptaibols,Leu,4
a0371_Abu|Ival_AAM78457.1_A12_not_in_mibig_peptaibols,Abu|Ival,4
a0372_Pro_AAM78457.1_A13_not_in_mibig_peptaibols,Pro,8
a0373_Leu|Val_AAM78457.1_A14_not_in_mibig_peptaibols,Leu|Val,4
a0374_Abu|Ival_AAM78457.1_A15_not_in_mibig_peptaibols,Abu|Ival,4
a0375_Abu|Ival_AAM78457.1_A16_not_in_mibig_peptaibols,Abu|Ival,4
a0376_Gln_AAM78457.1_A17_not_in_mibig_peptaibols,Gln,4
a0377_Valol_AAM78457.1_A18_not_in_mibig_peptaibols,Valol,8
a0378_Ala_CAB39315.1_A1_not_in_mibig_ergot_peptide_alkaloid,Ala,7
a0379_Phe_CAB39315.1_A2_not_in_mibig_ergot_peptide_alkaloid,Phe,4
a0380_Pro_CAB39315.1_A3_not_in_mibig_ergot_peptide_alkaloid,Pro,7
a0381_Asp_CAB38517.1_A1_BGC0000315_calcium_dependent_antibiotic,Asp,8
a0382_Gly_CAB38517.1_A2_BGC0000315_calcium_dependent_antibiotic,Gly,3
a0383_Asn_CAB38517.1_A3_BGC0000315_calcium_dependent_antibiotic,Asn,8
a0384_Asn_AIW82277.1_A1_BGC0001125_puwainaphycins,Asn,8
a0385_Pro_AIW82277.1_A2_BGC0001125_puwainaphycins,Pro,4
a0386_Val_AIW82282.1_A1_BGC0001125_puwainaphycins,Val,4
a0387_dh-Thr_AIW82283.1_A1_BGC0001125_puwainaphycins,dh-Thr,5
a0388_Asn|Gln_AIW82283.1_A2_BGC0001125_puwainaphycins,Asn|Gln,8
a0389_dh-Thr_AIW82284.1_A1_BGC0001125_puwainaphycins,dh-Thr,5
a0390_Asn_AIW82284.1_A2_BGC0001125_puwainaphycins,Asn,8
a0391_Ala_AIW82284.1_A3_BGC0001125_puwainaphycins,Ala,4
a0392_Thr_AIW82285.1_A1_BGC0001125_puwainaphycins,Thr,5
a0393_Dab_EFE73308.1_A1_BGC0000431_stenothricin,Dab,7
a0394_Hpg_AGS77307.1_A1_BGC0001178_UK-68_597,Hpg,7
a0395_Tyr_AGS77307.1_A2_BGC0001178_UK-68_597,Tyr,4
a0396_Dhpg_AGS77308.1_A1_BGC0001178_UK-68_597,Dhpg,7
a0397_Hpg_AGS77309.1_A1_BGC0001178_UK-68_597,Hpg,7
a0398_Tyr_AGS77309.1_A2_BGC0001178_UK-68_597,Tyr,7
a0399_Dhpg_AGS77310.1_A1_BGC0001178_UK-68_597,Dhpg,7
a0400_Thr_WP_010369425.1_A1_BGC0000314_bromoalterochromides,Thr,5
a0401_Val_WP_010369428.1_A1_BGC0000314_bromoalterochromides_NOTE:final_product_epimerized,Val,4
a0402_Asn_WP_010369428.1_A2_BGC0000314_bromoalterochromides,Asn,8
a0403_Asn_WP_010369430.1_A1_BGC0000314_bromoalterochromides_NOTE:final_product_epimerized,Asn,8
a0404_Ile_WP_010369430.1_A2_BGC0000314_bromoalterochromides_NOTE:final_product_epimerized,Ile,8
a0405_Pro_AEU11003.1_A1_BGC0001029_nostophycin,Pro,1
a0406_Phe_AEU11003.1_A2_BGC0001029_nostophycin,Phe,4
a0407_aIle|Ile_AEU11003.1_A3_BGC0001029_nostophycin,aIle|Ile,4
a0408_Pro_AEU11003.1_A4_BGC0001029_nostophycin,Pro,4
a0409_Gln_AEU11006.1_A1_BGC0001029_nostophycin,Gln,1
a0410_Gly_AEU11006.1_A2_BGC0001029_nostophycin,Gly,3
a0411_Gly_CAB38084.1_A1_BGC0001025_myxovirescin,Gly,3
a0412_Ala_BAO84861.1_A1_BGC0000414_quinocarcin,Ala,4
a0413_ddh-Arg|3Me-Tyr_BAO84866.1_A1_BGC0000414_quinocarcin,ddh-Arg|3Me-Tyr,4
a0414_3Me-Tyr_BAO84868.1_A1_BGC0000414_quinocarcin,3Me-Tyr,4
a0415_Gca_BAO84864.1_A1_BGC0000414_quinocarcin,Gca,7
a0416_Val_CAD92851.1_A1_not_in_mibig_gramicidin,Val,4
a0417_Val_CAD92851.1_A2_not_in_mibig_gramicidin,Val,4
a0418_Trp_CAD92851.1_A3_not_in_mibig_gramicidin,Trp,3
a0419_Leu_CAD92851.1_A4_not_in_mibig_gramicidin,Leu,7
a0420_Trp_CAD92851.1_A5_not_in_mibig_gramicidin,Trp,4
a0421_Leu_CAD92851.1_A6_not_in_mibig_gramicidin,Leu,6
a0422_Leu_AGM14925.1_A1_BGC0000463_xantholysin,Leu,6
a0423_Glu_AGM14925.1_A2_BGC0000463_xantholysin,Glu,1
a0424_Gln_AGM14933.1_A1_BGC0000463_xantholysin,Gln,7
a0425_Val_AGM14933.1_A2_BGC0000463_xantholysin,Val,4
a0426_Leu_AGM14933.1_A3_BGC0000463_xantholysin,Leu,6
a0427_Gln_AGM14933.1_A4_BGC0000463_xantholysin,Gln,7
a0428_Ser_AGM14933.1_A5_BGC0000463_xantholysin,Ser,1
a0429_Val_AGM14933.1_A6_BGC0000463_xantholysin,Val,4
a0430_Leu_AGM14933.1_A7_BGC0000463_xantholysin,Leu,6
a0431_Gln_AGM14933.1_A8_BGC0000463_xantholysin,Gln,7
a0432_Leu_AGM14934.1_A1_BGC0000463_xantholysin,Leu,6
a0433_Leu_AGM14934.1_A2_BGC0000463_xantholysin,Leu,6
a0434_Gln_AGM14934.1_A3_BGC0000463_xantholysin,Gln,1
a0435_Ile|Val_AGM14934.1_A4_BGC0000463_xantholysin,Ile|Val,4
a0436_Gln_AAX16325.1_A1_not_in_mibig_pyoverdine,Gln,1
a0437_OH-Orn_AAX16325.1_A2_not_in_mibig_pyoverdine,OH-Orn,6
a0438_Gly_AAX16325.1_A3_not_in_mibig_pyoverdine,Gly,3
a0439_Aad_CAA40561.1_A1_not_in_mibig_penicillin,Aad,4
a0440_Cys_CAA40561.1_A2_not_in_mibig_penicillin,Cys,3
a0441_Val_CAA40561.1_A3_not_in_mibig_penicillin,Val,3
a0442_Arg_EOY45602.1_A1_BGC0001168_livipeptin,Arg,4
a0443_Hpg|Cl2-Hpg_AAT09804.1_A1_BGC0000395_nocardicin_a,Hpg|Cl2-Hpg,3
a0444_Hpg|Cl2-Hpg_AAT09804.1_A3_BGC0000395_nocardicin_a,Hpg|Cl2-Hpg,4
a0445_Val_AHF21228.1_A1_BGC0000449_tridecaptin,Val,4
a0446_Dab_AHF21228.1_A2_BGC0000449_tridecaptin,Dab,2
a0447_Gly_AHF21228.1_A3_BGC0000449_tridecaptin,Gly,3
a0448_Ser_AHF21228.1_A4_BGC0000449_tridecaptin,Ser,1
a0449_Trp_AHF21228.1_A5_BGC0000449_tridecaptin,Trp,6
a0450_Ser_AHF21228.1_A6_BGC0000449_tridecaptin,Ser,1
a0451_Dab_AHF21228.1_A7_BGC0000449_tridecaptin,Dab,2
a0452_Dab_AHF21228.1_A8_BGC0000449_tridecaptin,Dab,2
a0453_Phe_AHF21228.1_A9_BGC0000449_tridecaptin,Phe,6
a0454_Glu_AHF21228.1_A10_BGC0000449_tridecaptin,Glu,7
a0455_Val_AHF21229.1_A1_BGC0000449_tridecaptin,Val,4
a0456_Ile_AHF21229.1_A2_BGC0000449_tridecaptin,Ile,4
a0457_Ala_AHF21229.1_A3_BGC0000449_tridecaptin,Ala,4
a0458_Phe_AEC14348.1_A1_BGC0000377_koranimine,Phe,4
a0459_Thr_AEC14346.1_A1_BGC0000377_koranimine,Thr,5
a0460_Leu_AEC14346.1_A2_BGC0000377_koranimine,Leu,7
a0461_Phe_AEC14347.1_A1_BGC0000377_koranimine,Phe,7
a0462_Lys_YP_116975.1_A1_BGC0001027_nocobactin,Lys,7
a0463_Lys_YP_116976.1_A1_BGC0001027_nocobactin,Lys,4
a0464_Thr_YP_116977.1_A1_BGC0001027_nocobactin,Thr,8
a0465_Val_WP_069322367.1_A1_not_in_mibig_surfactin,Val,6
a0466_Asp_WP_069322367.1_A2_not_in_mibig_surfactin,Asp,8
a0467_Leu_WP_069322367.1_A3_not_in_mibig_surfactin,Leu,6
a0468_Leu_CBJ79915.1_A1_BGC0001133_taxlllaid_NOTE:final_product_epimerized_XBJ1_0774_563_mod1_leu,Leu,7
a0469_Leu_CBJ79915.1_A2_BGC0001133_taxlllaid,Leu,7
a0470_Ser_CBJ79915.1_A3_BGC0001133_taxlllaid_NOTE:identical_to_A2_of_CBJ79916.1,Ser,1
a0471_Thr_CBJ79916.1_A1_BGC0001133_taxlllaid,Thr,5
b0001_Tyr|Phe_CBJ79916.1_A3_BGC0001133_taxlllaid,Tyr|Phe,7
a0472_Leu_CBJ79916.1_A4_BGC0001133_taxlllaid_NOTE:final_product_epimerized,Leu,7
a0473_Thr_AHZ20773.1_A1_BGC0000369_hassallidins,Thr,5
a0474_Tyr_AHZ20773.1_A2_BGC0000369_hassallidins,Tyr,4
a0475_Thr_AHZ20781.1_A1_BGC0000369_hassallidins,Thr,5
a0476_Thr_AHZ20781.1_A2_BGC0000369_hassallidins,Thr,5
a0477_Thr_AHZ20784.1_A1_BGC0000369_hassallidins_NOTE:final_nmethylated,Thr,5
a0478_Gln|Tyr_AHZ20784.1_A2_BGC0000369_hassallidins,Gln|Tyr,4
a0479_Phe_AGZ03650.1_A1_BGC0000426_sevadicin,Phe,7
a0480_Ala_AGZ03651.1_A1_BGC0000426_sevadicin,Ala,1
a0481_Trp_AGZ03651.1_A2_BGC0000426_sevadicin,Trp,7
a0482_di-OH-Bz|Sal_AAD55799.1_A1_not_in_mibig_pyochelin,di-OH-Bz|Sal,7
a0483_Thr_AEF33078.1_A1_BGC0001039_pyridomycin,Thr,5
a0484_33p-Ala_AEF33078.1_A2_BGC0001039_pyridomycin,33p-Ala,4
a0485_Ala_AAA25234.1_A1_not_in_mibig_D-alanyl-lipoteichoic_acid,Ala,4
a0486_Dhpg_CAE53353.1_A1_BGC0000440_teicoplanin,Dhpg,7
a0487_Glu_CAB13715.1_A1_BGC0000407_plipastatin,Glu,1
a0488_Val_CAB13715.1_A2_BGC0000407_plipastatin,Val,5
a0489_Ser_AAY89051.1_A1_BGC0001069_chivosazole,Ser,1
a0490_Trp_CAD92852.1_A1_not_in_mibig_gramicidin,Trp,3
a0491_Leu_CAD92852.1_A2_not_in_mibig_gramicidin,Leu,7
a0492_Trp_CAD92852.1_A3_not_in_mibig_gramicidin,Trp,7
a0493_Gly_CAD92852.1_A4_not_in_mibig_gramicidin,Gly,1
a0494_Asn_BAH43766.1_A1_BGC0000452_tyrocidine,Asn,8
a0495_Gln_BAH43766.1_A2_BGC0000452_tyrocidine,Gln,1
a0496_Tyr_BAH43766.1_A3_BGC0000452_tyrocidine,Tyr,8
a0497_Val_BAH43766.1_A4_BGC0000452_tyrocidine,Val,4
a0498_Orn_BAH43766.1_A5_BGC0000452_tyrocidine,Orn,4
a0499_Leu_BAH43766.1_A6_BGC0000452_tyrocidine,Leu,8
a0500_bLys_CAA71336.1_A1_BGC0000432_streptothricin,bLys,4
a0501_Lys_AAX16296.1_A1_not_in_mibig_pyoverdine,Lys,3
a0502_OH-Orn_AAX16296.1_A2_not_in_mibig_pyoverdine,OH-Orn,7
a0503_Lys_AAC06347.1_A1_BGC0000310_bacitracin,Lys,7
a0504_Orn_AAC06347.1_A2_BGC0000310_bacitracin,Orn,8
a0505_Ile_AAC06348.1_A1_BGC0000310_bacitracin,Ile,8
a0506_Phe_AAC06348.1_A2_BGC0000310_bacitracin,Phe,7
a0507_His_AAC06348.1_A3_BGC0000310_bacitracin,His,8
a0508_Asp_AAC06348.1_A4_BGC0000310_bacitracin,Asp,8
a0509_Asn_AAC06348.1_A5_BGC0000310_bacitracin,Asn,8
a0510_Leu_CAA49818.1_A1_not_in_mibig_surfactin,Leu,8
a0511_Ala_AAN00653.1_A1_not_in_mibig_lipoteichoic_acid,Ala,5
a0512_Orn_AAC82550.1_A1_BGC0000351_exochelin,Orn,4
a0513_Thr_AAC82550.1_A2_BGC0000351_exochelin,Thr,5
a0514_Orn_AAC82550.1_A3_BGC0000351_exochelin,Orn,4
a0515_Glu_BAA02522.1_A1_not_in_mibig_surfactin,Glu,7
a0516_Leu_BAA02522.1_A2_not_in_mibig_surfactin,Leu,8
a0517_Leu_BAA02522.1_A3_not_in_mibig_surfactin,Leu,6
a0518_Ile_AAB00093.1_A1_BGC0001095_fengycin,Ile,4
a0519_Gln_CAA06323.1_A1_BGC0000381_lichenysin,Gln,4
a0520_Leu_CAA06323.1_A2_BGC0000381_lichenysin,Leu,8
a0521_Leu_CAA06323.1_A3_BGC0000381_lichenysin,Leu,6
a0522_Gln_AAD04757.1_A1_BGC0000381_lichenysin,Gln,4
a0523_Tyr_BAB69699.1_A1_BGC0001098_iturin,Tyr,3
a0524_Asn_BAB69699.1_A2_BGC0001098_iturin,Asn,8
a0525_Gln_BAB69699.1_A3_BGC0001098_iturin,Gln,3
a0526_Pro_BAB69699.1_A4_BGC0001098_iturin,Pro,4
a0527_Pro_BAA06146.1_A1_not_in_mibig_gramicidin,Pro,1
a0528_Val_BAA06146.1_A2_not_in_mibig_gramicidin,Val,4
a0529_Orn_BAA06146.1_A3_not_in_mibig_gramicidin,Orn,5
a0530_Leu_BAA06146.1_A4_not_in_mibig_gramicidin,Leu,8
a0531_Pro_CAA43838.1_A1_not_in_mibig_gramicidin,Pro,1
a0532_Val_CAA43838.1_A2_not_in_mibig_gramicidin,Val,4
a0533_Orn_CAA43838.1_A3_not_in_mibig_gramicidin,Orn,7
a0534_Leu_CAA43838.1_A4_not_in_mibig_gramicidin,Leu,8
a0535_Pro_ADG27359.1_A1_BGC0000296_actinomycin,Pro,4
a0536_Gly_ADG27359.1_A2_BGC0000296_actinomycin,Gly,3
a0537_Val_ADG27359.1_A3_BGC0000296_actinomycin,Val,4
a0538_Tyr_CAE11249.1_A1_BGC0001090_bacillomycin,Tyr,3
a0539_Asn_CAE11249.1_A2_BGC0001090_bacillomycin,Asn,8
a0540_Pro_CAE11249.1_A3_BGC0001090_bacillomycin,Pro,3
a0541_Glu_CAE11249.1_A4_BGC0001090_bacillomycin,Glu,7
a0542_Tyr_AAN07013.1_A1_not_in_mibig_bacillomycin,Tyr,3
a0543_Asn_AAN07013.1_A2_not_in_mibig_bacillomycin,Asn,8
a0544_Pro_AAN07013.1_A3_not_in_mibig_bacillomycin,Pro,3
a0545_Glu_AAN07013.1_A4_not_in_mibig_bacillomycin,Glu,7
a0546_Dhpg_CAD91221.1_A1_BGC0000289_A40926,Dhpg,7
a0547_Ala_AAC05774.1_A1_not_in_mibig_lipoteichoic_acid,Ala,1
a0548_Lys_AAZ23077.1_A1_BGC0000291_A54145_NOTE:final_product_epimarized,Lys,4
b0002_Asp_AAZ23077.1_A2_BGC0000291_A54145_NOTE:final_product_3OMe-Asp,Asp,8
a0549_Gly_AAZ23077.1_A3_BGC0000291_A54145,Gly,3
a0550_Asn_AAZ23077.1_A4_BGC0000291_A54145_NOTE:final_product_epimarized,Asn,6
a0551_Hpg|Cl2-Hpg_CAC48361.1_A1_BGC0000311_balhimycin,Hpg|Cl2-Hpg,7
a0552_Hpg|Cl2-Hpg_CAC48361.1_A2_BGC0000311_balhimycin,Hpg|Cl2-Hpg,7
a0553_bOH-Tyr_CAC48361.1_A3_BGC0000311_balhimycin,bOH-Tyr,4
a0554_Dhpg_CAC48362.1_A1_BGC0000311_balhimycin,Dhpg,7
a0555_Glu_CAE02630.1_A1_BGC0000433_surfactin,Glu,7
a0556_Leu_CAE02630.1_A2_BGC0000433_surfactin,Leu,8
a0557_Leu_CAE02630.1_A3_BGC0000433_surfactin,Leu,6
a0558_Ser_AF047828.1_A1_BGC0000437_syringomycin,Ser,1
a0559_Ser_AF047828.1_A2_BGC0000437_syringomycin,Ser,1
a0560_Dab_AF047828.1_A3_BGC0000437_syringomycin,Dab,7
a0561_Dab_AF047828.1_A4_BGC0000437_syringomycin,Dab,7
a0562_Arg_AF047828.1_A5_BGC0000437_syringomycin,Arg,7
a0563_Phe_AF047828.1_A6_BGC0000437_syringomycin,Phe,4
a0564_dhAbu|dhTyr|Thr_AF047828.1_A7_BGC0000437_syringomycin,dhAbu|dhTyr|Thr,5
a0565_Asp_AF047828.1_A8_BGC0000437_syringomycin,Asp,4
a0566_Asn_AAF08795.1_A1_BGC0001103_mycosubtilin,Asn,8
a0567_Pro_CAA84363.1_A1_BGC0000407_plipastatin,Pro,4
a0568_Glu_CAA84363.1_A2_BGC0000407_plipastatin,Glu,3
a0569_Tyr_CAA84363.1_A3_BGC0000407_plipastatin,Tyr,8
a0570_Asn_BAB69698.1_A1_BGC0001098_iturin,Asn,8
a0571_Pro_AAB80955.2_A1_BGC0001095_fengycin,Pro,4
a0572_Glu_AAB80955.2_A2_BGC0001095_fengycin,Glu,3
a0573_Tyr_AAB80955.2_A3_BGC0001095_fengycin,Tyr,8
a0574_Thr_BAC67535.1_A1_BGC0000305_arthrofactin,Thr,5
a0575_Leu_BAC67535.1_A2_BGC0000305_arthrofactin,Leu,6
a0576_Leu_BAC67535.1_A3_BGC0000305_arthrofactin,Leu,6
a0577_Ser_BAC67535.1_A4_BGC0000305_arthrofactin,Ser,1
a0578_Ser_AAX16327.1_A1_not_in_mibig_pyoverdine,Ser,1
a0579_Dab_AAX16327.1_A2_not_in_mibig_pyoverdine,Dab,4
a0580_OH-Orn_AAX16327.1_A3_not_in_mibig_pyoverdine,OH-Orn,6
a0581_Ser_AAF08797.1_A1_BGC0001103_mycosubtilin,Ser,1
a0582_Asn_AAF08797.1_A2_BGC0001103_mycosubtilin,Asn,8
a0583_Trp_EAL92291.2_A1_BGC0000372_hexadehydro-astechrome_HAS,Trp,8
a0584_Ala_EAL92291.2_A2_BGC0000372_hexadehydro-astechrome_HAS,Ala,4
a0585_Asn_BAB69700.1_A1_BGC0001098_iturin,Asn,8
a0586_Ser_BAB69700.1_A2_BGC0001098_iturin,Ser,1
a0587_Glu|3Me-Glu_CAD55498.1_A1_BGC0000315_calcium_dependent_antibiotic,Glu|3Me-Glu,4
a0588_Trp_CAD55498.1_A2_BGC0000315_calcium_dependent_antibiotic,Trp,7
a0589_Leu_CAD29798.1_A1_BGC0001015_microcystin,Leu,1
a0590_3Me-Asp_CAD29798.1_A2_BGC0001015_microcystin,3Me-Asp,4
b0003_Ile_AAF15891.2_A1_BGC0001028_nostopeptolide,Ile,4
a0591_Ser_AAF15891.2_A2_BGC0001028_nostopeptolide,Ser,1
a0592_Pro|4Me-Pro_AAF15891.2_A3_BGC0001028_nostopeptolide,Pro|4Me-Pro,4
a0593_Leu_AAF15891.2_A4_BGC0001028_nostopeptolide,Leu,6
a0594_Lys_CCP45167.1_A1_BGC0001021_mycobactin_NOTE:final_product_epimerized,Lys,3
a0595_Ala_CAA82227.1_A1_not_in_mibig_cyclosporin,Ala,7
a0596_Leu_CAA82227.1_A2_not_in_mibig_cyclosporin,Leu,7
a0597_Leu_CAA82227.1_A3_not_in_mibig_cyclosporin,Leu,7
a0598_Val_CAA82227.1_A4_not_in_mibig_cyclosporin,Val,7
a0599_Bmt_CAA82227.1_A5_not_in_mibig_cyclosporin,Bmt,7
a0600_Abu_CAA82227.1_A6_not_in_mibig_cyclosporin,Abu,7
a0601_Gly|NMe-Gly_CAA82227.1_A7_not_in_mibig_cyclosporin,Gly|NMe-Gly,7
a0602_Leu_CAA82227.1_A8_not_in_mibig_cyclosporin,Leu,7
a0603_Val_CAA82227.1_A9_not_in_mibig_cyclosporin,Val,7
a0604_Leu_CAA82227.1_A10_not_in_mibig_cyclosporin,Leu,7
a0605_Ala_CAA82227.1_A11_not_in_mibig_cyclosporin,Ala,7
a0606_Phe|Tyr_AGC65513.1_A1_not_in_mibig_thalassospiramide_b,Phe|Tyr,8
a0607_Tyr_AGC65515.1_A2_not_in_mibig_thalassospiramide_b,Tyr,3
a0608_Orn_CP001614.2_A1_BGC0000451_turnerbactin,Orn,7
a0609_Ser_CP001614.2_A2_BGC0000451_turnerbactin,Ser,1
a0610_Thr_CAC01604.1_A3_not_in_mibig_anabaenopeptilide,Thr,5
a0611_Tyr_CAC01604.1_A4_not_in_mibig_anabaenopeptilide,Tyr,4
a0612_Pip_CAF05647.1_A1_BGC0001053_tubulysin_NOTE:final_product_N_methylated,Pip,4
a0613_Tyr_AAF08796.1_A1_BGC0001103_mycosubtilin,Tyr,3
a0614_Asn_AAF08796.1_A2_BGC0001103_mycosubtilin,Asn,8
a0615_Gln_AAF08796.1_A3_BGC0001103_mycosubtilin,Gln,7
a0616_Pro_AAF08796.1_A4_BGC0001103_mycosubtilin,Pro,4
a0617_Ile_AAC06346.1_A1_BGC0000310_bacitracin,Ile,8
a0618_Cys_AAC06346.1_A2_BGC0000310_bacitracin,Cys,2
a0619_Leu_AAC06346.1_A3_BGC0000310_bacitracin,Leu,6
a0620_Glu_AAC06346.1_A4_BGC0000310_bacitracin,Glu,7
a0621_Ile_AAC06346.1_A5_BGC0000310_bacitracin,Ile,8
a0622_di-OH-Bz|Sal_BAC12912.1_A1_not_in_mibig_bacillibactin-like_siderophore,di-OH-Bz|Sal,5
a0623_Asn_AAG02355.1_A1_BGC0000963_bleomycin,Asn,8
a0624_His_AAG02355.1_A2_BGC0000963_bleomycin,His,5
a0625_Hpg|Cl2-Hpg_AAM80537.1_A1_BGC0000290_A47934,Hpg|Cl2-Hpg,7
a0626_Hpg|Cl2-Hpg_AAM80537.1_A2_BGC0000290_A47934,Hpg|Cl2-Hpg,7
a0627_Tyr_AAM80537.1_A3_BGC0000290_A47934_NOTE:final_beta_hydroxylated,Tyr,4
a0628_Hpg|Cl2-Hpg_AAK81824.1_A1_BGC0000326_complestatin,Hpg|Cl2-Hpg,7
a0629_Trp_AAK81824.1_A2_BGC0000326_complestatin,Trp,3
a0630_Gly_AAS47564.1_A1_BGC0001108_pederin,Gly,3
a0631_Glu_AAB80956.1_A1_BGC0001095_fengycin,Glu,1
a0632_Ala|Val_AAB80956.1_A2_BGC0001095_fengycin,Ala|Val,4
a0633_Arg_AAF00962.1_A1_BGC0001017_microcystin,Arg,1
a0634_Arg_BAA83994.1_A1_not_in_mibig_microcystin,Arg,4
a0635_Ser_BAA83992.1_A1_not_in_mibig_microcystin,Ser,1
a0636_Ala_BAA83992.1_A2_not_in_mibig_microcystin,Ala,4
a0637_aThr_AFZ61525.1_A1_BGC0000462_WLIP,aThr,5
a0638_Val_AFZ61525.1_A2_BGC0000462_WLIP,Val,4
a0639_Leu_AFZ61525.1_A3_BGC0000462_WLIP,Leu,6
a0640_Ser_AFZ61525.1_A4_BGC0000462_WLIP,Ser,1
a0641_Leu_AFZ61526.1_A1_BGC0000462_WLIP,Leu,6
a0642_Ser_AFZ61526.1_A2_BGC0000462_WLIP,Ser,1
a0643_Ile_AFZ61526.1_A3_BGC0000462_WLIP,Ile,4
a0644_Gly_AIR74926.1_A1_BGC0000974_crocacin,Gly,3
a0645_Gly_AIR74925.1_A1_BGC0000974_crocacin,Gly,3
a0646_Pro_CAA72310.1_A1_BGC0001116_virginiamycin,Pro,4
a0647_Phe_CAA72310.1_A2_BGC0001116_virginiamycin,Phe,4
a0648_Ser_AAN07014.1_A1_not_in_mibig_bacillomycin,Ser,1
a0649_Thr_AAN07014.1_A2_not_in_mibig_bacillomycin,Thr,5
a0650_Ser_CAE11248.1_A1_BGC0001090_bacillomycin,Ser,1
a0651_Thr_CAE11248.1_A2_BGC0001090_bacillomycin,Thr,5
a0652_Gly_AAD56240.1_A1_not_in_mibig_catecholic_siderophore,Gly,3
a0653_aThr|Thr_AAD56240.1_A2_not_in_mibig_catecholic_siderophore,aThr|Thr,5
a0654_Glu_CAA84360.1_A1_BGC0000407_plipastatinP39845_A1_glu,Glu,1
a0655_Orn_CAA84360.1_A2_BGC0000407_plipastatinP39845_A2_orn,Orn,8
a0656_Aad_AAC15909.1_A1_not_in_mibig_potentially_Lys_biosynthesis_or_orphan_peptide_antibiotic,Aad,8
a0657_Pro_AGC24265.1_A1_BGC0001038_pyralomicin,Pro,4
a0658_Thr_AAO64403.1_A1_not_in_mibig_nodularin,Thr,5
a0659_3Me-Asp_AAO64403.1_A2_not_in_mibig_nodularin,3Me-Asp,4
a0660_Arg_AAS47562.1_A1_BGC0001108_pederin,Arg,3
a0661_Val_CAA06324.1_A1_not_in_mibig_lichenysin,Val,4
a0662_Asp_CAA06324.1_A2_not_in_mibig_lichenysin,Asp,8
a0663_Leu_CAA06324.1_A3_not_in_mibig_lichenysin,Leu,6
a0664_Asn_AID65222.1_A1_BGC0000335_cystomanamides,Asn,4
a0665_Asn_AID65224.1_A1_BGC0000335_cystomanamides,Asn,8
a0666_Phe_AID65224.1_A2_BGC0000335_cystomanamides,Phe,4
a0667_Tyr_AID65225.1_A1_BGC0000335_cystomanamides,Tyr,4
a0668_Ile_WP_044649525.1_A2_not_in_mibig_tridecaptin,Ile,4
a0669_Thr_AAB60198.1_A1_not_in_mibig_pyoverdine,Thr,5
a0670_Thr_AAB60198.1_A2_not_in_mibig_pyoverdine,Thr,5
a0671_Glu_AAG05812.1_A1_not_in_mibig_pyoverdine,Glu,1
a0672_Dab_AAG05812.1_A3_not_in_mibig_pyoverdine,Dab,5
a0673_Bmt_AAY29578.1_A1_not_in_mibig_bt_peptide,Bmt,5
a0674_Ala_CAA51561.1_A1_not_in_mibig_lipoteichoic_acid,Ala,6
a0675_Cys_AAN85522.1_A1_BGC0001101_leinamycin,Cys,2
a0676_Glu_AAC36721.1_A1_not_in_mibig_fengycin,Glu,1
a0677_Orn_AAC36721.1_A2_not_in_mibig_fengycin,Orn,8
a0678_4p-Pro_CAA55749.1_A1_BGC0000907_lincomycin,4p-Pro,5
a0679_di-OH-Bz_AAG00564.1_A1_not_in_mibig_vibriobactin,di-OH-Bz,5
a0680_Dhpg_AAM80538.1_A1_BGC0000290_A47934,Dhpg,7
a0681_Val_CAE02631.1_A1_BGC0000433_surfactin,Val,6
a0682_Asp_CAE02631.1_A2_BGC0000433_surfactin,Asp,8
a0683_Leu_CAE02631.1_A3_BGC0000433_surfactin,Leu,6
a0684_Ser_AAP92491.1_A1_BGC0000458_viomycin,Ser,1
a0685_Ser_AAP92491.1_A2_BGC0000458_viomycin,Ser,1
a0686_Cys_CAD89774.1_A1_BGC0001010_melithiazol,Cys,2
a0687_Ser|Thr_AAK46746.1_A1_not_in_mibig_dihydroaeruginoic_acid,Ser|Thr,7
a0688_Cys_AAO92378.1_A1_not_in_mibig_anguibactin,Cys,2
a0689_Cys_AAT70101.1_A1_BGC0001165_curacin,Cys,2
a0690_di-OH-Bz|Sal_AAA93464.1_A1_not_in_mibig_yersiniabactin,di-OH-Bz|Sal,5
a0691_Leu_BAA83993.1_A1_BGC0001017_microcystin,Leu,6
a0692_3Me-Asp_BAA83993.1_A2_BGC0001017_microcystin,3Me-Asp,4
a0693_Asn_AAN07012.1_A1_not_in_mibig_bacillomycin,Asn,8
a0694_Asn_CAE11250.1_BGC0001090_bacillomycin,Asn,8
a0695_Leu|Arg_AAO62587.1_A1_BGC0001016_microcystin,Leu|Arg,1
a0696_Asp|NMe-Asp_AAO62587.1_A2_BGC0001016_microcystin,Asp|NMe-Asp,4
a0697_Thr_YP_702283.1_A1_BGC0000417_rhodochelin,Thr,5
a0698_Fo-OH-Orn_YP_702283.1_A2_BGC0000417_rhodochelin,Fo-OH-Orn,8
a0699_Asn_ERG36783.1_A2_BGC0000299_alterochromides,Asn,8
a0700_Ala_AAC44128.1_A1_not_in_mibig_saframycin,Ala,3
a0701_Hpg|Cl2-Hpg_AAK81825.1_A1_BGC0000326_complestatin,Hpg|Cl2-Hpg,7
a0702_Val_CAD92849.1_A1_BGC0000367_gramicidin,Val,4
a0703_Gly_CAD92849.1_A2_BGC0000367_gramicidin,Gly,4
a0704_D-Lea_CAD28788.1_A1_not_in_mibig_ergot_peptide_alkaloid_NOTE:true_D_anomaly,D-Lea,3
a0705_Ac-Phe_CAD29795.1_A1_BGC0001015_microcystin,Ac-Phe,7
a0706_Asn_CAE52342.1_A1_BGC0001088_albicidin,Asn,8
a0707_Cys_AAA27636.1_A1_not_in_mibig_HMWP2_virulence_factor,Cys,2
a0708_Ala_AAN85530.1_A1_BGC0001101_leinamycin_NOTE:discrete_adomain,Ala,4
a0709_Pac_BAB12213.1_A1_BGC0001017_microcystin,Pac,5
a0710_di-OH-Bz_AAG31128.1_A1_BGC0001345_myxochelin,di-OH-Bz,5
a0711_Hcn_AAO62585.1_A1_BGC0001016_microcystin,Hcn,5
a0712_Hpg_AHF20582.1_A1_BGC0000418_ristocetin,Hpg,7
a0713_bOH-Tyr_AHF20582.1_A2_BGC0000418_ristocetin,bOH-Tyr,5
a0714_Hpg_AHF20584.1_A1_BGC0000418_ristocetin,Hpg,7
a0715_bOH-Tyr_AHF20584.1_A3_BGC0000418_ristocetin,bOH-Tyr,4
a0716_Dhpg_AHF20585.1_A1_BGC0000418_ristocetin,Dhpg,7
a0717_Hpg_AHF20584.1_A2_BGC0000418_ristocetin,Hpg,7
a0718_Pip_AAF86395.1_A1_BGC0000994_FK520,Pip,4
a0719_Pip_AAC68816.1_A1_BGC0000353_FK506,Pip,4
a0720_Orn_AAC82549.1_A1_BGC0000351_exochelin,Orn,4
a0721_Val_ADL64235.1_A1_BGC0000308_aureusimine,Val,4
a0722_Phe_ADL64235.1_A2_BGC0000308_aureusimine,Phe,4
a0723_Thr_CAG29031.1_A1_BGC0001023_myxochromides,Thr,5
a0724_Leu_CAG29031.1_A2_BGC0001023_myxochromides,Leu,4
a0725_Val_AAT12283.1_A1_BGC0000384_lyngbyatoxin,Val,4
a0726_Trp_AAT12283.1_A2_BGC0000384_lyngbyatoxin,Trp,6
a0727_Thr_AAD50521.1_A1_BGC0000437_syringomycin,Thr,5
a0728_Aad_AAB39900.1_A1_not_in_mibig_cephamycin_c,Aad,4
a0729_Hpg|Cl2-Hpg_CAA11795.1_A1_BGC0000455_vancomycin,Hpg|Cl2-Hpg,7
a0730_Hpg|Cl2-Hpg_CAA11795.1_A2_BGC0000455_vancomycin,Hpg|Cl2-Hpg,7
a0731_bOH-Tyr|Tyr_CAA11795.1_A3_BGC0000455_vancomycin,bOH-Tyr|Tyr,4
a0732_Tyr_CAA09819.1_A1_not_in_mibig_fengycin,Tyr,8
a0733_Thr_CAA09819.1_A2_not_in_mibig_fengycin,Thr,5
a0734_Orn|OH-Orn_CAB53322.1_A1_BGC0000325_coelichelin,Orn|OH-Orn,4
a0735_aThr_CAB53322.1_A2_BGC0000325_coelichelin,aThr,5
a0736_Hpg|2Cl-Hpg_AAK81827.1_A1_BGC0000326_complestatin,Hpg|2Cl-Hpg,7
a0737_Ser_AAN42148.1_A1_not_in_mibig_enterobactin,Ser,1
a0738_Cys_AAC83656.1_A1_not_in_mibig_dihydroaeruginoic_acid,Cys,2
a0739_Cys_AAF62881.1_A1_BGC0000991_epothilone,Cys,2
a0740_Leu_CAA11794.1_A1_BGC0000455_vancomycin,Leu,7
a0741_bOH-Tyr|Tyr_CAA11794.1_A2_BGC0000455_vancomycin,bOH-Tyr|Tyr,6
a0742_Asn_CAA11794.1_A3_BGC0000455_vancomycin,Asn,8
a0743_bOH-Tyr|Tyr_CAC48369.1_A1_BGC0000311_balhimycin,bOH-Tyr|Tyr,6
a0744_Val_CAD70194.1_A1_BGC0001047_syringolin_a,Val,7
a0745_di-OH-Bz|Sal_CAA33158.1_A1_not_in_mibig_enterobactin,di-OH-Bz|Sal,5
a0746_di-OH-Bz|Sal_AAO69874.1_A1_not_in_mibig_enterobactin,di-OH-Bz|Sal,5
a0747_Trp_XP_001220460.1_A1_not_in_mibig_chaetoglobosin,Trp,4
a0748_Aad_KFH48607.1_A1_BGC0000317_cephamycin_c,Aad,8
a0749_Cys_KFH48607.1_A2_BGC0000317_cephamycin_c,Cys,4
a0750_Val_KFH48607.1_A3_BGC0000317_cephamycin_c,Val,5
a0751_Leu_AAF17280.1_A1_BGC0001028_nostopeptolide,Leu,6
a0752_Gly_AAF17280.1_A2_BGC0001028_nostopeptolide,Gly,3
a0753_Asn_AAF17280.1_A3_BGC0001028_nostopeptolide,Asn,8
a0754_Ile_CAC01606.1_A1_not_in_mibig_anabaenopeptilides,Ile,4
a0755_Arg_AAL82383.1_A1_BGC0001017_microcystin,Arg,4
a0756_Phe_AAN32981.1_A1_BGC0000962_barbamide,Phe,4
a0757_Cys_AAN32981.1_A2_BGC0000962_barbamide,Cys,2
a0758_Thr_AAO55666.1_A1_not_in_mibig_pyoverdine,Thr,5
a0759_Ser_AAO55666.1_A2_not_in_mibig_pyoverdine,Ser,1
a0760_Leu_BAC67534.2_A1_BGC0000305_arthrofactin,Leu,6
a0761_Asp_BAC67534.2_A2_BGC0000305_arthrofactin,Asp,7
a0762_Phe_XP_001212648.1_A1_BGC0000292_acetylaranotin,Phe,4
a0763_Phe_BAA00406.1_A1_BGC0000367_gramicidin,Phe,7
a0764_Ile|Val_AAZ23078.1_A2_BGC0000291_A54145,Ile|Val,4
a0765_bAla_CAA11962.1_A1_not_in_mibig_ebony_dmel,bAla,1
a0766_Ile_AAD04759.1_A1_BGC0000381_lichenysin,Ile,8
a0767_Ser_AAG02359.1_A1_BGC0000963_bleomycin,Ser,1
a0768_Asn_AAG02359.1_A2_BGC0000963_bleomycin,Asn,8
a0769_Hiv_CAA79245.2_A1_BGC0000342_enniatin,Hiv,1
a0770_Val_CAA79245.2_A2_BGC0000342_enniatin,Val,4
a0771_Lys_CAD70195.1_A1_BGC0001047_syringolin_a,Lys,8
a0772_Ser_CAD29797.1_A1_BGC0001015_microcystin,Ser,1
a0773_Ala_CAD29797.1_A2_BGC0001015_microcystin,Ala,1
a0774_Gly_AAV97877.1_A1_BGC0001105_onnamide,Gly,3
a0775_Thr_AAG00566.1_A1_BGC0000945_vibriobactin,Thr,7
a0776_Cys_AAW03326.1_A1_BGC0000982_cystothiazole_a,Cys,2
a0777_Pip_CAA60461.1_A1_not_in_mibig_rapamycin,Pip,4
a0778_Lys_AAG31130.1_A1_BGC0001345_myxochelin,Lys,4
a0779_Hpg|Cl2-Hpg_AAM80539.1_A1_BGC0000290_A47934,Hpg|Cl2-Hpg,7
a0780_Tyr_AAM80539.1_A2_BGC0000290_A47934,Tyr,4
a0781_bLys_AAP92505.1_A1_BGC0000458_viomycin,bLys,4
a0782_Aad_AAA34747.1_A1_not_in_mibig_tyrocidineP07702_A1_aad,Aad,8
a0783_Cys_AAC83657.1_A1_BGC0000412_pyochelin,Cys,2
a0784_Lys_CFJ82030.1_A1_not_in_mibig_bacillibactin,Lys,4
a0785_bAla_AAC82549.1_A2_BGC0000351_exochelin,bAla,1
a0786_Ile|Val_EJK79842.1_A1_BGC0000436_syringolin_a,Ile|Val,7
a0787_Ala_AAK76230.1_A1_not_in_mibig_D-alanine_poly_phosphoribitol,Ala,1
a0788_Leu_AFZ61501.1_A1_BGC0000462_WLIP,Leu,6
a0789_Glu_AFZ61501.1_A2_BGC0000462_WLIP,Glu,4
a0790_Dhpg_AIG79240.1_A1_BGC0000419_ristomycin_A,Dhpg,7
a0791_Hpg_AIG79241.1_A1_BGC0000419_ristomycin_A,Hpg,7
a0792_Hpg_AIG79241.1_A2_BGC0000419_ristomycin_A,Hpg,7
a0793_bOH-Tyr_AIG79241.1_A3_BGC0000419_ristomycin_A,bOH-Tyr,4
a0794_Hpg_AIG79243.1_A1_BGC0000419_ristomycin_A,Hpg,7
a0795_bOH-Tyr_AIG79243.1_A2_BGC0000419_ristomycin_A,bOH-Tyr,5
a0796_Thr_BAH22763.1_A1_BGC0001018_micropeptin,Thr,5
a0797_Ile_CAA84364.1_A1_not_in_mibig_bacillus_vir_factor,Ile,4
a0798_Leu_AIT38302.1_A1_BGC0000382_lipstatin,Leu,4
a0799_Cys_AAF19811.1_A1_BGC0001024_myxothiazol,Cys,2
a0800_Trp_chaP_not_in_genbank_A1_BGC0000321_chaetocin_NOTE:producer=Chaetomium_virescens,Trp,4
a0801_Ser_chaP_not_in_genbank_A2_BGC0000321_chaetocin_NOTE:producer=Chaetomium_virescens,Ser,4
a0802_Dhpg_CAE53351.1_A1_BGC0000440_teicoplanin,Dhpg,7
a0803_Phe_CAA31623.1_A1_BGC0000452_tyrocidine,Phe,7
b0004_D-Ala_ABC35522.1_A1_BGC0000186_thailandamide_NOTE:no_epimerase_domain;NOTE:true_D_anomaly,D-Ala,3
b0005_Dhpg_CAD91211.1_A1_BGC0000289_A40926,Dhpg,7
b0006_Hpg_CAD91212.1_A1_BGC0000289_A40926,Hpg,7
b0007_Hpg_CAD91212.1_A2_BGC0000289_A40926,Hpg,7
b0008_Tyr_CAD91212.1_A3_BGC0000289_A40926,Tyr,4
b0009_Hpg_CAD91220.1_A1_BGC0000289_A40926,Hpg,7
b0010_Tyr_CAD91220.1_A2_BGC0000289_A40926,Tyr,4
b0012_Dhpg_AAM80536.1_A1_BGC0000290_A47934,Dhpg,7
b0019_Leu_CAJ21198.2_A1_BGC0000297_aeruginoside,Leu,6
b0020_Ile_ACM68684.1_A1_BGC0000298_aeruginosin,Ile,4
b0021_Tyr_ACZ55942.1_A1_BGC0000302_anabaenopeptin,Tyr,5
b0022_Lys_ACZ55942.1_A2_BGC0000302_anabaenopeptin,Lys,7
b0023_Val_ACZ55943.1_A1_BGC0000302_anabaenopeptin,Val,4
b0024_Htyr_ACZ55944.1_A1_BGC0000302_anabaenopeptin,Htyr,4
b0025_Ala_1579_ACZ55944.1_A2_BGC0000302_anabaenopeptin_NOTE:final_product_n_methylated,Ala,4
b0026_Arg|Lys_ACZ55945.1_A1_BGC0000302_anabaenopeptin,Arg|Lys,7
b0027_Lys_ACZ55945.1_A2_BGC0000302_anabaenopeptin,Lys,7
b0028_Phe_ACZ55946.1_A1_BGC0000302_anabaenopeptin,Phe,4
b0051_Aad_EDY47118.1_A1_BGC0000319_cephamycin_c,Aad,4
b0052_Cys_EDY47118.1_A2_BGC0000319_cephamycin_c,Cys,3
b0053_Val_EDY47118.1_A3_BGC0000319_cephamycin_c,Val,4
b0054_aKic_ABD14711.1_A1_BGC0000320_cereulide,aKic,3
b0055_Ala_ABD14711.1_A2_BGC0000320_cereulide,Ala,4
b0057_aKiv_ABD14712.1_A1_BGC0000320_cereulide,aKiv,3
b0058_Val_ABD14712.1_A2_BGC0000320_cereulide,Val,6
b0067_Gly_CAJ96468.1_A1_BGC0000330_cupriachelin,Gly,3
b0068_OH-Orn_CAJ96470.1_A1_BGC0000330_cupriachelin,OH-Orn,4
b0069_Asp_CAJ96471.1_A1_BGC0000330_cupriachelin,Asp,8
b0070_Asp_CAJ96472.1_A1_BGC0000330_cupriachelin,Asp,8
b0071_Dab_CAJ96472.1_A2_BGC0000330_cupriachelin,Dab,1
b0072_Orn_AFT91378.1_A1_BGC0000338_echinocandin_b,Orn,4
b0073_Thr_AFT91378.1_A2_BGC0000338_echinocandin_b,Thr,4
b0074_Pro_AFT91378.1_A3_BGC0000338_echinocandin_b,Pro,4
b0075_Htyr_AFT91378.1_A4_BGC0000338_echinocandin_b,Htyr,8
b0076_Thr_AFT91378.1_A5_BGC0000338_echinocandin_b,Thr,8
b0077_4Me-Pro_AFT91378.1_A6_BGC0000338_echinocandin_b,4Me-Pro,4
b0078_Leu_AHB38511.1_A1_BGC0000345_eponemycin,Leu,6
b0079_Ser_AHB38515.1_A1_BGC0000345,Ser,5
b0080_Leu_AHB38515.1_A2_BGC0000345,Leu,6
b0081_Iso_AHB38497.1_A1_BGC0000346_epoxomicin,Iso,4
b0082_Iso_AHB38497.1_A2_BGC0000346_epoxomicin,Iso,5
b0083_Thr_AHB38497.1_A3_BGC0000346_epoxomicin,Thr,5
b0084_Leu_AHB38497.1_A4_BGC0000346_epoxomicin,Leu,6
b0085_HOMM-Tyr_ADQ55476.1_A1_BGC0000350_ET-743_,HOMM-Tyr,3
b0086_HOMM-Tyr_ADQ55476.1_A2_BGC0000350_ET-743_,HOMM-Tyr,2
b0087_Phe|Trp_CAP93139.1_A1_BGC0000357_fungisporin,Phe|Trp,1
b0088_Phe|Trp_CAP93139.1_A2_BGC0000357_fungisporin,Phe|Trp,3
b0089_Val|Ile_CAP93139.1_A3_BGC0000357_fungisporin,Val|Ile,7
b0090_Val|Ile_CAP93139.1_A4_BGC0000357_fungisporin,Val|Ile,4
b0106_Ncp-Ala_AEH41793.1_A1_BGC0000374_hormaomycin,Ncp-Ala,4
b0107_Thr_AEH41793.1_A2_BGC0000374_hormaomycin,Thr,5
b0108_bMe-Phe_AEH41793.1_A3_BGC0000374_hormaomycin,bMe-Phe,7
b0109_Ncp-Ala_AEH41793.1_A4_BGC0000374_hormaomycin,Ncp-Ala,4
b0110_bMe-Phe_AEH41794.1_A1_BGC0000374_hormaomycin,bMe-Phe,7
b0111_Val_AEH41794.1_A2_BGC0000374_hormaomycin,Val,4
b0112_4Pe-Pro_AEH41794.1_A3_BGC0000374_hormaomycin,4Pe-Pro,4
b0113_Cys_ADZ24995.1_A1_BGC0000380_leupyrrin,Cys,7
b0114_Pro_ADZ24999.1_A1_BGC0000380_leupyrrin,Pro,6
b0115_Ile|Val_AFO85453.1_A1_BGC0000391_pendolmycin,Ile|Val,4
b0116_Trp_AFO85453.1_A2_BGC0000391_pendolmycin,Trp,5
b0128_Cys_ABR12615.1_A2_BGC0000405_penicillin,Cys,4
b0129_Val_ABR12615.1_A3_BGC0000405_penicillin,Val,4
b0163_Ser_ABA23460.1_A1_BGC0000427_shinorine,Ser,1
b0175_Htyr_AHJ31215.1_A1_BGC0000430_spumigin,Htyr,4
b0176_Pro_AHJ31215.1_A2_BGC0000430_spumigin,Pro,4
b0177_Arg_AHJ31215.1_A3_BGC0000430_spumigin,Arg,6
b0195_Ser_AED90002.1_A1_BGC0000443_thanamycin,Ser,1
b0196_Orn_AED90002.1_A2_BGC0000443_thanamycin,Orn,5
b0197_Asp_AED90002.1_A3_BGC0000443_thanamycin,Asp,4
b0198_Lys_AED90002.1_A4_BGC0000443_thanamycin,Lys,8
b0199_His_AED90002.1_A5_BGC0000443_thanamycin,His,4
b0200_Thr_AED90003.1_A1_BGC0000443_thanamycin,Thr,5
b0201_dhDab_AED90003.1_A2_BGC0000443_thanamycin,dhDab,5
b0202_OH-Asp_AED90003.1_A3_BGC0000443_thanamycin,OH-Asp,4
b0203_Thr_AED90004.1_A1_BGC0000443_thanamycin,Thr,5
b0204_Cys_CAJ34374.1_A1_BGC0000445_thiocoraline,Cys,1
b0205_Gly_CAJ34374.1_A2_BGC0000445_thiocoraline,Gly,3
b0524_di-OH-Bz_CDG76957.1_A1_BGC0000446_tilivalline,di-OH-Bz,4
b0209_Pro_CDG76959.1_A1_BGC0000446_tilivalline,Pro,4
b0228_Thr_AGN74876.1_A1_BGC0000459_griseoviridin,Thr,5
b0229_Leu_AGN74876.1_A2_BGC0000459_griseoviridin,Leu,4
b0230_Gly_AGN74885.1_A1_BGC0000459_griseoviridin_NOTE:final_product_nMethylated_to_Sarcosine,Gly,3
b0231_Leu_AGN74885.1_A2_BGC0000459_griseoviridin_NOTE:final_product_methylated_to_betamethyleucine,Leu,4
b0232_Ala_AGN74885.1_A3_BGC0000459_griseoviridin,Ala,7
b0233_PhGly_AGN74885.1_A4_BGC0000459_griseoviridin,PhGly,7
b0234_4OH-Pro_AGN74886.1_A1_BGC0000459_griseoviridin,4OH-Pro,4
b0235_Gly_AGN74892.1_A1_BGC0000459_griseoviridin,Gly,3
b0236_Ser_AGN74895.1_A1_BGC0000459_griseoviridin,Ser,1
b0525_Cys_AGN74898.1_A1_BGC0000459_griseoviridin,Cys,2
b0237_Leu_AFJ23819.1_A1_BGC0000462_WLIP,Leu,6
b0238_Glu_AFJ23819.1_A2_BGC0000462_WLIP,Glu,1
b0239_aThr_AFJ23825.1_A1_BGC0000462_WLIP,aThr,5
b0240_Val_AFJ23825.1_A2_BGC0000462_WLIP,Val,4
b0241_Leu_AFJ23825.1_A3_BGC0000462_WLIP,Leu,6
b0242_Ser_AFJ23825.1_A4_BGC0000462_WLIP,Ser,1
b0243_Leu_AFJ23826.1_A1_BGC0000462_WLIP,Leu,6
b0244_Ser_AFJ23826.1_A2_BGC0000462_WLIP,Ser,1
b0245_Ile_AFJ23826.1_A3_BGC0000462_WLIP,Ile,4
b0258_Pro_AGA37267.1_A1_BGC0000816_malbrancheamide,Pro,4
b0259_Trp_AGA37267.1_A2_BGC0000816_malbrancheamide,Trp,4
b0260_Pro_AGC83576.1_A1_BGC0000818_notoamide,Pro,4
b0261_Trp_AGC83576.1_A2_BGC0000818_notoamide,Trp,4
b0262_Pro_ADQ74618.1_A1_BGC0000921_promysalin,Pro,4
b0263_3Me-Tyr_ADY76664.1_A1_BGC0000950_napsamycin,3Me-Tyr,7
b0264_Dab_ADY76667.1_A1_BGC0000950_napsamycin,Dab,1
b0526_3Me-Tyr_ADY76674.1_A1_BGC0000950_napsamycin,3Me-Tyr,8
b0527_Met_ADY76684.1_A1_BGC0000950_napsamycin,Met,4
b0265_Ser_CAQ18831.1_A1_BGC0000954_ajudazol,Ser,2
b0266_Gly_CAQ18839.1_A1_BGC0000954_ajudazol_NOTE:final_product_nmethylated,Gly,3
b0274_Ala_AAG02356.1_A1_BGC0000963_bleomycin,Ala,4
b0528_Cys_AAG02365.1_A1_BGC0000963_bleomycin,Cys,7
b0281_Met_ABC36785.1_A1_BGC0000964_burkholdac,Met,3
b0282_Cys_ABC36785.1_A2_BGC0000964_burkholdac,Cys,2
b0283_Ile_ABC36785.1_A3_BGC0000964_burkholdac,Ile,5
b0285_Cys_ABC39418.1_A1_BGC0000964_burkholdac,Cys,2
b0286_Ser_BAP05589.1_A1_BGC0000967_calyculin,Ser,1
b0287_Gly_BAP05590.1_A1_BGC0000967_calyculin,Gly,3
b0288_Ser_BAP05591.1_A1_BGC0000967_calyculin,Ser,1
b0289_Ala_BAP05596.1_A1_BGC0000967_calyculin,Ala,4
b0290_Ser_BAP05597.1_A1_BGC0000967_calyculin,Ser,1
b0291_Trp_CAO91861.1_A1_BGC0000968_chaetoglobosin,Trp,4
b0292_Ala_CAJ46691.1_A1_BGC0000969_chondramide,Ala,4
b0293_Trp_CAJ46692.1_A1_BGC0000969_chondramide,Trp,4
b0294_bTrp_CAJ46692.1_A2_BGC0000969_chondramide,bTrp,5
b0295_Tyr_CAQ43084.1_A1_BGC0000970_chondrochloren,Tyr,4
b0296_bhceAla_CBW54672.1_A1_BGC0000971_cinnabaramide,bhceAla,4
b0297_Cys_CAJ76289.1_A1_BGC0000972_colibactin,Cys,2
b0298_Gly_CAJ76290.1_A1_BGC0000972_colibactin,Gly,3
b0299_Cys_CAJ76290.1_A2_BGC0000972_colibactin,Cys,2
b0300_Ser_CAJ76292.1_A1_BGC0000972_colibactin,Ser,1
b0302_Ala_CAJ76298.1_A1_BGC0000972_colibactin,Ala,4
b0303_Cys_CCC55921.1_A1_BGC0000973_collismycin,Cys,2
b0304_Leu_CCC55922.1_A1_BGC0000973_collismycin,Leu,7
b0305_Tyr_ABM21571.1_A1_BGC0000975_cryptophyicin_NOTE:final_product_nmethylated,Tyr,4
b0306_Me-bAla_ABM21572.1_A1_BGC0000975_cryptophyicin_NOTE:no_inline_methlation_domain,Me-bAla,1
b0307_aKic_ABM21572.1_A2_BGC0000975_cryptophyicin,aKic,8
b0310_Gac_ABX60161.1_A1_BGC0000978_cylindrospermopsin,Gac,5
b0311_Phe_EAW09117.1_A1_BGC0000983_cytochalasin,Phe,4
b0314_Cys_AAY42397.1_A1_BGC0001000_hectochlorin,Cys,2
b0315_O-Iv_AAY42398.1_A1_BGC0001000_hectochlorin,O-Iv,1
b0317_Cys_AAY42398.1_A2_BGC0001000_hectochlorin,Cys,2
b0319_Cys_CAD89775.1_A1_BGC0001010_melithiazol,Cys,2
b0320_Gly_CAD89778.1_A1_BGC0001010_melithiazol,Gly,3
b0323_Cys_CAD15508.1_A1_BGC0001014_micacocidin,Cys,2
b0324_Cys_CAD15513.1_A1_BGC0001014_micacocidin,Cys,2
b0325_Gln_AAO62582.1_A1_BGC0001016_microcystin,Gln,4
b0327_Ser_AAO62586.1_A1_BGC0001016_microcystin,Ser,1
b0328_Ala_AAO62586.1_A2_BGC0001016_microcystin,Ala,4
b0331_Arg_AAO62588.1_A1_BGC0001016_microcystin,Arg,1
b0333_Glu_AAF00958.1_A1_BGC0001017_microcystin_LR,Glu,4
b0334_Ser_AAF00960.1_A1_BGC0001017_microcystin_LR,Ser,1
b0335_Ala_AAF00960.1_A2_BGC0001017_microcystin_LR,Ala,4
b0336_Leu_AAF00961.1_A1_BGC0001017_microcystin_LR,Leu,6
b0337_Nme-Asp_AAF00961.1_A2_BGC0001017_microcystin_LR,Nme-Asp,4
b0341_Ala_CAG29032.1_A1_BGC0001023_myxochromide,Ala,7
b0343_Ala_CAG29032.1_A3_BGC0001023_myxochromide,Ala,4
b0344_Gln_CAG29032.1_A4_BGC0001023_myxochromide,Gln,4
b0345_Cys_AAF19812.1_A1_BGC0001024_myxothiazol,Cys,2
b0346_Gly_AAF19815.1_A1_BGC0001024_myxothiazol,Gly,3
b0355_Pro_AAF17281.1_A1_BGC0001028_nostopeptolide,Pro,4
b0356_Tyr_AAF17281.1_A2_BGC0001028_nostopeptolide,Tyr,5
b0369_Phe_EAL85113.2_A1_BGC0001037_pseurotin,Phe,8
b0370_Asn_ABL74936.1_A1_BGC0001048_tallysomycin,Asn,8
b0371_His_ABL74936.1_A2_BGC0001048_tallysomycin,His,4
b0372_Ala_ABL74937.1_A1_BGC0001048_tallysomycin,Ala,4
b0373_Thr_ABL74939.1_A1_BGC0001048_tallysomycin,Thr,5
b0375_Ser_ABL74940.1_A1_BGC0001048_tallysomycin,Ser,1
b0376_Asn_ABL74940.1_A2_BGC0001048_tallysomycin,Asn,8
b0377_Cys_ABL74945.1_A1_BGC0001048_tallysomycin,Cys,1
b0378_bAla_ABL74945.1_A2_BGC0001048_tallysomycin,bAla,2
b0379_Tyr_CAL69597.1_A1_BGC0001049_tenellin,Tyr,4
b0384_Cys_ADH04641.1_A1_BGC0001051_thuggacin,Cys,2
b0385_Gly_ADC79642.1_A1_BGC0001052_tirandamycin,Gly,3
b0386_Asp_CCM44336.1_A1_BGC0001056_zeamine,Asp,8
b0387_His_CCM44336.1_A2_BGC0001056_zeamine,His,5
b0388_Asn_CCM44336.1_A3_BGC0001056_zeamine,Asn,8
b0389_Asn_CCM44336.1_A4_BGC0001056_zeamine,Asn,8
b0390_Thr_CCM44337.1_A1_BGC0001056_zeamine,Thr,5
b0391_Val_CCM44337.1_A2_BGC0001056_zeamine,Val,4
b0392_Cys_ACG60772.1_A1_BGC0001058_zorbamycin,Cys,1
b0393_Cys_ACG60772.1_A2_BGC0001058_zorbamycin,Cys,2
b0394_Hse_ACG60773.1_A1_BGC0001058_zorbamycin,Hse,3
b0396_Ser_ACG60776.1_A1_BGC0001058_zorbamycin,Ser,1
b0397_Asn_ACG60776.1_A2_BGC0001058_zorbamycin,Asn,8
b0398_Val_ACG60778.1_A1_BGC0001058_zorbamycin,Val,4
b0399_Asn_ACG60782.1_A1_BGC0001058_zorbamycin,Asn,8
b0400_His_ACG60782.1_A2_BGC0001058_zorbamycin,His,5
b0531_bAla_ACG60771.1_A1_BGC0001058_zorbamycin,bAla,1
b0402_bAla_CAN89638.1_A1_BGC0001070_kirromycin,bAla,4
b0532_Gly_CAN89633.1_A1_BGC0001070_kirromycin,Gly,3
b0403_Gly_ADA69239.2_A1_BGC0001071,Gly,3
b0404_Pro_ADA69239.2_A2_BGC0001071,Pro,4
b0405_Pro_ADM34138.1_A1_BGC0001084_notoamide,Pro,8
b0406_Trp_ADM34138.1_A2_BGC0001084_notoamide,Trp,4
b0407_Gly_AGS06887.1_A1_BGC0001092_diaphorin,Gly,3
b0408_Gly_ADD82940.1_A1_BGC0001099_kalimantacin,Gly,3
b0412_Gly_ADA82585.1_A1_BGC0001110_psymberin,Gly,3
b0413_Gly_CCA89326.1_A1_BGC0001111_rhizopodins,Gly,3
b0414_Ser_CCA89328.1_A1_BGC0001111_rhizopodins,Ser,1
b0418_Thr_ABQ96384.2_A1_BGC0001152_fusaricidin,Thr,5
b0419_Val_ABQ96384.2_A2_BGC0001152_fusaricidin,Val,4
b0420_Tyr_ABQ96384.2_A3_BGC0001152_fusaricidin,Tyr,5
b0421_aThr_ABQ96384.2_A4_BGC0001152_fusaricidin,aThr,5
b0422_Asn_ABQ96384.2_A5_BGC0001152_fusaricidin,Asn,8
b0423_Ala_ABQ96384.2_A6_BGC0001152_fusaricidin_NOTE:final_epimerized,Ala,4
b0424_Phe_AEZ51516.1_A1_BGC0001153_polymyxin,Phe,7
b0425_Leu_AEZ51516.1_A2_BGC0001153_polymyxin,Leu,8
b0426_Dab_AEZ51516.1_A3_BGC0001153_polymyxin,Dab,2
b0427_Dab_AEZ51516.1_A4_BGC0001153_polymyxin,Dab,2
b0428_Thr_AEZ51517.1_A1_BGC0001153_polymyxin,Thr,5
b0429_Dab_AEZ51520.1_A1_BGC0001153_polymyxin,Dab,2
b0430_Thr_AEZ51520.1_A2_BGC0001153_polymyxin,Thr,5
b0431_Dab_AEZ51520.1_A3_BGC0001153_polymyxin,Dab,2
b0432_Dab_AEZ51520.1_A4_BGC0001153_polymyxin,Dab,2
b0433_Dab_AEZ51520.1_A5_BGC0001153_polymyxin,Dab,2
b0448_Thr_AGE25479.1_A1_BGC0001208_poaeamide,Thr,5
b0449_Leu_AGE25479.1_A2_BGC0001208_poaeamide,Leu,6
b0450_Leu_AGE25479.1_A3_BGC0001208_poaeamide,Leu,6
b0451_Ser_AGE25479.1_A4_BGC0001208_poaeamide,Ser,1
b0452_Ile_AGE25480.1_A1_BGC0001208_poaeamide,Ile,6
b0453_Leu_AGE25480.1_A2_BGC0001208_poaeamide,Leu,6
b0454_Leu_AGE25480.1_A3_BGC0001208_poaeamide,Leu,1
b0455_Ser_AGE25480.1_A4_BGC0001208_poaeamide,Ser,4
b0456_Leu_AGE26255.1_A1_BGC0001208_poaeamide,Leu,6
b0457_Glu_AGE26255.1_A2_BGC0001208_poaeamide,Glu,4
b0534_di-OH-Bz_ABS75234.1_A1_BGC0001185_bacillibactin,di-OH-Bz,5
b0445_Gly_ABS75232.1_A1_BGC0001185_bacillibactin,Gly,3
b0446_Thr_ABS75232.1_A2_BGC0001185_bacillibactin,Thr,5
b0447_Gly_AKL78825.1_A1_BGC0001187_xenolozoyenone,Gly,1
b0458_Cys_WP_028678148.1_A1_BGC0001228_retimycin,Cys,2
b0459_norCMA_WP_028678148.1_A2_BGC0001228_retimycin,norCMA,4
b0460_Thr_WP_028678149.1_A1_BGC0001228_retimycin,Thr,5
b0461_Ala_WP_028678149.1_A2_BGC0001228_retimycin,Ala,3
b0463_Ser_WP_030498974.1_A1_BGC0001327_rakicidin,Ser,1
b0464_OH-Asn_WP_030498977.1_A1_BGC0001327_rakicidin,OH-Asn,1
b0465_Gly_WP_052165466.1_A1_BGC0001327_rakicidin,Gly,3
b0466_Ser_EWM63002.1_A1_BGC0001328_rakicidin,Ser,1
b0535_Gly_EWM63005.1_A1_BGC0001328_rakicidin,Gly,3
b0467_OH-Asn_EWM63007.1_A1_BGC0001328_rakicidin,OH-Asn,8
b0468_Gly_WP_053065269.1_A1_BGC0001330_BE-43547A1,Gly,3
b0469_Ser_WP_053065269.1_A2_BGC0001330_BE-43547A1,Ser,1
b0470_Gly_WP_053065270.1_A1_BGC0001330_BE-43547A1,Gly,3
b0471_Gly_WP_019032753.1_A1_BGC0001331_BE-43547A1,Gly,3
b0472_Gly_WP_019032755.1_A1_BGC0001331_BE-43547A1,Gly,3
b0473_Ser_WP_019032755.1_A2_BGC0001331_BE-43547A1,Ser,1
b0474_Leu_AOA33121.1_A1_BGC0001346_bananamides,Leu,6
b0475_Asp_AOA33121.1_A2_BGC0001346_bananamides,Asp,7
b0476_Thr_AOA33122.1_A1_BGC0001346_bananamides,Thr,5
b0477_Leu_AOA33122.1_A2_BGC0001346_bananamides,Leu,6
b0478_Leu_AOA33122.1_A3_BGC0001346_bananamides,Leu,6
b0479_Gln_AOA33122.1_A4_BGC0001346_bananamides,Gln,1
b0480_Leu_AOA33123.1_A1_BGC0001346_bananamides,Leu,6
b0481_Ile_AOA33123.1_A2_BGC0001346_bananamides,Ile,4
b0482_Leu_ANQ43347.1_A1_BGC0001347_poaeamide_b,Leu,6
b0483_Glu_ANQ43347.1_A2_BGC0001347_poaeamide_b,Glu,4
b0484_Thr_ANQ43348.1_A1_BGC0001347_poaeamide_b,Thr,5
b0485_Ile_ANQ43348.1_A2_BGC0001347_poaeamide_b,Ile,4
b0487_Leu_ANQ43348.1_A3_BGC0001347_poaeamide_b,Leu,6
b0488_Ser_ANQ43348.1_A4_BGC0001347_poaeamide_b,Ser,1
b0489_Leu_ANQ43349.1_A1_BGC0001347_poaeamide_b,Leu,6
b0490_Leu_ANQ43349.1_A2_BGC0001347_poaeamide_b,Leu,6
b0491_Ser_ANQ43349.1_A3_BGC0001347_poaeamide_b,Ser,1
b0492_Ile_ANQ43349.1_A4_BGC0001347_poaeamide_b,Ile,4
b0493_di-OH-Bz_AQZ26587.1_A1_BGC0001437_obafluorin,di-OH-Bz,5
b0494_Ahnpb_AQZ26587.1_A2_BGC0001437_obafluorin,Ahnpb,7
b0495_Pro_ATJ34002.1_A1_BGC0001442_actinonin,Pro,7
b0536_Thr_ATJ34005.1_A1_BGC0001442_actinonin,Thr,5
b0496_Ile_WP_019634550.1_A1_BGC0001443_matlystatins,Ile,4
b0497_Me-Dpr_ARU08063.1_A1_BGC0001448_malacidin,Me-Dpr,1
b0498_3Me-Asp_ARU08073.1_A1_BGC0001448_malacidin,3Me-Asp,8
b0499_Val_ARU08073.1_A2_BGC0001448_malacidin,Val,7
b0500_Lys_ARU08074.1_A1_BGC0001448_malacidin,Lys,4
b0501_OH-Asp_ARU08074.1_A2_BGC0001448_malacidin,OH-Asp,8
b0502_Asp_ARU08074.1_A3_BGC0001448_malacidin,Asp,8
b0504_Gly_ARU08074.1_A4_BGC0001448_malacidin,Gly,3
b0505_3Me-Asp_ARU08074.1_A5_BGC0001448_malacidin,3Me-Asp,8
b0506_Val_ARU08075.1_A1_BGC0001448_malacidin,Val,4
b0507_3Me-Pro_ARU08075.1_A2_BGC0001448_malacidin,3Me-Pro,4
b0509_3Me-Pro_AEO57481.1_A1_BGC0001449_UCS1025A,3Me-Pro,4
b0510_Phe_WP_051206727.1_A1_BGC0001467_hapalosin,Phe,4
b0511_Hiv_WP_081656241.1_A1_BGC0001467_hapalosin,Hiv,1
b0513_Ser_RAT94090.1_A1_BGC0001469_marthiapeptide_a,Ser,1
b0514_Cys_RAT94090.1_A2_BGC0001469_marthiapeptide_a,Cys,2
b0515_Cys_RAT94090.1_A3_BGC0001469_marthiapeptide_a,Cys,2
b0516_Cys_RAT94090.1_A4_BGC0001469_marthiapeptide_a,Cys,2
b0517_Cys_RAT94090.1_A5_BGC0001469_marthiapeptide_a,Cys,2
b0520_Ile_RAT94091.1_A1_BGC0001469_marthiapeptide_a,Ile,4
b0521_Gly_AVV61987.1_A1_BGC0001477_lydicamycin,Gly,3
b0522_Phe_ACC81021.1_A1_BGC0001479_anabaenopeptin_nz857,Phe,4
b0523_Lys_ACC81021.1_A2_BGC0001479_anabaenopeptin_nz857_NOTE:final_epimerized,Lys,7
