query_name,predicted_functional_class_fc,fc_prediction_probability,predicted_substrate_specificity_ss,ss_prediction_probability,comments,bgcs,aa_seq,acc,ref_dwnloaded,to_remove,confidence,prot_names,likely_substrate,small_substrate_group,large_substrate_group,functional_class,transfer_molecule,title,description,details,entrez_uid,pmid_last,pmid,cmpnd,substrate_group_tr,sqnams_tr
BGC0000210_chromomycin_CAE17553_1_shortchain_HOLDOUTTEST,Fatty-acyl AMP ligase,0.91,C13 through C17,0.78,NA,BGC0000210,MEDRLCARPAARYVTELFTGLHRWSGRIALRTGKRQITFDELLAQSYRIARALERMGHSRHEGIVCLTANPPELVALRLAAHLLGSRFTALNVNVPGDVTGWRGILASVRPAVFLVDRRGAEVLGEPVPGTLTLGVPEAGCDLLARAAEESGEPLAPRAREEDIALLVPSHGTTGPRRGAVHRFSGMRVDWRRPEEGALGDFPAGITTLAVSPLAGNAGEVVLMLLRQGCTALLMDDFDPGRVLATVEAERITSVYLLSGHLRRLLAHPDVGRTDLSSLRYVPYGNAPVPAATVRRAVEVFGPVLAQNYLSSEIRAITLLRQEDHLAAAARRPELLRSVGRALPEVEIRIRGPRDEPLPCGACGEVWLRAPHMMSGYWRDPAGTARVMRGGWLHSGDRGRLDEEGYLYLTGRA,CAE17538.1,"NA","NA",1,acyl_CoA_ligase,acetate; isobutyrate; propionate,C2.through.C4,shortchain,HOLDOUTTEST,CoA,Biosynthesis of the antitumor chromomycin A3 in Streptomyces griseus: analysis of the gene cluster and rational design of novel chromomycin analogs.,"Men‚Äö√Ñ√∂‚àö‚Ä†‚àö‚àÇ¬¨¬®¬¨¬©ndez N, Nur-e-Alam M, Bra‚Äö√Ñ√∂‚àö‚Ä†‚àö‚àÇ¬¨¬®¬¨¬±a AF, Rohr J, Salas JA, M‚Äö√Ñ√∂‚àö‚Ä†‚àö‚àÇ¬¨¬®¬¨¬©ndez C.",Chem Biol. 2004 Jan;11(1):21-32.,15112992,15112992,21342468;21244022;17768249;16391039;15255901;15112992,chromomycin A3,shortchain,BGC0000210_chromomycin A3_CAE17538_1_shortchain_HOLDOUTTEST
BGC0000210_chromomycin_CAE17553_1_shortchain_HOLDOUTTEST,Fatty-acyl AMP ligase,0.91,C13 through C17,0.78,NA,BGC0000210,MPFDLARVPEVPLDGLLRRAAAAAPDRVAVRTPTGTTTYAELDGRADDCARSLSRAAGGSGTAVGLVASLDPSFAVAYYGAVRADHVVVLINPHLRGDALAHVLSVAGTTVVVAPPEFAERVAQVRGKLPHLRDVLSPDVLVQGRAGPGGRGRDAPGSAPHLDSVACVQFTSGTTGEPKAVQLTHRNLVVNAAQIASVHGLDGDAVTLNNLPLYHPMHLNAAVYAGATQVLCPSPDPAEAIEAANRHRATHYYSLPVRLAHLAADPRLPGLRLETVRAVFSGGSALLPAQARTLGTHFGIPVVQGYGLAETSPLTHGEPPARPRPGSVGPEVPGTECRVVDMDRRTPLPAGRDGEIQVRGPQLMRGYLGAAGPAVDADGWFSTGDIGHRDQDGYLYLVDRIKDVFKYENWLVSPTEIEQVLITHPAVRDCAVVDHPEPFSGAVAHAFVVLDEDAALPGPAELAAHVNDQVPYYQQIKYLDVVERVPRSPNGKILRRELRARAAHTDRADRLHPGAAGRPHSDLIGENP,CAE17553.1,"NA","NA",1,acyl_CoA_ligase,acetate; isobutyrate; propionate,C2.through.C4,shortchain,HOLDOUTTEST,CoA,Biosynthesis of the antitumor chromomycin A3 in Streptomyces griseus: analysis of the gene cluster and rational design of novel chromomycin analogs.,"Men‚Äö√Ñ√∂‚àö‚Ä†‚àö‚àÇ¬¨¬®¬¨¬©ndez N, Nur-e-Alam M, Bra‚Äö√Ñ√∂‚àö‚Ä†‚àö‚àÇ¬¨¬®¬¨¬±a AF, Rohr J, Salas JA, M‚Äö√Ñ√∂‚àö‚Ä†‚àö‚àÇ¬¨¬®¬¨¬©ndez C.",Chem Biol. 2004 Jan;11(1):21-32.,15112992,15112992,21342468;21244022;17768249;16391039;15255901;15112992,chromomycin A3,shortchain,BGC0000210_chromomycin A3_CAE17553_1_shortchain_HOLDOUTTEST
BGC0001256_atromentin_ACH90386_1_aryl_HOLDOUTTEST,Fatty-acyl AMP ligase,0.76,C6 through C12,0.5,NA,BGC0001256,MAPTAVFSNPATNPVANLKASVKTAEGVPATLNDLLLQATEMYPSHELSFITSSAHDSSVQARTFQDFNQRVRNLASALAAWKKPAGEVVVVYLTEHEDNMSAVWACLLAGLVPCLQPALSAQQEHKEGHIAHIRKLFGSATWLTNDAGAMQLDTIKGLDVHLFSDLLASAEKSSVAANYVARQSQPDDEAILFLTSGSTGFSKAVVHTHRTIINACIAKGANYRLTPQTNILNWVGFDHVAGSLEMHIAPLLYGCSQLHVHASAILSDPLLLLRLIDERSIDIAFAPNFLLAKMVRDLEKRTDLHGKFDLSSLRRMNSGGEAVVSKTAVAFVQLLKKLGRNPSKVSFKVAAGFGMTETCAGCIYDVVDLAENSPKHEFLALGAPVHGCEMRIVDPEDGATPRSDGQPGELQVRGPMIFVRYYNNPEATKSSFVEGGWYRTGDIGIIENGNMRLSGRIKDTVIVHGVSYGIPELETYLQTVQGVTHSFLAAAPYRAPGQETEGFVVFYAPTFDLQGDDASKKLSETHRAIKDVSVKMMTLPPQHIVPIPMDQMEKTTLGKLSRARLLSQFVQGALAKHVARAEELISMARGASFVTPSTDDEKALAAIYAGIFNLQSNEVSARDNFFELGGTSIDVIRLKREGEAHFGLSEIPIIQILKNPIVSDLAKYVNGLVNNDASANEYDPIVPLQLSGDKTPIFFVHPGVGEVLIFVNLAKYFQNERPFYAFRARGFEPGHPFFGSMDEMVTSYANAMKKTQPKGPYAIAGYSYGGVVAFEVAKRLESMGEEVKFVGLINIPPHIADRMHEIDWTGGMLNLAYFLSLVTKQDATDLHPKLKTMTKEEQLEVVWKLAPPERVTELQLTPGKLDHWVSIAGSLIECGKSYNPGGNVSAVDVFYAIPLKGSKEDWLNKQLKPWSQFSRGEPQFIDVPGQHYTLMDFDHVPQFQKIFRGRLEARGL,ACH90386.1,"NA","NA",1,atromentin_synthetase,4-hydroxyphenylpyruvate,unknown.other,aryl,HOLDOUTTEST,condensation,Three Redundant Synthetases Secure Redox-Active Pigment Production in the Basidiomycete Paxillus involutus.,"Braesel J, G‚Äö√Ñ√∂‚àö‚Ä†‚àö‚àÇ‚Äö√Ñ√∂‚àö‚Ä†‚àö√°tze S, Shah F, Heine D, Tauber J, Hertweck C, Tunlid A, Stallforth P, Hoffmeister D.",Chem Biol. 2015 Oct 22;22(10):1325-34. doi: 10.1016/j.chembiol.2015.08.016.,26496685,26496685,18805498;26496685,atromentin,aryl,BGC0001256_atromentin_ACH90386_1_aryl_HOLDOUTTEST
BGC0000971_Cinnabaramide_CBW54660_1_longchain_HOLDOUTTEST,Fatty-acyl AMP ligase,0.6,C13 through C17,0.29,NA,BGC0000971,MTTARPEPHADFLTLPDALRYRSERQSHKTAYVFLKDGEDAEESLTYRELHEAACRRAAALTAAGLAGRNAVLMYPSGLEFVRTLLGCMYGRVVGAPVQPPRRRAEVERLRRIADDAGTATVLTTTEVLRDLRERFGDLPALDGLDLVATDDPGLLSTGEGGAPERFPDPRDIALLQYTSGSTGHPKGVMVSHANFLANAVETDALWPCEPDGTVVNWLPLFHDMGMLFGVVLPLWAGIPSYLMAPDSFVRRPARWLEAISRFRGTHSAAPSFAYELCVRAAENGMTAGVGDLSSWRVAANGAEPVRWSTVRAFTDTFAPHGFDPLAMCPGYGLAENTLKATGTGADREPAVLWLSAEALREGRAQPVGERADRAVPVVGSGRPVAGTRIRIVDPVTRRPRPPGQVGEVWISGPCVADGYWGRPAVSEETFRARVADDHEDAAGAPHLRTGDLGFLYGGDLYITGRMKDVIVRKGRNHYPQDIELSAERSVPGVQPNGTAAFSLDDGERERLVVVVEADGRVLGALDAETLRARVRDAVRAEQRITPDDVVVVRRGKLPKTSSGKVQRQACRSLYQDGALTRLVPSAREA,CBW54660.1,"NA","NA",1,Acyl-CoA_ligase,octanoate; hexanoate,C5.through.C8,longchain,HOLDOUTTEST,CoA,Mining the cinnabaramide biosynthetic pathway to generate novel proteasome inhibitors.,"Rachid S, Huo L, Herrmann J, Stadler M, K‚Äö√Ñ√∂‚àö‚Ä†‚àö‚àÇ‚Äö√Ñ√∂‚àö‚Ä†‚àö√°pcke B, Bitzer J, M‚Äö√Ñ√∂‚àö‚Ä†‚àö‚àÇ¬¨¬®‚Äö√†¬¥ller R.",Chembiochem. 2011 Apr 11;12(6):922-31. doi: 10.1002/cbic.201100024. Epub 2011 Mar 8.,21387511,21387511,21387511,Cinnabaramide,longchain,BGC0000971_Cinnabaramide_CBW54660_1_longchain_HOLDOUTTEST
BGC0000971_Cinnabaramide_CBW54660_1_longchain_HOLDOUTTEST,Fatty-acyl AMP ligase,0.6,C13 through C17,0.29,NA,BGC0000971,MAGEWDAEKLAGHQNRKLRETVEYVRVNSPFYRRKLAGITEEQVSALRVDDLRGIPFTTKDDLRKAQFDILSQPVSKAWIFYETTGTTGAATPCPRTNEDSIHNNTVLTAYYHDVLAAHGEEQVIGVLGPTELHATGDTFGDVCRNLGHAVAKMWPHSPVIGFDRALEVMRLLSVTGLFCTPGMAMRLAQKATEAGLDPRRDFSVRVLMLTGELMSPSLLENIGALWGAEARNALYASQEASVLAAAASDGALRTAPLINLYEVIDPETLEPVEPDPDGVRYGELVVTNLYTGAKPLVRYRTGDLVRMTDPAPDAAVPAPSLQAVGRVGDRLLLNGRTVNGYDLEDLLLRRFRYQDYQVTVDRDEDGTDRLALTLLADPDRESGAVEAAVEDCRATLDTPLTVGFGTPGPITSTGAMVSWKAARVVDLRTTSSDEHASAVRIAATRV,CBW54662.1,"NA","NA",1,phenyl-acetate-CoA_ligase,phenylacetate,salicylic.acid.derivatives,aryl,ARYL,"NA",Mining the cinnabaramide biosynthetic pathway to generate novel proteasome inhibitors.,"Rachid S, Huo L, Herrmann J, Stadler M, K‚Äö√Ñ√∂‚àö‚Ä†‚àö‚àÇ‚Äö√Ñ√∂‚àö‚Ä†‚àö√°pcke B, Bitzer J, M‚Äö√Ñ√∂‚àö‚Ä†‚àö‚àÇ¬¨¬®‚Äö√†¬¥ller R.",Chembiochem. 2011 Apr 11;12(6):922-31. doi: 10.1002/cbic.201100024. Epub 2011 Mar 8.,21387511,21387511,21387511,Cinnabaramide,aryl,BGC0000971_Cinnabaramide_CBW54662_1_aryl_ARYL
BGC0000135_reveromycin_BAK64646_1_shortchain_HOLDOUTTEST,Fatty-acyl AMP ligase,0.6,C13 through C17,0.37,NA,BGC0000135,MNESLALVDQFLQTDLDEWTRQVVRRHFDPGTGSPYWLKRAAELDFDPLEITRYDELSALGPFPLSVLRKLDPADLVPQAVPRPIAGRVFDSGGTTGDPKRILYTPAMLQHRQAWRHWSFHTEGFRPDGNWVQGTPTGPHVIGLGVQELSSYGGRMYIVDIDPRWVKRLIRAGKLAEADEYTDHVLGQITNILASQPIDYLNTTSALLTALIRRAPELAAKLKGVRVSGTHCTPAMFRTFKETLNGGSGAIVGRSYGNTFGTSAGIPDEDDGEILPYLPNYPNVTARVVDKQDWTREVGFGEQGQVMLNVLHPDLLLPNFLERDQAVRYDTGAAYPCDGVANVMPLQITRNAPEGIY,BAK64646.1,"NA","NA",1,hypothetical_protein,malonate; methylmalonate,malonate.derivatives,shortchain,HOLDOUTTEST,CoA,Reveromycin A biosynthesis uses RevG and RevJ for stereospecific spiroacetal formation.,"Takahashi S, Toyoda A, Sekiyama Y, Takagi H, Nogawa T, Uramoto M, Suzuki R, Koshino H, Kumano T, Panthee S, Dairi T, Ishikawa J, Ikeda H, Sakaki Y, Osada H.",Nat Chem Biol. 2011 Jun 5;7(7):461-8. doi: 10.1038/nchembio.583.,21642985,21642985,21642985,reveromycin,shortchain,BGC0000135_reveromycin_BAK64646_1_shortchain_HOLDOUTTEST
BGC0000135_reveromycin_BAK64646_1_shortchain_HOLDOUTTEST,Fatty-acyl AMP ligase,0.6,C13 through C17,0.37,NA,BGC0000135,MELALPAELAPTLPEALRLRSEQQPDTVAYVFLRDGETPEETLTYGRLDRAARARAAALEAAGLAGGTAVLLYPSGLEFVAALLGCMYAGTAGAPVQVPTRRRGMERARRIADDAGAKTILTTTAVKREVEEHFADLLTGLTVIDTESLPDVPDDAPAVRLPGPDDVALLQYTSGSTGDPKGVEVTHANFRANVAETVELWPVRSDGTVVNWLPLFHDMGLMFGVVMPLFTGVPAYLMAPQSFIRRPARWLEAISRFRGTHAAAPSFAYELCVRSVADTGLPAGLDLSSWRVAVNGAEPVRWTAVADFTEAYAPAGFRPQAMCPGYGLAENTLKLSGSPEDRPPTLLRADAAALQDGRVVPLTGPGTDGVRLVGSGVTVPSSRVAVVDPGTGTEQPAGRVGEIWINGPCVARGYHGRPAESAESFGARIAGQEARGTWLRTGDLGFLHDGEVFVAGRLKDVVIHQGRNFYPQDIELSAEVSDRALHPNCAAAFALDDGRTERLVLLVEADGRALRNGGADALRARVHDAVWDRQRLRIDEIVLLRRGALPKTSSGKVQRRLARSRYLDGEFGPAPAREA,BAK64635.1,"NA","NA",1,putative_CoA_ligase_RevS,octanoate; nonanoate; (E)-2-nonenoate; (E)-2-octenoate; (E)-3-octenoate,C5.through.C8,mediumchain,MACS,CoA,Reveromycin A biosynthesis uses RevG and RevJ for stereospecific spiroacetal formation.,"Takahashi S, Toyoda A, Sekiyama Y, Takagi H, Nogawa T, Uramoto M, Suzuki R, Koshino H, Kumano T, Panthee S, Dairi T, Ishikawa J, Ikeda H, Sakaki Y, Osada H.",Nat Chem Biol. 2011 Jun 5;7(7):461-8. doi: 10.1038/nchembio.583.,26378232,26378232,26378232,reveromycin,mediumchain,BGC0000135_reveromycin_BAK64635_1_mediumchain_MACS
BGC0001474_thiopeptin_PYC80221_1_aryl_HOLDOUTTEST,Short chain acyl-CoA synthetase,0.58,C2 through C5,0.57,NA,BGC0001474,MGESRPWLSEAADRLARARTGLVTEHGRYGWPELLGRARAVAASLPPAPHGWVVPADGSVRSVIGLLAVGLAEPAPRWVLGDPGRWGTGEPVGEVLWRAGAECAPPPGVTAATYATASSGSTGEPRLLFGDPAGLPQAARLYAAGMPEYADAEVFAACSAMDFAAAFYMTVVPALLLARDLLVFAPHRWDLAARELAGRAAVCLAAPVLAALGARAAAGGDFARTTLVPAGGGLTVARAERIAAGFTGCSFLTMLGSTETGLLTVGREVREDGHVGSPLPGKPVWLADTGRDGVGTLWTRGPDTRFAASDGRLLRGAGGAVSTGDLAHLDPSGTGYVLDGRGDDLIKVDGVSVYPNAVAAAVRALPGVLDAAVAVDRTGPADRVLVTAVGETTEEAVRAACGALAQPVVPYRVTVAAAEAVAYNERGKVLR,PYC80221.1,"NA","NA",1,hypothetical_protein,(S)-4-(1-hydroxyethyl)quinoline-2-carboxylate,cinnamate.and.succinylbenzoate.derivatives,aryl,HOLDOUTTEST,CoA,"Thiopeptin, a new feed additive antibiotic: microbiological and chemical studies.","Miyairi N, Miyoshi T, Aoki H, Kosaka M, Ikushima H.",Antimicrob Agents Chemother. 1972 Mar;1(3):192-6.,5045467,5045467,29983054;5045467,thiopeptin,aryl,BGC0001474_thiopeptin_PYC80221_1_aryl_HOLDOUTTEST
BGC0000894_citrinin_ACA34725_1_shortchain_HOLDOUTTEST,Aryl-CoA ligase,0.48,C13 through C17,0.24,NA,BGC0000894,MGGEHRESRCLCQVLSSATTPHPQTIFGDRRALNQTEPDAGLALTLAVMHVDAFVEIAVNLYYYATMLSSSCAASMLSDCVSSSGLIPGLFWCRPVWLDFPIIALFRPSEALFLTSFPGSRNTTHQSLPRGARVLPGTFPLSCTFAWLEKTVTRNIVVYNIRRYMMPPLTALAGIPLKVAIPAAATTLAYLNARWSVSHDVALGRAFAHTVLQPALAERNDRLNLFYLLEYYALSPKLANNTWIVYNGRSWTFHEGYEMVLRYGHWLKTVHGVKPKEIVAMDFMNSSTFIFLMFGLWSIGAVPAFINYNLSGKPLTHSVKASTARLLFVDEDVRECFPQEQLDIFTSPDFHEDKGPMTVVFFTPDLEAQILQTQPVREDDRARQGVIRRDMAILIYTSGTTGLPKPAIVSWAKCYAGGYFSGSYMGLKQSDRFYTVRENDATAVQYVGETMRYLLAVPPEVDPVTGEDLDKKHNVRIIFGNGLRPDVWNKVKERFNIPTVCEFYASTEGSSATWNLSSNSHSAGAIGRNGAIARFVFERRHAIVAVDHESQQPWRDPKTGLCKAVPRGEPGELLLALDAKDTEAMFQGYFKNNKATEDKIIRDVLTKGDAYFRTGDMIRWDSNGLWYFSDRMGDTFRWRSENVSTSEVAEVLGAHPEVHEANVYGVALPHHDGRAGCAAIVFRHQAQNTDPSSGVIDPSPQVLGDVASYALKNLPKYAVPIFLRVTPEMQATGNNKQQKHVLQKEGVDPSKVNAKDKLYWLRGATYVPFQQKDWERLNAGQSVNHNESLQSFVTRISTI,ACA34725.1,"NA","NA",1,CtnI,acetate; malonate,C2.through.C4,shortchain,HOLDOUTTEST,"NA",Isolation and characterization of the citrinin biosynthetic gene cluster from Monascus aurantiacus.,"Li YP, Xu Y, Huang ZB.",Biotechnol Lett. 2012 Jan;34(1):131-6. doi: 10.1007/s10529-011-0745-y. Epub 2011 Sep 29.,21956130,21956130,21956130,citrinin,shortchain,BGC0000894_citrinin_ACA34725_1_shortchain_HOLDOUTTEST
BGC0000093_meilingmycin_ADC45517_1_shortchain_HOLDOUTTEST,Aryl-CoA ligase,0.47,aryl and biaryl derivatives,0.23,NA,BGC0000093,MQRSMRPALLAGQTLGESLTLLAKAAPDSRANFPTAGDDITAADLDIASAAAAHEFLRAGVRPGDIVGVLVPTAARFFTTVFGLWRAGAAISVLPVQAGFGDPRDTARRLARIAEVAGLRHLVLDPDYDELGHELTTMATGVALVSPPSPSATGSPLTLPTVDPDSLAIVQFTSGSTSLPKGVMLHHRTTMAGLRACVVSGAFSPDDVFVQWVPTFHDMGLIGLQAHWLNGADVHAFSPTTFLRRPGTVLEHFATHRGTVMTGPNFSYDYLLDRVPAERLAALDLSSWRLAFNGAEPVSSATVRRFTEALAPSGVGPSVMYPVYGMAEATLSISYPTPGDTPKFRTVDRDQLATTGVAHTVDEAAAAAKPVVSVGRAVHGIELRIVGDDGAVAADGTLGEIQIAGEPVTTGYFRAPDATREVFDDGWLRTGDLGFLLDGELYVTGRRKEMVVVHGQNFFPDDVENVARTVPGVYRHRCVAFSDTDAEGGERIGVIVETDADPAPVLAEVRRRVAAELDLSKVRVYAVKPRWIPRTTSGKWQRVLAARRVAAADGDSAVAYPATGSPDRGERV,ADC45517.1,"NA","NA",1,AMP-dependent_synthetase_and_ligase,acetate; propionate,C2.through.C4,shortchain,HOLDOUTTEST,CoA,Cloning of separate meilingmycin biosynthesis gene clusters by use of acyltransferase-ketoreductase didomain PCR amplification.,"He Y, Sun Y, Liu T, Zhou X, Bai L, Deng Z.",Appl Environ Microbiol. 2010 May;76(10):3283-92. doi: 10.1128/AEM.02262-09. Epub 2010 Mar 26.,20348291,20348291,12811466;20348291,meilingmycin,shortchain,BGC0000093_meilingmycin_ADC45517_1_shortchain_HOLDOUTTEST
BGC0000466_yatakemycin_ADZ13551_1_aryl_HOLDOUTTEST,Aryl-CoA ligase,0.46,cinnamate and succinylbenzoate derivatives,0.27,NA,BGC0000466,MTAIDQSTSLFTDLVPRRVRRGWAAQGLYRDLDLFSLFDEQARRLGDRTAVVDAEGEVGFGELRDLALRLAGGLAEHGVGRGDVVGVQLPNSRLSCIVELAVAALGAVLLPFPPGRGGKEAATLLSGARAACVIVPGTHRGHDYLTPVLALARTLPELRTVVSAQRTDRSPCLADLLRSEPAVPARPDPDGAARIMVSSGSEAAPKMVAFSHNALATGLGAVVGEVLEPGERPRSLWLVPLSAAFGSNATVGTLIVHGGTLVLQPRFDAAEALRLIERHRPSHVLGVPTMMRMMADEPSAATADTSGVRAVVVGGAKLDGATARRAAALFRCPVVSTYGSSDGVHCAMSDPTRGGSRSGRPNPAIVDIRVVDDDLNDVGPGQVGEIVARGPFTPLCYVGAPHLNARYRTPGGWVRTDDLGVLDADGRLTVVDRRKEIVVRGGASISPLEVEQLLLQLDGVRDAACVGVPDALMGERLCACVVPAPGATITLGGLVAQLRHRALEDRKLPERLVLVDRLPQTPTGKVDRRRLRTIACRGPMTDG,ADZ13540.1,"NA","NA",4,YtkG,"5-hydroxy-4-methoxy-3,6,7,8-tetrahydropyrrolo[3,2-e]indole-2-carboxylate",aryl.and.biaryl.derivatives,aryl,ARYL,CoA,Characterization of yatakemycin gene cluster revealing a radical S-adenosylmethionine dependent methyltransferase and highlighting spirocyclopropane biosynthesis.,"Huang W, Xu H, Li Y, Zhang F, Chen XY, He QL, Igarashi Y, Tang GL.",J Am Chem Soc. 2012 May 30;134(21):8831-40. doi: 10.1021/ja211098r. Epub 2012 May 21.,22612591,22612591,22612591,yatakemycin,aryl,BGC0000466_yatakemycin_ADZ13540_1_aryl_ARYL
BGC0000466_yatakemycin_ADZ13551_1_aryl_HOLDOUTTEST,Aryl-CoA ligase,0.46,cinnamate and succinylbenzoate derivatives,0.27,NA,BGC0000466,MRTAPDRTLERLGAQLEYALSRSPHYRQAWGAHRGRVLDDLADLRTLPFTTADAVDAAGPLGLTAVGHGRIARYAESRDTRGRVLGAAATAADLGRASAAMEEALRPHVRPDDLAFVAVPYELSGGAHDTDRALGALGAGVVGVGALSAVCPPERAIALMALLHPSVLVATPDRAVGTHHRLGAAGHDPRSVGLRAQLYVGGACAPAKTARVGALWGTSTAWAYGSTLTPAAGLPCALGTAHLTDTLYHAEVVDPDGQDPVPDGRPGELVLTTLAAEATPLLRFRTGDLVRLGGCGCGDPRPALEQHGRVEDRWSSPTGRALTAVELEQAALSVPGTGLYCVTGAVGGRPTARIDTAAPDVRQEVAEALRRLTGVVWQVDTADRRAFLDATERAGRRRIGLRDLEAV,ADZ13551.1,"NA","NA",1,YtkN,5-hydroxy-6-methoxy-1H-indole-2-carboxylate,unknown.other,aryl,HOLDOUTTEST,CoA,Characterization of yatakemycin gene cluster revealing a radical S-adenosylmethionine dependent methyltransferase and highlighting spirocyclopropane biosynthesis.,"Huang W, Xu H, Li Y, Zhang F, Chen XY, He QL, Igarashi Y, Tang GL.",J Am Chem Soc. 2012 May 30;134(21):8831-40. doi: 10.1021/ja211098r. Epub 2012 May 21.,22612591,22612591,22612591,yatakemycin,aryl,BGC0000466_yatakemycin_ADZ13551_1_aryl_HOLDOUTTEST
BGC0000466_yatakemycin_ADZ13551_1_aryl_HOLDOUTTEST,Aryl-CoA ligase,0.46,cinnamate and succinylbenzoate derivatives,0.27,NA,BGC0000466,MAILDHTPAAPTTTVPAPAPDRARERHSALRETAQAELHAFEALGRTRVRSWQLDRLREQVAYARRESPFYRRRFAAGGLPDGTDGDELLRRLPFTTKDDLRDGYPFGLIAAPLTSLVRYGESTGTTGSPTSSAITYQDWVRGNVSTELSVGQRFGPGDTVFVAIPYELSFAAYDLDRALETVGATVVGVGILSAVCPIERTARMIATLRPAGIVCSPTRALRLFDLLTEMGHDPAELGVRTVLYVGETCSPAKLAKISRMWQAELISAYGTTETNSLALSCGHGRAHLTEDRHLFEILDPATGTPLADGTTGELVLSTLVAQAMPLLRYRTGDLVSVDPEPCPCGSVRRTVRHHGRASDRLVVDGRPIDRLDLEESVLSVPGTGLYYAAGVRDGLLHIRVECPDRPARQVCAEIADGIRARFRTDATVTEVDRATVGRAMDRMLKPGNLTLEDLEAAR,ADZ13554.1,"NA","NA",1,YtkQ,5-hydroxy-6-methoxy-1H-indole-2-carboxylate,unknown.other,aryl,HOLDOUTTEST,CoA,Characterization of yatakemycin gene cluster revealing a radical S-adenosylmethionine dependent methyltransferase and highlighting spirocyclopropane biosynthesis.,"Huang W, Xu H, Li Y, Zhang F, Chen XY, He QL, Igarashi Y, Tang GL.",J Am Chem Soc. 2012 May 30;134(21):8831-40. doi: 10.1021/ja211098r. Epub 2012 May 21.,22612591,22612591,22612591,yatakemycin,aryl,BGC0000466_yatakemycin_ADZ13554_1_aryl_HOLDOUTTEST
BGC0000834_novobiocin_AAF67505_1_aryl_HOLDOUTTEST,Aryl-CoA ligase,0.46,cinnamate and succinylbenzoate derivatives,0.22,NA,BGC0000834,MANKDHAPEHYVTRILAEATLDGARPVVRWRDTVITGTQLDRSVRRVVTALREAGVARDHAVAVLTQVNSPWMLIVRYAAHLVGASVVYITGANHGIVTHELPVATRVRMLREAGASVLVFDESNAQLAETVDETVRDKLVLCGLGHPASGTVSVDGRPVDDVSVDFTPEAPELAMVLYTSGTTGQPKGVCRSFGSWNAAALRGAAYPRPVFLTMTAVSQTVAMIVDTVLAAGGSVLLRERFDPADFLRDVGEHRVTETFMGVAQLYAILGHPDARTADLSSLRHVLYLGCPASPERLREAAALLPGVLAQSYGSTEAGRITVLRAADHERPELLATVGRAVPGVTIAIRDPETGHDLPVGEIGEVVVHGPEVMAGYVADPEHTARVIRDGWVHTGDFGSVDERGYVRLFGRMREVVKVQDTRVSPTEVEKVLVGCPGVVDACVYGHRGPDLIEELHAAVVLGTEGAPSFDTLRDHVARAMTPTHAPIRFVRWRRFPINNTGKVNRLRVREVSAEARGDSPDVLVDR,AAF67505.1,"NA","NA",1,NovL,desmethylaminocoumarin,cinnamate.and.succinylbenzoate.derivatives,aryl,HOLDOUTTEST,amide_bond,"Streptonivicin, a new antibiotic. I. Discovery and biologic studies.","SMITH CG, DIETZ A, SOKOLSKI WT, SAVAGE GM.",Antibiot Chemother (Northfield). 1956 Feb;6(2):135-42. No abstract available.,24543916,24543916,10770754;10801869;12436260;12736771;14694473;17139092;15942002;15870333;15752721;24407644;19762445;18568336;18997325;19857499;17329822;16514445;16411240;16274243;16171397;14694473;12876368;12680772;11325587;13355385;13355386;19557032;24543916,novobiocin,aryl,BGC0000834_novobiocin_AAF67505_1_aryl_HOLDOUTTEST
BGC0000210_chromomycin_CAE17538_1_shortchain_HOLDOUTTEST,Long chain acyl-CoA synthetase,0.44,C13 through C17,0.45,NA,BGC0000210,MEDRLCARPAARYVTELFTGLHRWSGRIALRTGKRQITFDELLAQSYRIARALERMGHSRHEGIVCLTANPPELVALRLAAHLLGSRFTALNVNVPGDVTGWRGILASVRPAVFLVDRRGAEVLGEPVPGTLTLGVPEAGCDLLARAAEESGEPLAPRAREEDIALLVPSHGTTGPRRGAVHRFSGMRVDWRRPEEGALGDFPAGITTLAVSPLAGNAGEVVLMLLRQGCTALLMDDFDPGRVLATVEAERITSVYLLSGHLRRLLAHPDVGRTDLSSLRYVPYGNAPVPAATVRRAVEVFGPVLAQNYLSSEIRAITLLRQEDHLAAAARRPELLRSVGRALPEVEIRIRGPRDEPLPCGACGEVWLRAPHMMSGYWRDPAGTARVMRGGWLHSGDRGRLDEEGYLYLTGRA,CAE17538.1,"NA","NA",1,acyl_CoA_ligase,acetate; isobutyrate; propionate,C2.through.C4,shortchain,HOLDOUTTEST,CoA,Biosynthesis of the antitumor chromomycin A3 in Streptomyces griseus: analysis of the gene cluster and rational design of novel chromomycin analogs.,"Men‚Äö√Ñ√∂‚àö‚Ä†‚àö‚àÇ¬¨¬®¬¨¬©ndez N, Nur-e-Alam M, Bra‚Äö√Ñ√∂‚àö‚Ä†‚àö‚àÇ¬¨¬®¬¨¬±a AF, Rohr J, Salas JA, M‚Äö√Ñ√∂‚àö‚Ä†‚àö‚àÇ¬¨¬®¬¨¬©ndez C.",Chem Biol. 2004 Jan;11(1):21-32.,15112992,15112992,21342468;21244022;17768249;16391039;15255901;15112992,chromomycin A3,shortchain,BGC0000210_chromomycin A3_CAE17538_1_shortchain_HOLDOUTTEST
BGC0000210_chromomycin_CAE17538_1_shortchain_HOLDOUTTEST,Long chain acyl-CoA synthetase,0.44,C13 through C17,0.45,NA,BGC0000210,MPFDLARVPEVPLDGLLRRAAAAAPDRVAVRTPTGTTTYAELDGRADDCARSLSRAAGGSGTAVGLVASLDPSFAVAYYGAVRADHVVVLINPHLRGDALAHVLSVAGTTVVVAPPEFAERVAQVRGKLPHLRDVLSPDVLVQGRAGPGGRGRDAPGSAPHLDSVACVQFTSGTTGEPKAVQLTHRNLVVNAAQIASVHGLDGDAVTLNNLPLYHPMHLNAAVYAGATQVLCPSPDPAEAIEAANRHRATHYYSLPVRLAHLAADPRLPGLRLETVRAVFSGGSALLPAQARTLGTHFGIPVVQGYGLAETSPLTHGEPPARPRPGSVGPEVPGTECRVVDMDRRTPLPAGRDGEIQVRGPQLMRGYLGAAGPAVDADGWFSTGDIGHRDQDGYLYLVDRIKDVFKYENWLVSPTEIEQVLITHPAVRDCAVVDHPEPFSGAVAHAFVVLDEDAALPGPAELAAHVNDQVPYYQQIKYLDVVERVPRSPNGKILRRELRARAAHTDRADRLHPGAAGRPHSDLIGENP,CAE17553.1,"NA","NA",1,acyl_CoA_ligase,acetate; isobutyrate; propionate,C2.through.C4,shortchain,HOLDOUTTEST,CoA,Biosynthesis of the antitumor chromomycin A3 in Streptomyces griseus: analysis of the gene cluster and rational design of novel chromomycin analogs.,"Men‚Äö√Ñ√∂‚àö‚Ä†‚àö‚àÇ¬¨¬®¬¨¬©ndez N, Nur-e-Alam M, Bra‚Äö√Ñ√∂‚àö‚Ä†‚àö‚àÇ¬¨¬®¬¨¬±a AF, Rohr J, Salas JA, M‚Äö√Ñ√∂‚àö‚Ä†‚àö‚àÇ¬¨¬®¬¨¬©ndez C.",Chem Biol. 2004 Jan;11(1):21-32.,15112992,15112992,21342468;21244022;17768249;16391039;15255901;15112992,chromomycin A3,shortchain,BGC0000210_chromomycin A3_CAE17553_1_shortchain_HOLDOUTTEST
BGC0000758_capsular_AAA64650_1_aryl_HOLDOUTTEST,Aryl-CoA ligase,0.43,cinnamate and succinylbenzoate derivatives,0.19,NA,BGC0000758,MLNYIYNHSPIIFQNLMVSIKGKIFMKQRYTKHYYEEIKRLRECNDLFELQNQRFEEFYNYIKKNSEFYSEIIKKNNLSGKKITVANINQLPEITKDDIRKNVDKIITKKKNKLIKMGTGGSTGKSMVFYTNAYDMSRKIAYLDYFKEQHGVYKGMKRVSVGGRKIVPIKQKKKVFWRYNKPLNQLMISAYHADGENLKYYIKKLNKFQPETLDGYTTVIHRIARYILDNNIELSFTPIAIFPNAETLTDLMRDDIEKAFNCPVRNQYASSEGAPFITENKEGELEINVATGVFECKQIHGNIYELIVTGFYTTTTPLLRYKIGDSVELENELPVNYQQKDIKIKRIIGRNNDFLQSREKGIVTNVNLSTAIRFVENDVIESQFVQNDIDNIIVYLVISNDADKNNIIKKLKYELKFRFGTNTNFHFEFVNKIPSTPGGKKRFAINNIK,AAA64650.1,"NA","NA",1,type_1_capsule_synthesis_gene,"2,3-dihydroxybenzoate",salicylic.acid.derivatives,aryl,HOLDOUTTEST,CoA,Type 1 capsule genes of Staphylococcus aureus are carried in a staphylococcal cassette chromosome genetic element.,"Luong TT, Ouyang S, Bush K, Lee CY.",J Bacteriol. 2002 Jul;184(13):3623-9.,12057957,12057957,7961465;12057957,capsular polysaccharide,aryl,BGC0000758_capsular polysaccharide_AAA64650_1_aryl_HOLDOUTTEST
BGC0001163_1_heptadecene_EGJ35087_1_longchain_HOLDOUTTEST,Aryl-CoA ligase,0.38,cinnamate and succinylbenzoate derivatives,0.19,NA,BGC0001163,MGDDLAVKIRRAGMKDSLDQMSENIQKFSTLVDLLRYRAIHQPDQIIYTFLLNGETPDRYLTHKQLDNHAQAIASELLHQNAKGERALLLYPPGLEFITAFFGCLYAGVLAVPAYPPRSNQNLSRLEAIVADAQAKFALTTTPLLEKIETQLAENSANKQLKWLATDNLPTHQESDWQHPDSKGRVARDPRAKTQPPVRQTSNTLAFLQYTSGSTGKPKGVMVSHGNLLYNSALINRCFQDTPQSRGLSWLPAYHDMGLIGGILQPLYVGLPIILMAPVDFLRKPYRWLKAISKYQVTTSGAPNFAYELCVQKITPKQLETLDLSSWQTAFTGAEPVRASTLERFAQKFAPCGFRREAFYPCYGMAETTLLVTGGLKDQPPVVREFEGEALEQNRVVPVPENRLNQSNGQSNGNVPTRILVGCGRTWLNEKIAIAHPQSLTQVEAGAVGEIWVKGPSVAQGYWNQPEVTEKTFNAYLADTGSGPWLRTGDLGFIQDGELFVTGRLKDLIIIRGRNHYPQDIELTVEKSDPALRPAYGAAFSVEVEQAEQLVIVQEVSRNYLRKLDVDQVVEAIRSAISQEYQLQVYAVLLLKTNSIPKTSSGKVQRHACRAGFLNNSLTVVGQSSLAQQPTIAPTKPEKEPTTNTIGLQQTRHTLQKWIVDWLARETKLPARSINISKSFADYGLDSVTAVELANDLEEWLGVPLSPTLAYDYPNIESLGQYLATVSQQSNSNQGDSPRKIEPRVSSAGSEMQQLWEAQFQNLDRFTSTPFYRSPVTVQSISSSGDQEVDQLLAELEMLSEAQIQEILGKPIK,EGJ35087.1,"NA","NA",1,AMP-forming_acyl-CoA_synthetase,1-heptadecene,C13.through.C17,longchain,HOLDOUTTEST,"NA",Characterization of cyanobacterial hydrocarbon composition and distribution of biosynthetic pathways.,"Coates RC, Podell S, Korobeynikov A, Lapidus A, Pevzner P, Sherman DH, Allen EE, Gerwick L, Gerwick WH.",PLoS One. 2014 Jan 27;9(1):e85140. doi: 10.1371/journal.pone.0085140. eCollection 2014.,24475038,24475038,24475038,1-heptadecene,longchain,BGC0001163_1_heptadecene_EGJ35087_1_longchain_HOLDOUTTEST
BGC0001083_merochlorin_AGH68905_1_shortchain_HOLDOUTTEST,Aryl-CoA ligase,0.38,cinnamate and succinylbenzoate derivatives,0.16,NA,BGC0001083,MKGSIAYKSIQKRGLHIGLLPEMAAAVNGSTPITLDHDLDVLPEAGRRLTVSRYAGHVDDLAGRLWAAGVRPDEHVVIHKTHNADIWMLAAAASRIGAVVVMLSPALDAGTVGALIQRVGRPNLLTDVHKLDKLAEVPLADLTARVITVNGDRPGAVSLAGLADAPRVKPVVRPIDAAAVITHTSGTTGIPKLVVHTPRTQGLRLLPQWRLLSLMRKKETVAIHVPFVHSRMVAAMSLALLKEFPVLLLKESDPAGVAEQFIEHRPVLVEALPNLLMDLEHLAEDPRMPFGSVKVFSSTFDAIHPKTMSRLLDASNRRGALFFQIYGQSEVGPAVGRAYFRGSAHKANGRCVGWAMPKGAARVRVVSRDGNPPSEQNPGFIEVAWDGLAKTYFAEQERYDSNRKGDWWRTGDVGYRTRFGCLHMLDREVDMISGVRSSLEVEDVVLGKLSELSELVVVQGPNSEPVPVICTVDDEPLDRDRWRAAVADFPQLADPVQIPQAELPRTATLKVQRLALARRFQEQLEERA,AGH68905.1,"NA","NA",1,AMP-dependent_synthetase,malonate,malonate.derivatives,shortchain,HOLDOUTTEST,"NA","Merochlorins A-D, cyclic meroterpenoid antibiotics biosynthesized in divergent pathways with vanadium-dependent chloroperoxidases.","Kaysser L, Bernhardt P, Nam SJ, Loesgen S, Ruby JG, Skewes-Cox P, Jensen PR, Fenical W, Moore BS.",J Am Chem Soc. 2012 Jul 25;134(29):11988-91. doi: 10.1021/ja305665f. Epub 2012 Jul 12. Erratum in: J Am Chem Soc. 2014 Oct 15;136(41):14626.,22784372,22784372,22784372,merochlorin A,shortchain,BGC0001083_merochlorin A_AGH68905_1_shortchain_HOLDOUTTEST
BGC0001409_dutomycin_AKD43499_1_shortchain_HOLDOUTTEST,Aryl-CoA ligase,0.36,aryl and biaryl derivatives,0.16,NA,BGC0001409,MREPVERLDDLPRRAAEADPDGVAVRTDRGDALTFGELERRVSGCAARIRSLAGGPGVVVAITSVLHPDFAVAYFGTLRAGNVVVPVNPFLRAKGLEALVAASGARLVLTTQEIAGQLGGGVPSLDIGDRALWDTEPLVDVPAVGPDDIASVHFTSGTTGDPKGVRQTHRNLAVNAAQTVHAHGLDSTSVTVNHLPTYHPMHLNSALFAGAEQVLATDPDLAASLRTANEARATRYYSLPMRLSRLAVRPDLAKLRLETVQAIFSGGSALPVPAARTLGDHFGIPVLQGYGLAETAPMTHCGSRTHPKDGSCGPPVPLTECRIVDLTTGKALGPGERGEIQVRGPQLMKGYLGEPDGAAVDAEGWFATGDVGQVDEDGYLFVVDRLKDVFKCDNWLVSPQEIEQVLLAHPAIADGVVVDHPDEFSGAVAVALVVTRRPEEREALDAIAADVNSGLPYYQHIRHIRAVPEIARSGGGKVRRQDLRRLFEDLLVTSD,AKD43499.1,"NA","NA",1,Acyl-CoA_ligase,malonate,malonate.derivatives,shortchain,HOLDOUTTEST,CoA,Characterization of Three Tailoring Enzymes in Dutomycin Biosynthesis and Generation of a Potent Antibacterial Analogue.,"Sun L, Wang S, Zhang S, Shao L, Zhang Q, Skidmore C, Chang CW, Yu D, Zhan J.",ACS Chem Biol. 2016 Jul 15;11(7):1992-2001. doi: 10.1021/acschembio.6b00245. Epub 2016 May 19.,27195476,27195476,27195476,dutomycin,shortchain,BGC0001409_dutomycin_AKD43499_1_shortchain_HOLDOUTTEST
BGC0001042_sanglifehrin_ACY06269_1_shortchain_HOLDOUTTEST,Aryl-CoA ligase,0.35,cinnamate and succinylbenzoate derivatives,0.18,NA,BGC0001042,MTLFAALGRVAAQGSGRGMHVLRRGQDGDALSYSDLFAEAGRVAAGLLSRGVRPGERVALVLPTSVDFARAFFGVLAAGAVAVPLPGPAPFGSSDAYLRRTSAALRRSRVRTVLTAPAMRPLLGPGLSDGARPVDVLLVPEVAEPSAAHVARAASDPAVVQYTSGTSSEPRGVVLSHGNVAAGVAAIAHGTRLARTDVGCTWLPLFHDMGLIGSFLTPLLHDVDIHLLTPEDYLRSPGDWIRAMGRLGATFTMAPDSGYRYVLRRDAAPPAGLDLSRWRIAVNGAEPVDRRLQDAFAERFAPAGLSENVFLPAYGLAEATLAVAFPPLGRPAKVLRADRDELNRGRYVPVPSGAGPCRELVSVGTPVRRTEVRLTTASGAPAVPGTVGAVEVRGASVTSTGYDRHPEESRRVLLPGGWLATGDLGLWHDGELYIVGRTKEVIIVFGANHWASDIEAVVRDTPGLLVHGVLAEQIWSDEGGRLGLVVETTRHDEASRRATTQHIRARVVAELGITPDTIEFVRRGGIARTSSGKALRRPPPSDTYMSRSGA,ACY06269.1,"NA","NA",1,CoA_ligase,crotonoate,C2.through.C4,shortchain,HOLDOUTTEST,CoA,"Cloning, sequencing and characterization of the biosynthetic gene cluster of sanglifehrin A, a potent cyclophilin inhibitor.","Qu X, Jiang N, Xu F, Shao L, Tang G, Wilkinson B, Liu W.",Mol Biosyst. 2011 Mar;7(3):852-61.,21416665,21416665,21416665,sanglifehrin A,shortchain,BGC0001042_sanglifehrin A_ACY06269_1_shortchain_HOLDOUTTEST
BGC0001668_microperfuranone_CBF82791_1_aryl_HOLDOUTTEST,Fatty-acyl AMP ligase,0.32,C6 through C12,0.34,NA,BGC0001668,MVGSVVEAHRQSVGCLRNLSQLLAWASNTSGGLIFYSREDDVLTSTRISYAELLADAGEKARLIGQITGLSSESIILLHFDTQREVIEWFWAATLAGYLPAISTPFVDDTARRKAHLLHLHAQLNQPVVLTSKRLVPEFLGLEELRLHDVESLLSSAAKDGLIQYLGVQKLAEDVAVLMLTSGSTGSAKAVPLRHGQLLTAIQGKSTHHGTLPGDVFYNWVGLDHVASLTEIHLHALILGSDQVHTAASELLRNSLQFVRLLDTHKVAYTFAPNFFLTKVLDSLRENPTFTADLSSLKALISGGESNVVVTCDKLTRELRRRGVQAEVIRPGFGMTETCAGSIYSRACPSYDIRQSLEFASLGSCIPGMHMRIMSITEPGKLAAPGESGELQVAGPVVFDHYYNDETATRNAFTPDGWFITGDLGWIDDAGNLNLAGRTKDTIIVNGVKWSSTELEAAIEEEAVSGLVRSFTVVVPTRPPGSATEEIAVVYSPAYAPEDYHARYETAQVISKTVSLLTGTKPARLIPLPQSLLEKSSLGKISHSKVRAALESGEYASIERADQLILAQYRQFKWRPAKSDSERAVQKALVEFLQVPAEGINMDDSIYDLGVSSLNLILLRSTLQRMLDPKIDIPLSIILNNPTPGAIARSIDSSRSSLAGYNAIVPLQQHRHGGTPLFCIHPGSGEVLVFVALAAHFPTRPVYALRTRGYGSNEQLFGSIEETVETYATQIRQVQPHGPYAIAGYSLGSTLAFEVAKVLEAQGEEVKFLASIDYPPHIAHYVRDLNWTDVLLHIAFFLELIDEKTMVEVTPYLHTLDRQTALTHILNIGDAERARALAIDTKHLGLISDIAENFRVNVKTYKPQGKVQHLDVFVADPPTYAARDRKDWRENKLGRWVDFCETKVEFHDCPGIHAKMLNREHIAGFAKVFKAAMRRRGV,CBF82791.1,"NA","NA",1,"NRPS-like_enzyme,_putative_(JCVI)",2-oxo-3-phenylpropanoate,C2.through.C4,aryl,HOLDOUTTEST,"NA",Molecular genetic analysis reveals that a nonribosomal peptide synthetase-like (NRPS-like) gene in Aspergillus nidulans is responsible for microperfuranone biosynthesis.,"Yeh HH, Chiang YM, Entwistle R, Ahuja M, Lee KH, Bruno KS, Wu TK, Oakley BR, Wang CC.",Appl Microbiol Biotechnol. 2012 Nov;96(3):739-48. doi: 10.1007/s00253-012-4098-9. Epub 2012 May 25.,22627757,22627757,22627757,microperfuranone,aryl,BGC0001668_microperfuranone_CBF82791_1_aryl_HOLDOUTTEST
BGC0000176_difficidin_CAJ57407_1_shortchain_HOLDOUTTEST,Aryl-CoA ligase,0.32,C2 through C5,0.19,NA,BGC0000176,MKTESGGDISWVTDKLRETQDSEFLIFKGQTFTYDDLLARISFFQKELEQNGIREGECVALIGDYSPNAIFLLMALLLNRNIVVPLSNESREKHLDMFEDAKVNQIIEINENDSWTLRGGSESASHPLLDDLRERGESGIIIFTSGTSGKSKASVLSAGRLLEKYKTAKRKPLRTLIFLKLDHIGGINTLFAILFNGGTIVTSDSRTPESVYQAVDKHAVQVLPATPTFLNMLLMSKADAGYNLSSLKLITYGTEPMPQSTLRGIHRLFPDVRLKQTYGLTELGIFSTKSKDSQSTWMKVGGAGTETKITGGTLWVRSESAMLGYLNAPSPFDEDGWYDTGDQVETDGEYIRILGRKSEIINVGGEKVFPAEVESVFLEIPNVRDVLITGRKNPITGEIVAAEAVLEKEEDIKSFRKRAVAHCKQKLQPYQIPQIISVTDRKLSNDRFKKIRNV,CAJ57407.1,"NA","NA",1,acyl_CoA_synthetase_(AMP_forming)/AMP_acid_ligase_II,acrylate,C2.through.C4,shortchain,HOLDOUTTEST,ACP,Structural and functional characterization of three polyketide synthase gene clusters in Bacillus amyloliquefaciens FZB 42.,"Chen XH, Vater J, Piel J, Franke P, Scholz R, Schneider K, Koumoutsi A, Hitzeroth G, Grammel N, Strittmatter AW, Gottschalk G, S‚Äö√Ñ√∂‚àö‚Ä†‚àö‚àÇ¬¨¬®‚Äö√†¬¥ssmuth RD, Borriss R.",J Bacteriol. 2006 Jun;188(11):4024-36.,16707694,16707694,16707694,difficidin,shortchain,BGC0000176_difficidin_CAJ57407_1_shortchain_HOLDOUTTEST
BGC0000976_Curacin_AEE88290_1_longchain_HOLDOUTTEST,Short chain acyl-CoA synthetase,0.32,C2 through C5,0.25,NA,BGC0000976,MVSQGNLLHNQRMIKQAFGHSQQTIVVGWLLTFHDMGLMGNVYLYEN,AEE88290.1,"NA","NA",1,hypothetical_protein,(R)-3-hydroxymyristate,C13.through.C17,longchain,HOLDOUTTEST,"NA",Structural basis of functional group activation by sulfotransferases in complex metabolic pathways.,"McCarthy JG, Eisman EB, Kulkarni S, Gerwick L, Gerwick WH, Wipf P, Sherman DH, Smith JL.",ACS Chem Biol. 2012 Dec 21;7(12):1994-2003. doi: 10.1021/cb300385m. Epub 2012 Sep 26.,22991895,22991895,15332855;10482399;10496976;9443933;7565634;16834357;17928301;19835378;20660778;21387490;21357626;22103656;22991895,Curacin A,longchain,BGC0000976_Curacin A_AEE88290_1_longchain_HOLDOUTTEST
BGC0001103_mycosubtilin_AAF08801_1_longchain_HOLDOUTTEST,Aryl-CoA ligase,0.32,C13 through C17,0.15,NA,BGC0001103,MAELIHSTIGRLLEQIAETYPDQEAVVYPDRKIRYTYAQFDSLCRRTAKGLMRMGIGKGDHVAIWASNILEWLAVQFATAKIGAVLVTVNTNYQAHELDYLLKQSDATALIVMDSYRGTSYTDILKSLIPELQETEPGQLKSERYPFLKTLIYIGDKRFPGMYHWDDTEILAKTVSDAELEARMNSLEKDDVINMQYTSGTTGFPKGVMLTHFNVINNAANIAECMVLTSQDRMCIPVPFFHCFGCVLGVLACVSVGATMIPVQEFDPVTVLKTVEKEKCTALHGVPTMFIAELHHPDFNAYDLSTLRTGIMAGSPCPSEVMKAVIEKMGMKDITIAYGQTEASPVITQTRANDSFLRRVETTGRALPHAEVKIVEPGTYQEVQRGGQGELCTRGYHVMKGYYKDEEATRKAINPDGWLFTGDLAVMDEDGYCRITGRLKDMLIRGGENIYPREIEEFLYRHPDILDVQVVGVPDAKFGEEAAAWIKLKDGKTASPEELKDYCKGKIARHKIPRYVIFTDEYPMTASGKIQKYKLREKTIEMFNLSSCQ,AAF08801.1,"NA","NA",1,YngI,myristate,C13.through.C17,longchain,HOLDOUTTEST,ACP,"The mycosubtilin synthetase of Bacillus subtilis ATCC6633: a multifunctional hybrid between a peptide synthetase, an amino transferase, and a fatty acid synthase.","Duitman EH, Hamoen LW, Rembold M, Venema G, Seitz H, Saenger W, Bernhard F, Reinhardt R, Schmidt M, Ullrich C, Stein T, Leenders F, Vater J.",Proc Natl Acad Sci U S A. 1999 Nov 9;96(23):13294-9.,10557314,10557314,10557314,mycosubtilin,longchain,BGC0001103_mycosubtilin_AAF08801_1_longchain_HOLDOUTTEST
BGC0000466_yatakemycin_ADZ13554_1_aryl_HOLDOUTTEST,Aryl-CoA ligase,0.29,cinnamate and succinylbenzoate derivatives,0.23,NA,BGC0000466,MTAIDQSTSLFTDLVPRRVRRGWAAQGLYRDLDLFSLFDEQARRLGDRTAVVDAEGEVGFGELRDLALRLAGGLAEHGVGRGDVVGVQLPNSRLSCIVELAVAALGAVLLPFPPGRGGKEAATLLSGARAACVIVPGTHRGHDYLTPVLALARTLPELRTVVSAQRTDRSPCLADLLRSEPAVPARPDPDGAARIMVSSGSEAAPKMVAFSHNALATGLGAVVGEVLEPGERPRSLWLVPLSAAFGSNATVGTLIVHGGTLVLQPRFDAAEALRLIERHRPSHVLGVPTMMRMMADEPSAATADTSGVRAVVVGGAKLDGATARRAAALFRCPVVSTYGSSDGVHCAMSDPTRGGSRSGRPNPAIVDIRVVDDDLNDVGPGQVGEIVARGPFTPLCYVGAPHLNARYRTPGGWVRTDDLGVLDADGRLTVVDRRKEIVVRGGASISPLEVEQLLLQLDGVRDAACVGVPDALMGERLCACVVPAPGATITLGGLVAQLRHRALEDRKLPERLVLVDRLPQTPTGKVDRRRLRTIACRGPMTDG,ADZ13540.1,"NA","NA",4,YtkG,"5-hydroxy-4-methoxy-3,6,7,8-tetrahydropyrrolo[3,2-e]indole-2-carboxylate",aryl.and.biaryl.derivatives,aryl,ARYL,CoA,Characterization of yatakemycin gene cluster revealing a radical S-adenosylmethionine dependent methyltransferase and highlighting spirocyclopropane biosynthesis.,"Huang W, Xu H, Li Y, Zhang F, Chen XY, He QL, Igarashi Y, Tang GL.",J Am Chem Soc. 2012 May 30;134(21):8831-40. doi: 10.1021/ja211098r. Epub 2012 May 21.,22612591,22612591,22612591,yatakemycin,aryl,BGC0000466_yatakemycin_ADZ13540_1_aryl_ARYL
BGC0000466_yatakemycin_ADZ13554_1_aryl_HOLDOUTTEST,Aryl-CoA ligase,0.29,cinnamate and succinylbenzoate derivatives,0.23,NA,BGC0000466,MRTAPDRTLERLGAQLEYALSRSPHYRQAWGAHRGRVLDDLADLRTLPFTTADAVDAAGPLGLTAVGHGRIARYAESRDTRGRVLGAAATAADLGRASAAMEEALRPHVRPDDLAFVAVPYELSGGAHDTDRALGALGAGVVGVGALSAVCPPERAIALMALLHPSVLVATPDRAVGTHHRLGAAGHDPRSVGLRAQLYVGGACAPAKTARVGALWGTSTAWAYGSTLTPAAGLPCALGTAHLTDTLYHAEVVDPDGQDPVPDGRPGELVLTTLAAEATPLLRFRTGDLVRLGGCGCGDPRPALEQHGRVEDRWSSPTGRALTAVELEQAALSVPGTGLYCVTGAVGGRPTARIDTAAPDVRQEVAEALRRLTGVVWQVDTADRRAFLDATERAGRRRIGLRDLEAV,ADZ13551.1,"NA","NA",1,YtkN,5-hydroxy-6-methoxy-1H-indole-2-carboxylate,unknown.other,aryl,HOLDOUTTEST,CoA,Characterization of yatakemycin gene cluster revealing a radical S-adenosylmethionine dependent methyltransferase and highlighting spirocyclopropane biosynthesis.,"Huang W, Xu H, Li Y, Zhang F, Chen XY, He QL, Igarashi Y, Tang GL.",J Am Chem Soc. 2012 May 30;134(21):8831-40. doi: 10.1021/ja211098r. Epub 2012 May 21.,22612591,22612591,22612591,yatakemycin,aryl,BGC0000466_yatakemycin_ADZ13551_1_aryl_HOLDOUTTEST
BGC0000466_yatakemycin_ADZ13554_1_aryl_HOLDOUTTEST,Aryl-CoA ligase,0.29,cinnamate and succinylbenzoate derivatives,0.23,NA,BGC0000466,MAILDHTPAAPTTTVPAPAPDRARERHSALRETAQAELHAFEALGRTRVRSWQLDRLREQVAYARRESPFYRRRFAAGGLPDGTDGDELLRRLPFTTKDDLRDGYPFGLIAAPLTSLVRYGESTGTTGSPTSSAITYQDWVRGNVSTELSVGQRFGPGDTVFVAIPYELSFAAYDLDRALETVGATVVGVGILSAVCPIERTARMIATLRPAGIVCSPTRALRLFDLLTEMGHDPAELGVRTVLYVGETCSPAKLAKISRMWQAELISAYGTTETNSLALSCGHGRAHLTEDRHLFEILDPATGTPLADGTTGELVLSTLVAQAMPLLRYRTGDLVSVDPEPCPCGSVRRTVRHHGRASDRLVVDGRPIDRLDLEESVLSVPGTGLYYAAGVRDGLLHIRVECPDRPARQVCAEIADGIRARFRTDATVTEVDRATVGRAMDRMLKPGNLTLEDLEAAR,ADZ13554.1,"NA","NA",1,YtkQ,5-hydroxy-6-methoxy-1H-indole-2-carboxylate,unknown.other,aryl,HOLDOUTTEST,CoA,Characterization of yatakemycin gene cluster revealing a radical S-adenosylmethionine dependent methyltransferase and highlighting spirocyclopropane biosynthesis.,"Huang W, Xu H, Li Y, Zhang F, Chen XY, He QL, Igarashi Y, Tang GL.",J Am Chem Soc. 2012 May 30;134(21):8831-40. doi: 10.1021/ja211098r. Epub 2012 May 21.,22612591,22612591,22612591,yatakemycin,aryl,BGC0000466_yatakemycin_ADZ13554_1_aryl_HOLDOUTTEST
BGC0001298_4_Z_annimycin_AGY30674_1_longchain_HOLDOUTTEST,Aryl-CoA ligase,0.26,C2 through C5,0.16,NA,BGC0001298,MTKSVADVLADTAAQRPDHSALIHDSEHVTYGWLWEQSCRYASVLRANGVRPGDRVALLLVDTPHFPVVYFGVLAAGAVAVPLNVMSTASEIDHVLTDADARFLVCAASLLARAREAAEPLGTVLLTVGPGPAGTVDLENAAQDAAPIDDCAEREPDDVAVVFYTSGTTGEPKGVMLTHRNILYNVERMVTTPYAFRSDDVLLGCLPLSHGFGQICGMLTGFRAGISIVMMPRFSGREALALMREHRCTVFMGVPTMYVKLLDAVAQGEPIPRLDRVYSGGSALPVKTLDDVRSTFGCPVYEGYGMTETSCSVAYHYPGLTFRSGTVGVPITGITVGIARPHADGIDLLPVGEVGEIVVRGPNVMAGYLGRPDVTAEVLIDGWFLTGDLGRLDADGYLSVVGRKKDLILRGGYNVYPREIEEILVRHPAVAQVAVIGVPHPELGEEPWAVVVPARPEDITPGSDQEIIEWGKQRLAAYKYPRRVEFIDALPIGSSGKVLKRMLVSKYEPAAGA,AGY30675.1,"NA","NA",1,Ann3,5-aminolevulinate,amino.acid,aminoacid,NRPS,"NA",A cryptic polyene biosynthetic gene cluster in Streptomyces calvus is expressed upon complementation with a functional bldA gene.,"Kalan L, Gessner A, Thaker MN, Waglechner N, Zhu X, Szawiola A, Bechthold A, Wright GD, Zechel DL.",Chem Biol. 2013 Oct 24;20(10):1214-24. doi: 10.1016/j.chembiol.2013.09.006. Epub 2013 Oct 10.,24120331,24120331,24120331,4-Z-annimycin,aminoacid,BGC0001298_4_Z_annimycin_AGY30675_1_aminoacid_PEPTIDE
BGC0001298_4_Z_annimycin_AGY30674_1_longchain_HOLDOUTTEST,Aryl-CoA ligase,0.26,C2 through C5,0.16,NA,BGC0001298,MSLPEPWWRASRSYVSEILSLFAAAPDRDVVHWRGESFSGGDLMRSVTETFLALRNRGVGKGDVVAILVAPNSPDMLTVRYATHLLGGAVCYLRTTNPGTRTTVLPLDHQIQILRETEAVTIFTDAEGSERATELSDGSGIPVTRRHEAGRDGVADIPDAVSWDPDATAFIGFTSGSTGRPKGIRLSGRAWDATIRAWMGVGREYDCSSILVSTPLSHGVAAMVDAVFALGGALYLHESFDAEKFVDTVSAEKDISWTFMATNHVFHVIDHLLERGIRDRDAVEAAGLSSLKRIVYGGSPAAPARIAQAFQLFGPRLAQGYATSESGRITILTPEEHGDPELAATVGRPFPEVEIAVCNSDSGAQLAAGEVGEVRVRSPQMMDGYNGNPELTAQVMRDGWYFTGDIGCLDERGYLTLLGRVAHVIKVGGVKVHPIVLEAEILAHPGVRHAAVYGVQDEDGSEHIHAAIECDPAEVVEVEDICASISEALSPIHVPEKIHVLSELPMNSNGKPDKVLLKSKFA,AGY30674.1,"NA","NA",1,Ann1,polyenoate,unknown.other,longchain,HOLDOUTTEST,amide_bond,A cryptic polyene biosynthetic gene cluster in Streptomyces calvus is expressed upon complementation with a functional bldA gene.,"Kalan L, Gessner A, Thaker MN, Waglechner N, Zhu X, Szawiola A, Bechthold A, Wright GD, Zechel DL.",Chem Biol. 2013 Oct 24;20(10):1214-24. doi: 10.1016/j.chembiol.2013.09.006. Epub 2013 Oct 10.,24120331,24120331,24120331,4-Z-annimycin,longchain,BGC0001298_4_Z_annimycin_AGY30674_1_longchain_HOLDOUTTEST
