,data_source,acc,organism,protein_names,substrate,small_substrate_group,functional_class,bgcs,pmid,cmpnd,pdb_id,kinetics,ec_numbers,aa_seq
1,uniprot_kb,ACSF4_HUMAN,Homo sapiens (Human),Beta-alanine-activating enzyme (EC 6.2.1.-) (Acyl-CoA synthetase family member 4) (Protein NRPS998),b-alanine,amino.acid,NRPS,NA,15865210; 17974005; 15815621; 15489334; 11042152; 21406692; 23186163,NA,NA,NA,EC 6.2.1.-,MTLQELVHKAASCYMDRVAVCFDECNNQLPVYYTYKTVVNAASELSNFLLLHCDFQGIREIGLYCQPGIDLPSWILGILQVPAAYVPIEPDSPPSLSTHFMKKCNLKYILVEKKQINKFKSFHETLLNYDTFTVEHNDLVLFRLHWKNTEVNLMLNDGKEKYEKEKIKSISSEHVNEEKAEEHMDLRLKHCLAYVLHTSGTTGIPKIVRVPHKCIVPNIQHFRVLFDITQEDVLFLASPLTFDPSVVEIFLALSSGASLLIVPTSVKLLPSKLASVLFSHHRVTVLQATPTLLRRFGSQLIKSTVLSATTSLRVLALGGEAFPSLTVLRSWRGEGNKTQIFNVYGITEVSSWATIYRIPEKTLNSTLKCELPVQLGFPLLGTVVEVRDTNGFTIQEGSGQVFLGGRNRVCFLDDEVTVPLGTMRATGDFVTVKDGEIFFLGRKDSQIKRHGKRLNIELVQQVAEELQQVESCAVTWYNQEKLILFMVSKDASVKEYIFKELQKYLPSHAVPDELVLIDSLPFTSHGKIDVSELNKIYLNYINLKSENKLSGKEDLWEKLQYLWKSTLNLPEDLLRVPDESLFLNSGGDSLKSIRLLSEIEKLVGTSVPGLLEIILSSSILEIYNHILQTVVPDEDVTFRKSCATKRKLSDINQEEASGTSLHQKAIMTFTCHNEINAFVVLSRGSQILSLNSTRFLTKLGHCSSACPSDSVSQTNIQNLKGLNSPVLIGKSKDPSCVAKVSEEGKPAIGTQKMELHVRWRSDTGKCVDASPLVVIPTFDKSSTTVYIGSHSHRMKAVDFYSGKVKWEQILGDRIESSACVSKCGNFIVVGCYNGLVYVLKSNSGEKYWMFTTEDAVKSSATMDPTTGLIYIGSHDQHAYALDIYRKKCVWKSKCGGTVFSSPCLNLIPHHLYFATLGGLLLAVNPATGNVIWKHSCGKPLFSSPQCCSQYICIGCVDGNLLCFTHFGEQVWQFSTSGPIFSSPCTSPSEQKIFFGSHDCFIYCCNMKGHLQWKFETTSRVYATPFAFHNYNGSNEMLLAAASTDGKVWILESQSGQLQSVYELPGEVFSSPVVLESMLIIGCRDNYVYCLDLLGGNQK
2,uniprot_kb,ACSF4_MOUSE,Mus musculus (Mouse),Beta-alanine-activating enzyme (EC 6.2.1.-) (Acyl-CoA synthetase family member 4) (Protein LYS2 homolog),b-alanine,amino.acid,NRPS,NA,12712191; 16141072; 15489334; 15689995; 15689994; 17029795; 24467666,NA,NA,NA,EC 6.2.1.-,MTLQELVLRTASVYMDRTAVCFDEGNNQPPVCYSYKALLSAASELSHFLIAHCDFGGIREIGLYCQPGINLPSWILGILQVPAAYAPIDPDSPPSLSTYFMKKCDLKYVLVEKQQLSKFKSSHETVLNYDTVSVEHKDLALFRLHWEDGRVSTVLGDRADQHKVTDREDRVSAESRTPEKEHMDMRHDGCLAYVLHTSGTTGTPKIVRVPHACILPNIQHFRSLFDITQEDILFLASPLTFDPSVVEIFVSLSSGACLLIVPTSVKVLPSKLADILFSRHRVTVLQATPTLLRRFGSELIKSTVLSAHTSLRVLALGGEAFPSLTILKSWRGKGNRTQIFNIYGITEVSSWATFYRIPEEILNSAVKHESPVQLGSPLLGTVIEVRDQNGSPVLEGTGQVFLGGKNRVCFLDDEMTVPLGTMRATGDFVTVKDGEIFFLGRKDSQIKRHGKRLNIALVQQVAEELRQVESCAVTWYNQERLILFIVSKVDLVKDCIFKELQKHLPAHALPDDMVLIDTLPFTCHGKVDVSELNKIYLDYISSQPRNELHGKEELWGKLQYLWKSILCLPEDPEDTLKVPANSVFLDSGGDSLKSMRLLSEIERLTGTAIPGLLEVILSSSLLDVYNHIVQAVFTPEDRKANRSYTTKRKFSDADPEEASGKPARLESAWPSNHAGETNSVIALSRGSQVLSLGAGRLLTQLGLCLPVCSLDLIPQTNTQILKSLSPPAPDENLEKPPLFQQGSPVVGAMAMALRERWRSDTGKCVDASPLLVRAAVQDKPSTTVYIGSHSHTVKAVDLSSGETRWEQLLGDRIESSACVSKCGNFIVVGCYNGLVYVLKSNSGEKYWTFTTEDAVKSSPAVDPTTGLIYVGSHDQHAYALDIYEKKCVWKLNCEGALFSSPCVSLSPHHLYCATLGGLLLALNPASGSTVWKRSCGKPLFSSPRCYQQYICIGCVDGSLLCFTHSGEQVWRFAAGGPIFSSPCVSAAEQEIFFGSHDCFIYCCSKEGHLRWKFETTARVYATPFAFSNHPRSDDALLAAASTDGKLWVLESRSGELRSVYELPGEVFSSPVVWESMLVIGCRNNYIYCLDLLCGDKNNQV
3,uniprot_kb,CAIC_ECOLI,Escherichia coli (strain K12),Crotonobetaine/carnitine--CoA ligase (EC 6.2.1.48) (Betaine:CoA ligase),(R)-carnitine,amino.acid,NRPS,NA,7815937; 1630901; 9278503; 16738553; 12664169; 11749953; 15518548; 18266698,NA,NA,NA,EC 6.2.1.48,MDIIGGQHLRQMWDDLADVYGHKTALICESSGGVVNRYSYLELNQEINRTANLFYTLGIRKGDKVALHLDNCPEFIFCWFGLAKIGAIMVPINARLLCEESAWILQNSQACLLVTSAQFYPMYQQIQQEDATQLRHICLTDVALPADDGVSSFTQLKNQQPATLCYAPPLSTDDTAEILFTSGTTSRPKGVVITHYNLRFAGYYSAWQCALRDDDVYLTVMPAFHIDCQCTAAMAAFSAGATFVLVEKYSARAFWGQVQKYRATVTECIPMMIRTLMVQPPSANDQQHRLREVMFYLNLSEQEKDAFCERFGVRLLTSYGMTETIVGIIGDRPGDKRRWPSIGRVGFCYEAEIRDDHNRPLPAGEIGEICIKGIPGKTIFKEYFLNPQATAKVLEADGWLHTGDTGYRDEEDFFYFVDRRCNMIKRGGENVSCVELENIIAAHPKIQDIVVVGIKDSIRDEAIKAFVVLNEGETLSEEEFFRFCEQNMAKFKVPSYLEIRKDLPRNCSGKIIRKNLK
4,uniprot_kb,CMAA_PSESG,Pseudomonas savastanoi pv. glycinea (Pseudomonas syringae pv. glycinea),L-allo-isoleucine:holo-[CmaA peptidyl-carrier protein] ligase (EC 6.2.1.46) (Adenylation activation enzyme) (Coronamic acid synthetase CmaA),L-allo-isoleucine,amino.acid,NRPS,NA,14679222;,NA,NA,BIOPHYSICOCHEMICAL PROPERTIES: ;  Kinetic parameters: KM=0.26 mM for L-allo-isoleucine (at pH 7.5 and 25 degrees Celsius) {ECO:0000269|PubMed:14679222}; KM=0.84 mM for D-allo-isoleucine (at pH 7.5 and 25 degrees Celsius) {ECO:0000269|PubMed:14679222}; KM=1 mM for L-isoleucine (at pH 7.5 and 25 degrees Celsius) {ECO:0000269|PubMed:14679222}; KM=1.1 mM for D-isoleucine (at pH 7.5 and 25 degrees Celsius) {ECO:0000269|PubMed:14679222}; KM=1.5 mM for DL-coronamic acid (at pH 7.5 and 25 degrees Celsius) {ECO:0000269|PubMed:14679222}; KM=7.4 mM for L-leucine (at pH 7.5 and 25 degrees Celsius) {ECO:0000269|PubMed:14679222}; KM=8.2 mM for L-valine (at pH 7.5 and 25 degrees Celsius) {ECO:0000269|PubMed:14679222}; KM=11 mM for DL-norcoronamic acid (at pH 7.5 and 25 degrees Celsius) {ECO:0000269|PubMed:14679222}; Note=Kcat is 17 min(-1) for ligase activity with L-allo-isoleucine as substrate (at pH 7.5 and 25 degrees Celsius). Kcat is 16 min(-1) for ligase activity with L-leucine as substrate (at pH 7.5 and 25 degrees Celsius). Kcat is 12 min(-1) for ligase activity with L-valine as substrate (at pH 7.5 and 25 degrees Celsius). Kcat is 6.7 min(-1) for ligase activity with DL-coronamic acid as substrate (at pH 7.5 and 25 degrees Celsius). Kcat is 2.8 min(-1) for ligase activity with L-isoleucine as substrate (at pH 7.5 and 25 degrees Celsius). Kcat is 1.1 min(-1) for ligase activity with D-isoleucine and DL-norcoronamic acid as substrates (at pH 7.5 and 25 degrees Celsius). Kcat is 0.2 min(-1) for ligase activity with D-allo-isoleucine as substrate (at pH 7.5 and 25 degrees Celsius). {ECO:0000269|PubMed:14679222};,EC 6.2.1.46,MTSYHSHPPKAYRRFESVCTQAPNAIAVVHEGKPVTYQQLQTQVLERSEALIRQGLADHPYMPLMANRCLEYLITMLACCKLGITYVSIEPSTPSKRLIAVLEQLGCNHLLLLGQPTDLRPDPTLTCFRLDDCGTLCSDGPALRQPIRRRLDDASVITVMFTSGTTGVPKGVRISQDGLLNLVDNVQQQVQGKPRSYVHHSSIGFDAALFEVWVPLLTGACVTLQPSEFNIDALDHCVRAASCDVLLLTTSLFHLVAQHRLSMLEAVRVLYVGGEVLKPVHARALLLANPRITLVNGYGPTENTVFSTWYSLNKPEDAERDVIPIGQFLHQVHGKIVDAKLQEVEVGTPGELLLTGANLALGYLDEALTPTRFLQLPEGTYYRTGDYVIQDEHGMLFYQGRIDEQVKIKGFRVEIAEVEHALTQLPGVAQAVVQAHVMNDLENSLHAFIVFRHGSPTIEESKLMSLLGDRLPHYMVPRRIHYLAELPLTANGKVDKRSLQPPEKAAVVSPQAGSAVLEIWSGILGTRNLQLEHSIYGYGASSLSVVMAHSRINEILGRTTPFDEVARLSTFQEWVQYYATHADPVTSLRSQHGNH
5,uniprot_kb,DLTA_BACCR,Bacillus cereus (strain ATCC 14579 / DSM 31 / JCM 2152 / NBRC 15305 / NCIMB 9373 / NRRL B-3711),D-alanine--D-alanyl carrier protein ligase (DCL) (EC 6.2.1.-) (D-alanine--poly(phosphoribitol) ligase subunit 1) (D-alanine-activating enzyme) (DAE),d-alanine,amino.acid,NRPS,NA,12721630; 18847223; 19324056,NA,4PZP,BIOPHYSICOCHEMICAL PROPERTIES:  Kinetic parameters: KM=1.1 mM for D-alanine {ECO:0000269|PubMed:18847223}; KM=14.4 mM for L-alanine {ECO:0000269|PubMed:18847223};,EC 6.2.1.-,MKLLEQIEKWAAETPDQTAFVWRDAKITYKQLKEDSDALAHWISSEYPDDRSPIMVYGHMQPEMIINFLGCVKAGHAYIPVDLSIPADRVQRIAENSGAKLLLSATAVTVTDLPVRIVSEDNLKDIFFTHKGNTPNPEHAVKGDENFYIIYTSGSTGNPKGVQITYNCLVSFTKWAVEDFNLQTGQVFLNQAPFSFDLSVMDIYPSLVTGGTLWAIDKDMIARPKDLFASLEQSDIQVWTSTPSFAEMCLMEASFSESMLPNMKTFLFCGEVLPNEVARKLIERFPKATIMNTYGPTEATVAVTGIHVTEEVLDQYKSLPVGYCKSDCRLLIMKEDGTIAPDGEKGEIVIVGPSVSVGYLGSPELTEKAFTMIDGERAYKTGDAGYVENGLLFYNGRLDFQIKLHGYRMELEEIEHHLRACSYVEGAVIVPIKKGEKYDYLLAVVVPGEHSFEKEFKLTSAIKKELNERLPNYMIPRKFMYQSSIPMTPNGKVDRKKLLSEVTA
6,uniprot_kb,DLTA_BACSU,Bacillus subtilis (strain 168),D-alanine--D-alanyl carrier protein ligase (DCL) (EC 6.2.1.-) (D-alanine--poly(phosphoribitol) ligase subunit 1) (D-alanine-activating enzyme) (DAE),d-alanine,amino.acid,NRPS,NA,7934828; 9384377; 7797557; 18784082,NA,3E7W,NA,EC 6.2.1.-,MKLLHAIQTHAETYPQTDAFRSQGQSLTYQELWEQSDRAAAAIQKRISGEKKSPILVYGHMEPHMIVSFLGSVKAGHPYIPVDLSIPSERIAKIIESSGAELLIHAAGLSIDAVGQQIQTVSAEELLENEGGSVSQDQWVKEHETFYIIYTSGSTGNPKGVQISAANLQSFTDWICADFPVSGGKIFLNQAPFSFDLSVMDLYPCLQSGGTLHCVTKDAVNKPKVLFEELKKSGLNVWTSTPSFVQMCLMDPGFSQDLLPHADTFMFCGEVLPVSVAKALLERFPKAKIFNTYGPTEATVAVTSVEITNDVISRSESLPVGFAKPDMNIFIMDEEGQPLPEGEKGEIVIAGPSVSRGYLGEPELTEKAFFSHEGQWAYRTGDAGFIQDGQIFCQGRLDFQIKLHGYRMELEEIEFHVRQSQYVRSAVVIPYQPNGTVEYLIAAIVPEEHEFEKEFQLTSAIKKELAASLPAYMIPRKFIYQDHIQMTANGKIDRKRIGEEVLV
7,uniprot_kb,DLTA_LACRH,Lactobacillus rhamnosus,D-alanine--D-alanyl carrier protein ligase (DCL) (EC 6.2.1.-) (D-alanine--poly(phosphoribitol) ligase subunit 1) (D-alanine-activating enzyme) (DAE),d-alanine,amino.acid,NRPS,NA,1385594; 10781555,NA,NA,NA,EC 6.2.1.-,MIDNVITAIDRVAAEHPTRVAYDYEGTQYTYAQLKEGSDRLAGFFAESLPAGEPIIVYGGQTFDMVEVFLGLSKSGHAYIPIDTHSPNERITQVQDVAHAPAVIEVAPLPITVPDVKIIRAPALHQAEQSHAPIHSLQHAVAGDDNYYIIFTSGTTGKPKGVQISHDNLLSYVNWNISDFGLEEGVVAMSQPPYSFDLSVMDLYPTLVLGGTLKALPKEVTDNFKELFATLPKLGLNEWVSTPSFVEIALLDPNFKQENYPNLTHFLFCGEELVNKTAQALITRFPKATVYNTYGPTEATVAVTGMAITQAIVDQYPRLPIGYAKPDTNVYVVDEQGEQVSAGTEGELMIVGPSVSKGYLNNPDKTAAAFFKAGNQRGYRSGDLVTMTADGMVFYRGRTDFQVKLHGYRIELEDVDHNLNQVSYIKQASTVPRYDKDHKVAQLIAFAVAKPNDFDSEMKLTQAIKAELGKMVMEYMIPQRIIYRDQLPLTANGKVDRKALIAEVNH
8,uniprot_kb,DLTA_STAAN,Staphylococcus aureus (strain N315),D-alanine--D-alanyl carrier protein ligase (DCL) (EC 6.2.1.-) (D-alanine--poly(phosphoribitol) ligase subunit 1) (D-alanine-activating enzyme) (DAE),d-alanine,amino.acid,NRPS,NA,11418146; 15590099;,NA,NA,NA,EC 6.2.1.-,MTDIINKLQAFADANPQSIAVRHTTDELTYQQLMDESSKLAHRLQGSKKPMILFGHMSPYMIVGMIGAIKAGCGYVPVDTSIPEDRIKMIINKVQPEFVFNTTDESFESLEGEVFTIEDIKTSQDPVIFDSQIKDNDTVYTIFTSGSTGEPKGVQIEYASLVQFTEWMLELNKSGNKQQWLNQAPFSFDLSVMAIYPCLASGGTLNLVDKNMINKPKLLNEMLTATPINIWVSTPSFMEMCLLLPTLNEEQYGSLNEFFFCGEILPHRAAKALVSRFPSATIYNTYGPTEATVAVTSIQITQEILDQYPTLPVGVERLGARLSTTDDGELVIEGQSVSLGYLKNDQKTAEVFNFDDGIRTYHTGDKAKFENGQWFIQGRIDFQIKLNGYRMELEEIETQLRQSEFVKEAIVVPVYKNDKVIHLIGAIVPTTEVTDNAEMTKNIKNDLKSRLPEYMIPRKFEWMEQLPLTSNGKIDRKKIAEVING
9,uniprot_kb,DLTA_STRP6,Streptococcus pyogenes serotype M6 (strain ATCC BAA-946 / MGAS10394),D-alanine--D-alanyl carrier protein ligase (DCL) (EC 6.2.1.-) (D-alanine--poly(phosphoribitol) ligase subunit 1) (D-alanine-activating enzyme) (DAE),d-alanine,amino.acid,NRPS,NA,15272401,NA,3L8C,NA,EC 6.2.1.-,MIKDMIDSIEQFAQTQADFPVYDCLGERRTYGQLKRDSDSIAAFIDSLALLAKSPVLVFGAQTYDMLATFVALTKSGHAYIPVDVHSAPERILAIIEIAKPSLIIAIEEFPLTIEGISLVSLSEIESAKLAEMPYERTHSVKGDDNYYIIFTSGTTGQPKGVQISHDNLLSFTNWMIEDAAFDVPKQPQMLAQPPYSFDLSVMYWAPTLALGGTLFALPKELVADFKQLFTTIAQLPVGIWTSTPSFADMAMLSDDFCQAKMPALTHFYFDGEELTVSTARKLFERFPSAKIINAYGPTEATVALSAIEITREMVDNYTRLPIGYPKPDSPTYIIDEDGKELSSGEQGEIIVTGPAVSKGYLNNPEKTAEAFFTFKGQPAYHTGDIGSLTEDNILLYGGRLDFQIKYAGYRIELEDVSQQLNQSPMVASAVAVPRYNKEHKVQNLLAYIVVKDGVKERFDRELELTKAIKASVKDHMMSYMMPSKFLYRDSLPLTPNGKIDIKTLINEVNNR
10,uniprot_kb,E9PUI6_MOUSE,Mus musculus (Mouse),Beta-alanine-activating enzyme,b-alanine,amino.acid,NRPS,NA,19468303;,NA,NA,NA,NA,MTLQELVLRTASVYMDRTAVCFDEGNNQPPVCYSYKALLSAASELSHFLIAHCDFGGIREIGLYCQPGINLPSWILGILQVPAAYAPIDPDSPPSLSTYFMKKCDLKYVLVEKQQLSKFKSSHETVLNYDTVSVEHKDLALFRLHWEDGRVSTVLGDRADQHKVTDREDRVSAESRTPEKEHMDMRHDGCLAYVLHTSGTTGTPKIVRVPHACILPNIQHFRSLFDITQEDILFLASPLTFDPSVVEIFVSLSSGACLLIVPTSVKVLPSKLADILFSRHRVTVLQATPTLLRRFGSELIKSTVLSAHTSLRVLALGGEAFPSLTILKSWRGKGNRTQIFNIYGITEVSSWATFYRIPEEILNSAVKHESPVQLGSPLLGTVIEVRDQNGSPVLEGTGQVFLGC
11,uniprot_kb,E9PUJ1_MOUSE,Mus musculus (Mouse),Beta-alanine-activating enzyme,b-alanine,amino.acid,NRPS,NA,19468303;,NA,NA,NA,NA,MTLQELVLRTASVYMDRTAVCFDEGNNQPPVCYSYKALLSAASELSHFLIAHCDFGGIREIGLYCQPGINLPSWILGILQVPAAYAPIDPDSPPSLSTYFMKKCDLKYVLVEKQQLSKFKSSHETVLNYDTVSVEHKDLALFRLHWEDGRVSTVLGDRADQHKVTDREDRVSAESRTPEKEHMDMRHDGCLAYVLHTSGTTGTPKIVRVPHACILPNIQHFRKPDGIYEEQFH
12,uniprot_kb,H6SG27_STRSQ,Streptomyces sp.,Adenylation domain,threonine,amino.acid,NRPS,NA,28704585,NA,5N9W,NA,NA,MSEKKDQYPSPGYSEFGATLVDLFSRAAMEMPDRTALHIDDEKISYGLLHSWAEGLADLLHDAGVRKGDRVALRMPPGANAIAAMLGILRAGAAYVPLDIRNPPARNAFIVTDSQVVALVGDPGDIPEYTGPLVTEENVAALRDREAIKDPGPERPGPQDVAYIIYTSGTTGRPKGVPVRHGNVTALFEACSRLFSFSADDRWLLFHSMAFDFSVWEIWGALSTGAELVVLPYWTARTPVETARVVRDRGITVLNQTPTAFGALTTAVLGEGIDLPELRYVVFGGEKLTPAVVRPWAKRFGLDRPHLINMYGITETTVHATFHRLTEDDLAAEDSVIGRPLPGFTHRIVTEDGRDAATGEPGELWLAGPQVSEGYLNRPELTAERFTTGPARDGGAPPPRYYHSGDLVSRRAGGDLVYQGRADLQVKLRGHRIELSDVEAAVRTHPAVVDAVVWVHEFAPGDSRLVCAYTAQASEEGTGPDARALRAHVKTVLPSYMQPSQYLALPELPRTINGKADRASVARAFDERR
13,uniprot_kb,LYS2_SCHPO,Schizosaccharomyces pombe (strain 972 / ATCC 24843) (Fission yeast),L-2-aminoadipate reductase (EC 1.2.1.31) (EC 1.2.1.95) (Alpha-aminoadipate reductase) (Alpha-AR) (L-aminoadipate-semialdehyde dehydrogenase),(S)-2-amino-6-oxohexanoate,amino.acid,NRPS,NA,8590464; 11859360; 15546125; 16823372,NA,NA,NA,"c(""EC 1.2.1.31"", ""EC 1.2.1.95""",MSQTAPSDTEYNQRLERWSERLKSQTISHLPTDYSRPVPSRLVEAVFERTLPEDAKTALIKVYVAAQAKGILVTPFNILLTIFIILVSRMTGDEDISIGTSSENAIPFVLRTFIQPSDSFLDLLAKVCDLEKEGSSDAVDFSDLINFLNAKLSKKDDPRKTLVHLRFYNAPDAPSENFLSTTGLDVDLTVLVSVKKPSDQLTSLRSQFTFPDLQLKLIYNQLLFSESRVNIVADQLLKLVVSASKDVTGPIGALDLMTPTQMNVLPDPTVDLDWSGYRGAIQDIFASNAAKFPDRECIVVTPSVTIDAPVTSYTYRQIDESSNILAHHLVKNGIERGDVVMVYAYRGVDLVVAVMGVLKAGATFSVIDPAYPPARQIIYLSVAKPRALVVLEDAGVLSPTVVEYVEKSLELKTYVPALKLAKDGSLTGGSVSKGADDILQHVLHLKSEQTGVVVGPDSTPTLSFTSGSEGIPKGVKGRHFSLAYYFDWMAQEFNLSESDRFTMLSGIAHDPIQRDIFTPLFLGASLIVPTAEDIGTPGQLAQWANKYKVTVTHLTPAMGQLLAAQADEPIPSLHHAFFVGDILTKRDCLRLQVLANNVNVVNMYGTTETQRSVSYFVVPARSQDQTFLESQKDVIPAGRGMKNVQLLVINRFDTNKICGIGEVGEIYLRAGGLAEGYLGNDELTSKKFLKSWFADPSKFVDRTPENAPWKPYWFGIRDRMYRSGDLGRYLPTGNVECSGRADDQIKIRGFRIELGEINTHLSRHPNVRENITLVRRDKDEEPTLVAYIVPQGLNKDDFDSATESEDIVVNGLKKYRKLIHDIREYLKTKLPSYAIPSVIVPLHKMPLNPNGKIDKPALPFPDTSQLAAASRSHSKHGVDETLTATERDIRDIWLRIIPHATDVNKKASFFDIGGHSILATRLIFELRKKFAVNVPLGLVFSEPTIEGLAKEIERMKSGEMISVMDIGKEETREPEIEYGKDALDLVDLIPKEFPTSKDLGIDEPKTVFLTGANGYLGVFILRDLMTRSSNLKVIALVRASSEEHGLKRLKDSCTAYGVWDESWAQKISVVNGDLALENWGIEERKWNKLTEVVDYVIHNGALVHWVYPYSKLRGPNVMGTITALKLCSLGKGKSLSFVSSTSTVDTEYYVNLSNEITSKGGNGIPESDPLQGSSKDLHTGYGQSKWVSEYLVRQAGLRGLRGVVVRPGYILGDSKSGAINTDDFLVRMVKGCIELGLYPNINNTVNMVPADHVARVVTASAFHPEQGVIVAHVTSHPRLRFNQFLGTLSTFGFNTKLSEYVNWRIALERFVINESHDSALYPLLHFVLDNLPANTKAPELDDTNTREILKRDASWTNVDVSNGAAILEHEMGLYLSYLVAIGFLPKPTLEGKKLPEVKINEATLEKLASAGGRGGAPTH
14,uniprot_kb,LYS2_YEAST,Saccharomyces cerevisiae (strain ATCC 204508 / S288c) (Baker's yeast),L-2-aminoadipate reductase (EC 1.2.1.31) (EC 1.2.1.95) (Alpha-aminoadipate reductase) (Alpha-AR) (L-aminoadipate-semialdehyde dehydrogenase),(S)-2-amino-6-oxohexanoate,amino.acid,NRPS,NA,2013406; 7900426; 7813418; 24374639; 3542721; 1626431; 7916691; 10320345; 14562106; 22106047,NA,NA,BIOPHYSICOCHEMICAL PROPERTIES: ;  Kinetic parameters: KM=620 uM for NADPH {ECO:0000269|PubMed:10320345}; Note=kcat is 670 min(-1). {ECO:0000269|PubMed:10320345};,"c(""EC 1.2.1.31"", ""EC 1.2.1.95""",MTNEKVWIEKLDNPTLSVLPHDFLRPQQEPYTKQATYSLQLPQLDVPHDSFSNKYAVALSVWAALIYRVTGDDDIVLYIANNKILRFNIQPTWSFNELYSTINNELNKLNSIEANFSFDELAEKIQSCQDLERTPQLFRLAFLENQDFKLDEFKHHLVDFALNLDTSNNAHVLNLIYNSLLYSNERVTIVADQFTQYLTAALSDPSNCITKISLITASSKDSLPDPTKNLGWCDFVGCIHDIFQDNAEAFPERTCVVETPTLNSDKSRSFTYRDINRTSNIVAHYLIKTGIKRGDVVMIYSSRGVDLMVCVMGVLKAGATFSVIDPAYPPARQTIYLGVAKPRGLIVIRAAGQLDQLVEDYINDELEIVSRINSIAIQENGTIEGGKLDNGEDVLAPYDHYKDTRTGVVVGPDSNPTLSFTSGSEGIPKGVLGRHFSLAYYFNWMSKRFNLTENDKFTMLSGIAHDPIQRDMFTPLFLGAQLYVPTQDDIGTPGRLAEWMSKYGCTVTHLTPAMGQLLTAQATTPFPKLHHAFFVGDILTKRDCLRLQTLAENCRIVNMYGTTETQRAVSYFEVKSKNDDPNFLKKLKDVMPAGKGMLNVQLLVVNRNDRTQICGIGEIGEIYVRAGGLAEGYRGLPELNKEKFVNNWFVEKDHWNYLDKDNGEPWRQFWLGPRDRLYRTGDLGRYLPNGDCECCGRADDQVKIRGFRIELGEIDTHISQHPLVRENITLVRKNADNEPTLITFMVPRFDKPDDLSKFQSDVPKEVETDPIVKGLIGYHLLSKDIRTFLKKRLASYAMPSLIVVMDKLPLNPNGKVDKPKLQFPTPKQLNLVAENTVSETDDSQFTNVEREVRDLWLSILPTKPASVSPDDSFFDLGGHSILATKMIFTLKKKLQVDLPLGTIFKYPTIKAFAAEIDRIKSSGGSSQGEVVENVTANYAEDAKKLVETLPSSYPSREYFVEPNSAEGKTTINVFVTGVTGFLGSYILADLLGRSPKNYSFKVFAHVRAKDEEAAFARLQKAGITYGTWNEKFASNIKVVLGDLSKSQFGLSDEKWMDLANTVDIIIHNGALVHWVYPYAKLRDPNVISTINVMSLAAVGKPKFFDFVSSTSTLDTEYYFNLSDKLVSEGKPGILESDDLMNSASGLTGGYGQSKWAAEYIIRRAGERGLRGCIVRPGYVTGASANGSSNTDDFLLRFLKGSVQLGKIPDIENSVNMVPVDHVARVVVATSLNPPKENELAVAQVTGHPRILFKDYLYTLHDYGYDVEIESYSKWKKSLEASVIDRNEENALYPLLHMVLDNLPESTKAPELDDRNAVASLKKDTAWTGVDWSNGIGVTPEEVGIYIAFLNKVGFLPPPTHNDKLPLPSIELTQAQISLVASGAGARGSSAAA
15,uniprot_kb,PIGI_SERS3,Serratia sp. (strain ATCC 39006),Probable L-prolyl-AMP ligase PigI (EC 6.1.2.-),L-proline,amino.acid,NRPS,NA,15528645; 15853884; 17002325,NA,NA,NA,EC 6.1.2.-,MTISTPVIIDSLIRHAQRTPEQTALLCGDQHWNYRQLVTRAHVMASALRQAGLSGQAILLNLPKSLDAVAAIYATWLSGNHYIPIDYSQPSSRIERIIAAAAPALIIDTAWLATLDSQPSFDAEQPVGRMVYHNPIAAILYTSGSTGTPKGVQISHEMLGFFIQWAVRDTQLTARDVLSNHASFAFDLSTFDLFASAYVGAATWIIRESEQKDCAALAQGLQRHAVSVWYSVPSILAMLEKSTLLNPTLGQSLRQVIFAGEPYPVTALKRLLPCLPQPCRVSNWYGPTETNVCVAYAIDRARLAMLKQVPIGLPLEGLTAQLEDENGDRHPLTAQLRLSGELLISGPCVTPGYSNVVVPRQAALHPHQCHATGDWVEMTPEGLVFRGRIDDMVKINGYRVELGEIESVLHQHPAIDRAALCVELGDLRQTLIMVISLQTGAVPPGLLELKQFLQQKLPSYMIPNKLVITESLPVNANGKVDRKQLAGVVAV
16,uniprot_kb,R4GNB1_HUMAN,Homo sapiens (Human),Beta-alanine-activating enzyme,b-alanine,amino.acid,NRPS,NA,15815621; 21406692; 23186163;,NA,NA,NA,NA,MLNDGKEKYEKEKIKSISSEHVNEEKAEEHMDLRLKHCLAYVLHTSGTTGIPKIVRVPHKCIVPNIQHFRVLFDITQEDVLFLASPLTFDPSVVEIFLALSSGASLLIVPTSVKLLPSKLASVLFSHHRVTVLQATPTLLRRFGSQLIKSTVLSATTSLRVLALGGEAFPSLTVLRSWRGEGNKTQIFNVYGITEVSSWATIYRIPEKTLNSTLKCELPVQLGFPLLGTVVEVRDTNGFTIQEGSGQVFLGGRNRVCFLDDEVTVPLGTMRATGDFVTVKDGEIFFLGRKDSQIKRHGKRLNIELVQQVAEELQQVESCAVTWYNQEKLILFMVSKDASVKEYIFKELQKYLPSHAVPDELVLIDSLPFTSHGKIDVSELNKIYLNYINLKSENKLSGKEDLWEKLQYLWKSTLNLPEDLLRVPDESLFLNSGGDSLKSIRLLSEIEKLVGTSVPGLLEIILSSSILEIYNHILQTVVPDEDVTFRKSCATKRKLSDINQEEASGTSLHQKAIMTFTCHNEINAFVVLSRGSQILSLNSTRFLTKLGHCSSACPSDSVSQTNIQNLKGLNSPVLIGKSKDPSCVAKVSEEGKPAIGTQKMELHVRWRSDTGKCVDASPLVVIPTFDKSSTTVYIGSHSHRMKAVDFYSGKVKWEQILGDRIESSACVSKCGNFIVVGCYNGLVYVLKSNSGEKYWMFTTEDAVKSSATMDPTTGLIYIGSHDQHAYALDIYRKKCVWKSKCGGTVFSSPCLNLIPHHLYFATLGGLLLAVNPATGNVIWKHSCGKPLFSSPQCCSQYICIGCVDGNLLCFTHFGEQVWQFSTSGPIFSSPCTSPSEQKIFFGSHDCFIYCCNMKGHLQWKFETTSRVYATPFAFHNYNGSNEMLLAAASTDGKVWILESQSGQLQSVYELPGEVFSSPVVLESMLIIGCRDNYVYCLDLLGGNQK
17,uniprot_kb,X5IJ97_9ACTN,Streptomyces sp. MJ635-86F5,beta-amino acid adenylation enyzme (cremimycin biosynthesis),3-aminononanoate,amino.acid,NRPS,NA,28316096,NA,5JJP,NA,NA,MSPYAAPVRDHAGNLRDYLLAAGKATPDKPAIVEPAEDGGLRFVSYRQLEAQADAYAAELDALGLDVGDRVVLESPATADAVAAFLACFSLGLPFIPTIPETPVQRLRTIIGMAAPALFLQAADGSREGLPPGLGMARFGPKGVTTEQLPAPRVRRRRQVVETDPAYLIFTSGTTGRPKGVVMSHRANIAFHRGIRAHGLIGPDDRVAVTSPFSFDFCLGGIALTLASGATAVPVPRDRLDFPRRFLAFLHEAAITQVHGVPSLWRPLIRHEPDLVAGLDPLRSILFSGEDFPLGDLRELQGLLPGRRIFNLYGATESMAASVTDVPDPLPADLERLTIGYAHHGAEMDVYDAEGAPVGEPGVVGEIYLRSPALFSGYWADPEATRAALVPDPLLPESGQVVFRTGDLAYRDADGRLYFCGRIDSQVQIRGNRVELGEVERRLREFPGVSGAVALVAPAGEGEPELSAFLTMRPGAPAPKLVPLRAFCAETLPEYMAPRSLTVLAELPVTTNGKIDKDALLRARTAR
18,mibig,ADC79613.1,Streptomyces lohii,BafX,5-aminolevulinate,amino.acid,NRPS,BGC0000028,23362147,Bafilomycin B1,NA,NA,NA,MTLSVASILSESALRRPEHPAVVSGTRKTTYRELWDEARRYAAALRARGIGPGDKVALLLPSTPHFPSAYFGVLALGAIAVPVHALLRADEIAYILKDSGAAALICAAPLLAEGGRAAETTGTPVFTVMAERDEAARASAPRLDALAARSTPIDRQVPRAPEDIAVILYTSGTTGRPKGALLTHLNVVMNVDTTMLSPFDFTADDVLLGCLPLFHTFGQICGMNTCFRAGATLVLMPRFDGPDALDLLVREGCTVFMGVPTMYTALLEAARADPRRPALDRAFSGGAALPVAVLDAFRETFGCPVLEGYGLTETSPVVAYNQRAWPLRPGTVGRPIWGVEVEIARAEVEDRIELLPVGETGEIVIRGHNVMAGYLNRPEATAEAIVDGWFRSGDLGVKDDEGYLSVVDRKKDVVLRGGYNVYPREVEDVLAHHPAIAQAAVVGLPHPVHGEEVCAVVRPHPGTAPDPALGAEIVAWSKERMAPYKYPRRVEFVDAFPLGPSGKVLKRELVARLTAGARQVRTEAQETA
19,mibig,AIL50189.1,Streptomyces aureus,putative_5-aminolevulinate_CoA-ligase,aminolevulinate,amino.acid,NRPS,BGC0000213,24838618,colabomycin E,NA,NA,NA,MTLSVAAVLAESAARRPDHPAIVFGTERVTYSELWFRARQYATVFREQGINPGDRVALLLPNGLEFPAAYFGVLALGAVVVPVNALLRAAEIEHVLSDSGAQLLVCAAPLLDEGGKAAEATGVPVLTTGADGVDALAARAEPVSGCAPSEPGDIAVILYTSGTTGRPKGAMLTQLNITMNIQVGMDSPFDFRPDDVLLGCLPLFHTFGQICGMGTCFRAGATMVLMERFDAARALDLMVTHGCTVLMGVPTMYLALLDAAAADGRRPPLDRAFSGGSALPVTVLKEFQETFGCQIYEGYGLTETSPVVAYNQRAWPCRPGTVGRPVWGVDVEIARADLEGRIELLPTGEVGEIVIRGHNVMAGYLNRPEATAEVMVDGWFRSGDLGVKDSEGYLSIVDRKKDLVLRGGYNVYPREVEDVLVHHPAIAQVAVIGVPHALHGEEVCAVVLTRPGLTTGPALGAEITAWSRERLAAYKYPRRVEFVDAFPLGPSGKVLKRELVTLFSAASAASAGR
20,mibig,ALA09345.1,Micromonospora sp.,hypothetical_protein,(S)-3-aminobutyrate,amino.acid,NRPS,BGC0001303,26270237,lobosamide,NA,NA,NA,MGADNFRATLAADMELGAGNVLLRLAEHGADPDLPRVTFDVDVDGIPAWTPLSLATLTERVAARADWFRRRGIGRRDPVAVYVTSAPDVFLNFLALNRLGAIPALMNGNMPIELAAEFIRRLRGVGVVVDADHAALREHDLGVPILGDAAETGTGDPDQAPPHYRHHPEDPVAITHSSGTTRVPAAIVHSHHGLFAAIRAVRLTESRPYGEVRELSVLPAAHTAGIITVNQALCNGYQLLYLSAQGGPFARSAETILDAIERWRPTGVFGFAVTWSELARHDLTARDLSSVRNWFNTGDCAHESHIRRLVAVGSHPAYTRQGMVDVPGSKFVDMLGSTEMGHGAFRISHRLGSDRYDRCVGKPYPFAQIALLDVVTGEEVAEGEVGHVGLKSPTLAIGYWNDSVNTFRTRLNGYYLTGDLMYRDPEGNYHHVDRASDAVDLGDGNWLYTALSEERVLKHCPDVRDCTVIAVREDDDRIVTEVLLLLADDADPALDRADQVRTALGPVVGGTLRRVVTVPDDGVVMGPTGKVRKFLMRQRLLADAGAPATR
21,mibig,ADI58647.1,Streptomyces nodosus,AsuD3,5-aminolevulinate,amino.acid,NRPS,BGC0000187,20522559,asukamycin,NA,NA,NA,MLAGRGVGPGDRVALLLPNTEHFPMAYYGALAIGAVVVPVHTLLKADEIAYVLGDCGADVLVCAGPLLEEGRKGADMAGVPVLTVLDEEGARESRLDALAEPAAPLARCLPRRPDDLAVVLYTSGTTGRPKGAMLTHLNVTMNIGVTMLSPFDFTADDVLLAVLPLFHTFGQICGMGVCFRAGATMVLTSGFDAARTLDLMVRRRCTVFMGVPTMYMALLDAAARDPRRPALDRAFSGGSALPVTVLEEFQRTFGCTVYEGYGLTETSPVVAYNQRAWPPRPGTVGKPVWGVDVEIARADVEGRIEVLPAGEVGEIVIRGHNVMAGYLDRPGATAEVLVDGWFRSGDLGVKDEDGYLSVVDRKKDMVLRNGYNVYPREIEEVLMRHPSVAQVAVVGVPDPRHGEEVCAVVVAGPGSSPGAGLGARLVDWSRERLAAYKYPRRVEFVDALPLGPSGKVLKRELVARYGG
22,mibig,ABJ90146.1,Streptomyces ghanaensis,MoeA4,5-aminolevulinate,amino.acid,NRPS,BGC0000805,17379141;19640006;24164498;22505780,moenomycin,NA,NA,NA,MTLTAASVLAESAGRRPDHPALVFGSERITYAELWLATRRYAAVLRDRGVRPGDRIALLLPNTPHFPMVYYGVLALGAVVVPVHGLLRADEIVHVLGDSEAKAMVCAAPMLTEGAKAAGTAGVPLLTVMVENGEDDDGPARLDVLAERAEPLDGLVPRAPDDLALVLYTSGTTGRPKGAMITHLNLVMNVSTTMRSPFDLGPEDVLLGCLPLFHTFGQTCGMSACFLAGGTLVLMNRFDGPGALDLMVTEGCTVFMGVPTMYLALLDAAAHDARRPVLDRAFSGGSALPVKVLEEFQEVYGCPIYEGYGLTETSPVVAYNQKAWPRRPGTVGRPIWGVEAEIAAADVEDRIELLPAGEIGEIVVRGHNVMAGYLNRPEATAAVLVDGWFRSGDLGMKDADGYLTIVDRKKDMVLRGGYNVYPREVEEVLMRHPAVAQVAVIGVPDDKYGEEVCAVVRTRPGTDPDAALAAHIVSWSRQRIAAYKYPRRVEFVEDFPLGPSGKVLKRELAARFAGGG
23,mibig,AGY30675.1,Streptomyces calvus,Ann3,5-aminolevulinate,amino.acid,NRPS,BGC0001298,24120331,4-Z-annimycin,NA,NA,NA,MTKSVADVLADTAAQRPDHSALIHDSEHVTYGWLWEQSCRYASVLRANGVRPGDRVALLLVDTPHFPVVYFGVLAAGAVAVPLNVMSTASEIDHVLTDADARFLVCAASLLARAREAAEPLGTVLLTVGPGPAGTVDLENAAQDAAPIDDCAEREPDDVAVVFYTSGTTGEPKGVMLTHRNILYNVERMVTTPYAFRSDDVLLGCLPLSHGFGQICGMLTGFRAGISIVMMPRFSGREALALMREHRCTVFMGVPTMYVKLLDAVAQGEPIPRLDRVYSGGSALPVKTLDDVRSTFGCPVYEGYGMTETSCSVAYHYPGLTFRSGTVGVPITGITVGIARPHADGIDLLPVGEVGEIVVRGPNVMAGYLGRPDVTAEVLIDGWFLTGDLGRLDADGYLSVVGRKKDLILRGGYNVYPREIEEILVRHPAVAQVAVIGVPHPELGEEPWAVVVPARPEDITPGSDQEIIEWGKQRLAAYKYPRRVEFIDALPIGSSGKVLKRMLVSKYEPAAGA
24,mibig,AAX98210.1,Streptomyces aizunensis,acyl_CoA_ligase_Orf35,aminolevulinate,amino.acid,NRPS,BGC0000052,15844935,ECO-02301,NA,NA,NA,MTRSVAAVLAESAGRWPSRTALVCGAERISYARLWDRARRYAAALRGQGIGPDDKVALLMPNTPEFAAVYFAVLALGAVVVPVHTLLKPAEVSHLLRDSGARALVWAGTLPQETARDAGETGVLLLTVGEALHGSVLLDDGVEPIDTYVERGADDLALVLYTSGTTGRPKGAMLTHGNVATNIAVTAVSPFAFGEDDVLLGALPLSHTFGQICGMAVTFHAGATLVVMERFEAHDALRLMREHGCTVFMGVPTMYHALLEAVAAGAPAPRLTRVYSGGSALPVPVLDRVRAAFGCEVYEGYGLTETSPCVAYNQPGIPCKPGTVGLPIDGVRVAIADAELEGRIRLLKQGDIGEIVVSGHNVMAGYLGRPQETAEVLVDGWFRTGDMGVQDEDGYLSIVDRKKDMIVRGGYNVYPREVEDVLLRHPAVDGACVVGVPSVKHGEEVCAVVRVKPGQRASGLLAEEIVAWSRVHMAAYKYPRRVEFVETFPLGSSGKVLKRELAHRYA
25,mibig,ADB02855.1,Kibdelosporangium sp.,AzicM,D-aspartate; L-aspartate,amino.acid,NRPS,BGC0000202,19928906,azicemicin,NA,NA,NA,MTLLHHIVDEAAARWPDRPAITGGDITLTHQELAAASRRTAHWLLDTGVRRGDRVVFVSPSSVLHPVLIYAASRIGAVVSILHEQTTERSLAHVLDDCEPVLLISDDFTELARSRGIRAAGTDDLAGPALREGGDADTAPEPLAVDPLFLLYTSGTTSAPKAVVSTHQSVVFAVNAIQSVLRYAESDVVYCPLPLSFDYGMYQLFLGAASGAGIWLGRPAEVGPSLVRKLVAAKATVLPAVPAVAEALARLLPRHQGPKPALRLLTNTGAAMPAAVLSSLRSAVAGLSVQLMFGLTECKRATIAPPDADLDNPGTCGVPLPGTEVFTVDESGNRLGAGEIGEITVRGPNVMSGYWRQPEMTAKRFVRREGLLPELRTGDHGWLDEAGHLHFVGRLDDIYKERGLRVSATEVETAARRVAGVESAVVLPPGDGRPAVLVVVTDHAPQHVLAGMRQEIEEFKIPGRCLVADRLPLNGNGKVDRKAVAALLVEADGG
26,mibig,EWG54274.1,Fusarium verticillioides,hypothetical_protein_fub8,O-acetyl-L-homoserine,amino.acid,NRPS,BGC0001190,25372119,fusaric acid,NA,NA,NA,MQKIAKQALSSLSSLAKSPANAMGSISHLPAYGHRLLPVLIDEISRDEPDRVLFYTPRNGQPSQGYDEVTTKIFANAIDRLCGWLDSQLGSPTVSKTIAYIGQNDLRYFIIMIASTKLGHRLLLSSPRNSVEGHVSLIKQSGCELWIASSGLGHHEFLQDLHIPSVEAPELSELLDPTLAKPYIYQKSWHEGKSDVLALLHTSGSTGLPKLVPVYLETAATVDGFHLMEPTDGKRPTGVEWTGTRQLCAMPLFHVAGICLGLYSAVFFNWIVVLPSVGPIMQHVIEDALDHISLDSAFISPSVLQDISKSSRVLEKLSKLKFITSAGGPIPQSVGDLIHPRVPIMQTMGMTEGQWLASVVMHPDEWAYYYFHPRTGVEMRPYSEDLFELVFVQNPKLSATQPVFKTFPDLDIWETKDLYSRHPKHPDLWKYEMRRDDLIILSNGEKFNPLAAEGKLISHPWIAAAYLTGRGRFQTAALIYPDDSSFNNSDDTIIDNIWPTFEEVNKSLPAFAQIHRDFVKIVRTPFPCTPKGTLARNETEKSFNADINAIYDRSTHGKPSVHINGTTEDVVRSGIREAIETVSGLVDLKDDDNIFTRGFDSLHVIRLAGLLSSAFYQPLEVEPGTIYTNPTISQLSHSVWTHLEYGPQDRIHHSEVTLEMLAKYIQAFEPPRESKEHIVLTGTTGEIGSYLLDDICKNDKVAKVWCLNRSVDAFQRQVDSAKSKGLSSNWQSKAKFVRYDVTSENLGLSQDDLEEIKNEATAIIHNAWEVNFNLPLSSFDPQFVGLQGLVDVCRATRHKIRFFFVSSISAAMNWPSDLLGPVPEASISRFDAPINGYGSSKLVAEHLLSKAARSGVLSLSVLRVGQVAGPVRTLGEGSIWTRRDWVPAIIDASVHLRALPLDLGSASILDWIPIDLLAEVIGQLVVPVNPVVGQENYYNLLNPRTPSWKDTLPGLKAHLEASFSEKFEIIPLQEWINRMRGAEKTIVKEVSEGSSETARRAQSGLKLLAFFETLASETEGSRGLEWSKANALAQSSILACMEPVSSAWFDTWLTQWGY
27,mibig,AAN32979.1,Lyngbya majuscula,BarE,trichloroleucine,amino.acid,NRPS,BGC0000962,12383521,barbamide,NA,NA,NA,MKDNPMGIHQKNYDEVNHKLSTSFGGSLNIPSNSPTLLCDLLPRAALTNKGITYIQADGSEQYQSYQDLLLDAKRILAGLRQWDLKPQDKVILQLEEGHDFIPAFWGCLLGGFIPVPLSIAPTYQQLNNVTKKLHNAWQMLEHPLILTNRELAPEIRSLSTHLNLRDFQTGVIEDLRKQDPTQEIYRGQPDELALLLLTSGSTGLPKGVMLSHRNILSESAGTIQMNHFDSEAVTLNWMPLDHVGGIIMLNVMAVELGCQQVHAPTKYILQNPLHWLALIERHQATISWGPNFAYSLINDLVQDAEAGSWDLSSISFLVNGGEQISPKVARRFLKLMKRQGLAETVLRPAFGMSETSGGITWSDQFSLSNTSDDMPFVGLGLPIPGACLRIVNDDNEIVHEGAIGKLQVKGASVTSGYYQNPEINQAAFTADGWFRTGDLGYLENGYLVLTGRDKDVILINGVNYPAHEIEAVVEEVDGVEISFTAACAIQGKTNSSSSDQLAIFFSAVEANIETNPEVLKGLIKKIRGAVVQNIGINPDYLLPVGKESIPKTAIGKIQRQKLKQQFEAGEFDPLIETVGQSLRIMGSQETALALPQTEVEQVIVNIWQDVLGLDKIGLQENFFELGGHSLLLLTLQSQLQESFGKELSIAEMFSHPTIEALAQYFTQTQPEDSAAQQGYARAQIRQEVRKADSTEIAVIGMAGRFPGADNLDQFWQNLQNGTESITFFSDSELLASGIDPKLLSNPNYVRASPILSDVEYFDAHFFGYTNREAEFMDPQQRLLMECAWESLEDAGYDPLTYSGSIGLYAGAMLSTYFIHNLLPNRDTFDEHDDLRVLTPDSMGGLQVVLANDKDYLTTRISHKLNLTGPSVNIQTACSTSLVTVHTAVQSLLNGECDLALAGGVSVQVPQRVGHLHQEGLIASPDGHCRAFDAQAEGTIFGNGVGLVALKRLEEALQDGDHIYAVIKGSAINNDGSNKVAYTAPNGEGQTTVVAEAIATANINPETITYVEAHGTGTLLGDPIELGALSQAFQAKTQRKQFCALGSVKTNVGHLQITSGIVGLIKTVLALYHKQIPPSLHFQTPNPKIDFANSPFFVNTMLSEWERNGHPRRAGVNSLGFGGTNAHVILEEAPENAQPKTRNEDGAKLEDRSHHLLTLSAKTAPALQALVKRYQRYLSDNTEVELGDICYTACVGRAHFEHRLAIVSDSIPDLRCKLANVLDDNAELSPEQTQELAQGQTKASVRAQIAFLFTGQGSQYLNMGRQLYQTQSVFRDAIDQCDQILQSELEVSLIDLLYPQTADEQNAARLNNTAYTQPALFAIEYALAQLWQSWGIQPAVVMGHSVGEYVAATIAGVFDLETGLKLIAARGRLMQQLPAGXAMVSVMASEERVRSLISPHTEKISIAAINGPESVVISGVAEVLGAISNQLESAGVKTKSLQVSHAFHSPLMEPILAEFTTVAEQLTYHSPRIPLISNVTGVKADEQIATAQYWVNHIRQPVRFAHSMEALSEFGYDCFLEIGPKPILLGMGRQCLPEGTGVWLPSLRPTVDDEQQMLSSLGKLYVQGVRVNWSSLNQEYSYQKVTLPTYPFERKKYWIEKYETNEQKFTSATSKNQKNNFIRLLNQGNVLDLIQYLKKTLDLSREEEVKLLSKFAQLIINLYHQENELLTNKDRKEKDLMNQMLQMDSENLNKLLSEAEKFSQNS
28,uniprot_kb,A0A077KT11_9ACTN,Streptomyces sp. ML694-90F3,beta-amino acid adenylation enyzme (incendicine biosynthesis),(S)-3-aminobutyrate; (S)-3-aminopentanoate,amino.acid,NRPS,NA,28316096,NA,5JJQ,NA,NA,MSREVFTLAQNPVERLHEFLLTGARLTPEKPAVLELSGTEPGYVSYRQLANRAESYAAALGGLGLDIGDRVVLESDTSASAIAALLACSSLGLPFVPVTPETPAKRLLAVVDTVSPALYLQAEGGRREGLPESVGTGRFGPGGLVIERAPRPGRGFRREVAPADPAYMVFTSGSTGRPKGVVMSHRAILSFYRGMLSQGIVGPESRVASTAPFQFDFSLLDIGLALGSGATVVPVPRALLRWPRRFVRFLRDSEATQVNGAPSIWRGALRHEADELAALGGRIRGVLFSGEPFPLPEVRALQQALPLARIVNCFGSTESVAASFTDVPRPVPDGLTKLSIGHAHPGAEMMLLDDDGVPVTEPGVTGHIHLRSGSLFTGYWGDPEATARALVPDPTNPMTGQTVFRTGDLAHRDATGELYFDGRADNQVKIRGNRVELTEVERRVAEFTGVAAASAVLLPVAESDPVLAVFVELSPGAEFDEMELGAFCLEELPDYMAPQRIHVLDALPLNQNGKVDRPALVERLSRELSPSS
29,uniprot_kb,DDAD_ENTAG,Enterobacter agglomerans (Erwinia herbicola) (Pantoea agglomerans),Dapdiamide synthesis protein DdaD,"fumaramoyl-L-2,3-diaminopropionate",amino.acid,NRPS,NA,20945916,NA,NA,BIOPHYSICOCHEMICAL PROPERTIES: ;  Kinetic parameters: KM=420 uM for N-beta-fumaramoyl-DAP {ECO:0000269|PubMed:20945916}; Note=kcat is 64 min(-1). {ECO:0000269|PubMed:20945916};,NA,MHSVETFNLPALNSLLETTARRFGNRLAVQDDNGSLTFADFVEKVGILSAKLRLVIKRGEHVAVQLPRGINYIVAAYAIWEAGGVYLPLDNQWPSSRIEGILHRSHVRVLIHTSQADQGLELTELPAETRAESPVAGTPAYIIHTSGTTGEPKGVVVSHESLIHLVESHQRDIYQAYDVTEGPVAINASFCFDSALERMALVALGYSLHVVSDQVRKSPYELVKYLRDNSIVNVDLVPSHLKVLLSAGLNEKCDALRLVIVGGEAIDAELWREIVQNQAIYINVYGPTENTINTSFCEIRGETPHIGRPFKNVTCLLLNENGERCAAGEEGELLVAGRHLAQGYYNAPDLTDRVFVHIDGIRYYRTGDRVRQNEQGNLLYLGRIDDQVKINGFRIELADVQHNLTQLPGVKYAAVTPIKLPTGQGLLASIVWNSDAPEQTFSNLEALLGEKLPSYMVPTRWQKLDALPLTDNLKLDHKSLLSHWKNSQEQIGEKFAAESISATEHQIKNLWQKILRQPSLSPDAHFFASGGDSMAAMTLLVELKKVTPQDVSLGDIFKYPTIRKMAAWLDASSVQAES
30,mibig,AOE23577.1,Streptomyces diastatochromogenes,FoxBI,"2,4-diamino-3-oxobutanoate",amino.acid,NRPS,BGC0001598,28270798,foxicins A-D,NA,NA,NA,MIRTGETRQMARSLVDLLTVHASQQPEATAYRYLVTGDGDGEVQDITYARLARRSRAVAAWLQDRGLAGARAVLLYPPGIEFICGYLGCLSAGVVAVPGVPPQGRSQNHRALIRTKRLIADADATVVLGGREVLAALSAMAEHLPELAGITCVATEDIPDEAADAWHEPDLAPDQVAFLQYTSGSTSAPRGVMVTHGNLLDNERIITERMGHTPDAIAEHRGEMFVSWLPVYHDMGLIGPVLNTVYLGVTATLFSPLHFLQQPGRWLDAVTRYRPHTSGGPNFAYELCLKHATPELLDGLELSSWKVAFNGAEPVRAATLRRFADTFGPAGFRREASYPCYGLAETTLMVTGGSVAAPPVLVDAAPGGPHAGEADAAAVGCGRPGPGTTVVIAEPERQEELPEGEVGEIWVAGASVAKGYWRNALATRETFRATPKDRPDRFLRTGDLGFLRDGELFVTGRLKDLMVIDGRNHYPQDLELSAEMSHWALRPGCTAAFSVDGGTAGEQPVVVAELSPEAAGESEKISDLIRSAIGRAHGLPVRDIVLVHPGTIPKTSSGKIQRHASREAYLAGTLSVLDAAAFG