Var1,Var2,Freq
1,33p-Ala,0
2,33p-Ala,0
3,33p-Ala,0
4,33p-Ala,0
5,33p-Ala,0
6,33p-Ala,0
7,33p-Ala,0
8,33p-Ala,0
9,33p-Ala,1
10,33p-Ala,0
11,33p-Ala,0
12,33p-Ala,0
13,33p-Ala,0
14,33p-Ala,0
15,33p-Ala,0
16,33p-Ala,0
17,33p-Ala,0
18,33p-Ala,0
19,33p-Ala,0
20,33p-Ala,0
1,3Me-Asp,0
2,3Me-Asp,0
3,3Me-Asp,3
4,3Me-Asp,0
5,3Me-Asp,0
6,3Me-Asp,0
7,3Me-Asp,0
8,3Me-Asp,0
9,3Me-Asp,0
10,3Me-Asp,2
11,3Me-Asp,0
12,3Me-Asp,0
13,3Me-Asp,0
14,3Me-Asp,0
15,3Me-Asp,0
16,3Me-Asp,0
17,3Me-Asp,0
18,3Me-Asp,0
19,3Me-Asp,0
20,3Me-Asp,0
1,3Me-Pro,0
2,3Me-Pro,0
3,3Me-Pro,0
4,3Me-Pro,0
5,3Me-Pro,0
6,3Me-Pro,1
7,3Me-Pro,0
8,3Me-Pro,0
9,3Me-Pro,0
10,3Me-Pro,0
11,3Me-Pro,0
12,3Me-Pro,0
13,3Me-Pro,0
14,3Me-Pro,1
15,3Me-Pro,0
16,3Me-Pro,0
17,3Me-Pro,0
18,3Me-Pro,0
19,3Me-Pro,0
20,3Me-Pro,0
1,3Me-Tyr,0
2,3Me-Tyr,0
3,3Me-Tyr,0
4,3Me-Tyr,0
5,3Me-Tyr,0
6,3Me-Tyr,0
7,3Me-Tyr,0
8,3Me-Tyr,0
9,3Me-Tyr,0
10,3Me-Tyr,1
11,3Me-Tyr,0
12,3Me-Tyr,0
13,3Me-Tyr,1
14,3Me-Tyr,0
15,3Me-Tyr,0
16,3Me-Tyr,0
17,3Me-Tyr,0
18,3Me-Tyr,1
19,3Me-Tyr,0
20,3Me-Tyr,0
1,3OH-3Me-Pro,0
2,3OH-3Me-Pro,0
3,3OH-3Me-Pro,0
4,3OH-3Me-Pro,0
5,3OH-3Me-Pro,0
6,3OH-3Me-Pro,1
7,3OH-3Me-Pro,0
8,3OH-3Me-Pro,0
9,3OH-3Me-Pro,0
10,3OH-3Me-Pro,0
11,3OH-3Me-Pro,0
12,3OH-3Me-Pro,0
13,3OH-3Me-Pro,0
14,3OH-3Me-Pro,0
15,3OH-3Me-Pro,0
16,3OH-3Me-Pro,0
17,3OH-3Me-Pro,0
18,3OH-3Me-Pro,0
19,3OH-3Me-Pro,0
20,3OH-3Me-Pro,0
1,3OH-Gln,0
2,3OH-Gln,0
3,3OH-Gln,1
4,3OH-Gln,0
5,3OH-Gln,0
6,3OH-Gln,0
7,3OH-Gln,0
8,3OH-Gln,0
9,3OH-Gln,0
10,3OH-Gln,0
11,3OH-Gln,0
12,3OH-Gln,0
13,3OH-Gln,0
14,3OH-Gln,0
15,3OH-Gln,0
16,3OH-Gln,0
17,3OH-Gln,0
18,3OH-Gln,0
19,3OH-Gln,0
20,3OH-Gln,0
1,3OH-Leu,0
2,3OH-Leu,0
3,3OH-Leu,0
4,3OH-Leu,0
5,3OH-Leu,0
6,3OH-Leu,0
7,3OH-Leu,0
8,3OH-Leu,0
9,3OH-Leu,0
10,3OH-Leu,0
11,3OH-Leu,0
12,3OH-Leu,0
13,3OH-Leu,0
14,3OH-Leu,1
15,3OH-Leu,0
16,3OH-Leu,0
17,3OH-Leu,0
18,3OH-Leu,0
19,3OH-Leu,0
20,3OH-Leu,0
1,4Me-Pro,0
2,4Me-Pro,0
3,4Me-Pro,0
4,4Me-Pro,0
5,4Me-Pro,0
6,4Me-Pro,0
7,4Me-Pro,0
8,4Me-Pro,0
9,4Me-Pro,0
10,4Me-Pro,0
11,4Me-Pro,0
12,4Me-Pro,0
13,4Me-Pro,0
14,4Me-Pro,1
15,4Me-Pro,0
16,4Me-Pro,0
17,4Me-Pro,0
18,4Me-Pro,0
19,4Me-Pro,0
20,4Me-Pro,0
1,4OH-5OH-Orn,0
2,4OH-5OH-Orn,0
3,4OH-5OH-Orn,0
4,4OH-5OH-Orn,0
5,4OH-5OH-Orn,0
6,4OH-5OH-Orn,1
7,4OH-5OH-Orn,0
8,4OH-5OH-Orn,0
9,4OH-5OH-Orn,0
10,4OH-5OH-Orn,0
11,4OH-5OH-Orn,0
12,4OH-5OH-Orn,0
13,4OH-5OH-Orn,0
14,4OH-5OH-Orn,0
15,4OH-5OH-Orn,0
16,4OH-5OH-Orn,0
17,4OH-5OH-Orn,0
18,4OH-5OH-Orn,0
19,4OH-5OH-Orn,0
20,4OH-5OH-Orn,0
1,4OH-Pro,0
2,4OH-Pro,0
3,4OH-Pro,0
4,4OH-Pro,0
5,4OH-Pro,0
6,4OH-Pro,0
7,4OH-Pro,0
8,4OH-Pro,0
9,4OH-Pro,1
10,4OH-Pro,0
11,4OH-Pro,0
12,4OH-Pro,0
13,4OH-Pro,0
14,4OH-Pro,0
15,4OH-Pro,0
16,4OH-Pro,0
17,4OH-Pro,0
18,4OH-Pro,0
19,4OH-Pro,0
20,4OH-Pro,0
1,4p-Pro,0
2,4p-Pro,0
3,4p-Pro,0
4,4p-Pro,0
5,4p-Pro,0
6,4p-Pro,0
7,4p-Pro,0
8,4p-Pro,0
9,4p-Pro,0
10,4p-Pro,0
11,4p-Pro,0
12,4p-Pro,1
13,4p-Pro,0
14,4p-Pro,0
15,4p-Pro,0
16,4p-Pro,0
17,4p-Pro,0
18,4p-Pro,0
19,4p-Pro,0
20,4p-Pro,0
1,4Pe-Pro,0
2,4Pe-Pro,0
3,4Pe-Pro,0
4,4Pe-Pro,0
5,4Pe-Pro,0
6,4Pe-Pro,1
7,4Pe-Pro,0
8,4Pe-Pro,0
9,4Pe-Pro,0
10,4Pe-Pro,0
11,4Pe-Pro,0
12,4Pe-Pro,0
13,4Pe-Pro,0
14,4Pe-Pro,0
15,4Pe-Pro,0
16,4Pe-Pro,0
17,4Pe-Pro,0
18,4Pe-Pro,0
19,4Pe-Pro,0
20,4Pe-Pro,0
1,6Cl-Hic,0
2,6Cl-Hic,0
3,6Cl-Hic,0
4,6Cl-Hic,0
5,6Cl-Hic,1
6,6Cl-Hic,0
7,6Cl-Hic,0
8,6Cl-Hic,0
9,6Cl-Hic,0
10,6Cl-Hic,0
11,6Cl-Hic,0
12,6Cl-Hic,0
13,6Cl-Hic,0
14,6Cl-Hic,0
15,6Cl-Hic,0
16,6Cl-Hic,0
17,6Cl-Hic,0
18,6Cl-Hic,0
19,6Cl-Hic,0
20,6Cl-Hic,0
1,Aad,0
2,Aad,0
3,Aad,0
4,Aad,0
5,Aad,0
6,Aad,0
7,Aad,0
8,Aad,0
9,Aad,1
10,Aad,5
11,Aad,1
12,Aad,0
13,Aad,3
14,Aad,0
15,Aad,0
16,Aad,0
17,Aad,0
18,Aad,0
19,Aad,0
20,Aad,0
1,Abu,0
2,Abu,0
3,Abu,0
4,Abu,0
5,Abu,0
6,Abu,0
7,Abu,1
8,Abu,0
9,Abu,0
10,Abu,0
11,Abu,0
12,Abu,0
13,Abu,0
14,Abu,1
15,Abu,0
16,Abu,0
17,Abu,0
18,Abu,0
19,Abu,0
20,Abu,0
1,Abu|Ival,0
2,Abu|Ival,0
3,Abu|Ival,0
4,Abu|Ival,0
5,Abu|Ival,0
6,Abu|Ival,0
7,Abu|Ival,0
8,Abu|Ival,1
9,Abu|Ival,0
10,Abu|Ival,0
11,Abu|Ival,0
12,Abu|Ival,0
13,Abu|Ival,0
14,Abu|Ival,0
15,Abu|Ival,0
16,Abu|Ival,0
17,Abu|Ival,0
18,Abu|Ival,0
19,Abu|Ival,0
20,Abu|Ival,7
1,Ac-Phe,0
2,Ac-Phe,0
3,Ac-Phe,0
4,Ac-Phe,0
5,Ac-Phe,0
6,Ac-Phe,0
7,Ac-Phe,0
8,Ac-Phe,0
9,Ac-Phe,0
10,Ac-Phe,0
11,Ac-Phe,0
12,Ac-Phe,0
13,Ac-Phe,1
14,Ac-Phe,0
15,Ac-Phe,0
16,Ac-Phe,0
17,Ac-Phe,0
18,Ac-Phe,0
19,Ac-Phe,0
20,Ac-Phe,0
1,Aeo,0
2,Aeo,0
3,Aeo,0
4,Aeo,0
5,Aeo,0
6,Aeo,0
7,Aeo,2
8,Aeo,0
9,Aeo,0
10,Aeo,0
11,Aeo,0
12,Aeo,0
13,Aeo,0
14,Aeo,0
15,Aeo,0
16,Aeo,0
17,Aeo,0
18,Aeo,0
19,Aeo,0
20,Aeo,0
1,Ahnpb,0
2,Ahnpb,0
3,Ahnpb,0
4,Ahnpb,0
5,Ahnpb,0
6,Ahnpb,0
7,Ahnpb,0
8,Ahnpb,0
9,Ahnpb,0
10,Ahnpb,0
11,Ahnpb,0
12,Ahnpb,0
13,Ahnpb,0
14,Ahnpb,0
15,Ahnpb,0
16,Ahnpb,0
17,Ahnpb,0
18,Ahnpb,0
19,Ahnpb,1
20,Ahnpb,0
1,aIle|Ile,0
2,aIle|Ile,0
3,aIle|Ile,0
4,aIle|Ile,0
5,aIle|Ile,0
6,aIle|Ile,0
7,aIle|Ile,0
8,aIle|Ile,0
9,aIle|Ile,0
10,aIle|Ile,0
11,aIle|Ile,0
12,aIle|Ile,0
13,aIle|Ile,0
14,aIle|Ile,1
15,aIle|Ile,0
16,aIle|Ile,0
17,aIle|Ile,0
18,aIle|Ile,0
19,aIle|Ile,0
20,aIle|Ile,0
1,aKic,0
2,aKic,0
3,aKic,0
4,aKic,0
5,aKic,0
6,aKic,0
7,aKic,0
8,aKic,0
9,aKic,0
10,aKic,1
11,aKic,0
12,aKic,0
13,aKic,0
14,aKic,0
15,aKic,0
16,aKic,1
17,aKic,0
18,aKic,0
19,aKic,0
20,aKic,0
1,aKiv,0
2,aKiv,0
3,aKiv,1
4,aKiv,0
5,aKiv,0
6,aKiv,0
7,aKiv,0
8,aKiv,0
9,aKiv,0
10,aKiv,0
11,aKiv,0
12,aKiv,0
13,aKiv,0
14,aKiv,0
15,aKiv,0
16,aKiv,0
17,aKiv,0
18,aKiv,0
19,aKiv,0
20,aKiv,0
1,Ala,4
2,Ala,0
3,Ala,21
4,Ala,0
5,Ala,0
6,Ala,0
7,Ala,3
8,Ala,3
9,Ala,0
10,Ala,0
11,Ala,1
12,Ala,0
13,Ala,21
14,Ala,6
15,Ala,0
16,Ala,3
17,Ala,1
18,Ala,1
19,Ala,0
20,Ala,2
1,Ala|Gly,1
2,Ala|Gly,0
3,Ala|Gly,0
4,Ala|Gly,0
5,Ala|Gly,0
6,Ala|Gly,0
7,Ala|Gly,0
8,Ala|Gly,0
9,Ala|Gly,0
10,Ala|Gly,0
11,Ala|Gly,0
12,Ala|Gly,0
13,Ala|Gly,0
14,Ala|Gly,0
15,Ala|Gly,0
16,Ala|Gly,0
17,Ala|Gly,0
18,Ala|Gly,0
19,Ala|Gly,0
20,Ala|Gly,0
1,Ala|Leu|Val,0
2,Ala|Leu|Val,0
3,Ala|Leu|Val,0
4,Ala|Leu|Val,0
5,Ala|Leu|Val,0
6,Ala|Leu|Val,0
7,Ala|Leu|Val,0
8,Ala|Leu|Val,0
9,Ala|Leu|Val,0
10,Ala|Leu|Val,0
11,Ala|Leu|Val,0
12,Ala|Leu|Val,0
13,Ala|Leu|Val,0
14,Ala|Leu|Val,0
15,Ala|Leu|Val,0
16,Ala|Leu|Val,0
17,Ala|Leu|Val,0
18,Ala|Leu|Val,1
19,Ala|Leu|Val,0
20,Ala|Leu|Val,0
1,Ala|Val,0
2,Ala|Val,0
3,Ala|Val,0
4,Ala|Val,0
5,Ala|Val,0
6,Ala|Val,0
7,Ala|Val,1
8,Ala|Val,0
9,Ala|Val,0
10,Ala|Val,0
11,Ala|Val,0
12,Ala|Val,0
13,Ala|Val,0
14,Ala|Val,0
15,Ala|Val,0
16,Ala|Val,0
17,Ala|Val,0
18,Ala|Val,0
19,Ala|Val,0
20,Ala|Val,0
1,Alaol,0
2,Alaol,0
3,Alaol,0
4,Alaol,0
5,Alaol,0
6,Alaol,0
7,Alaol,0
8,Alaol,0
9,Alaol,0
10,Alaol,0
11,Alaol,0
12,Alaol,0
13,Alaol,1
14,Alaol,0
15,Alaol,0
16,Alaol,0
17,Alaol,0
18,Alaol,0
19,Alaol,0
20,Alaol,0
1,aMe-Ser,0
2,aMe-Ser,1
3,aMe-Ser,0
4,aMe-Ser,0
5,aMe-Ser,0
6,aMe-Ser,0
7,aMe-Ser,0
8,aMe-Ser,0
9,aMe-Ser,0
10,aMe-Ser,0
11,aMe-Ser,0
12,aMe-Ser,0
13,aMe-Ser,0
14,aMe-Ser,0
15,aMe-Ser,0
16,aMe-Ser,0
17,aMe-Ser,0
18,aMe-Ser,0
19,aMe-Ser,0
20,aMe-Ser,0
1,Arg,2
2,Arg,0
3,Arg,0
4,Arg,1
5,Arg,0
6,Arg,0
7,Arg,0
8,Arg,1
9,Arg,0
10,Arg,0
11,Arg,0
12,Arg,0
13,Arg,2
14,Arg,0
15,Arg,1
16,Arg,2
17,Arg,1
18,Arg,1
19,Arg,0
20,Arg,0
1,Arg|Lys,0
2,Arg|Lys,0
3,Arg|Lys,0
4,Arg|Lys,0
5,Arg|Lys,0
6,Arg|Lys,0
7,Arg|Lys,0
8,Arg|Lys,0
9,Arg|Lys,0
10,Arg|Lys,0
11,Arg|Lys,0
12,Arg|Lys,0
13,Arg|Lys,0
14,Arg|Lys,0
15,Arg|Lys,0
16,Arg|Lys,0
17,Arg|Lys,0
18,Arg|Lys,1
19,Arg|Lys,0
20,Arg|Lys,0
1,Asn,0
2,Asn,0
3,Asn,1
4,Asn,0
5,Asn,0
6,Asn,0
7,Asn,0
8,Asn,0
9,Asn,0
10,Asn,30
11,Asn,0
12,Asn,0
13,Asn,3
14,Asn,0
15,Asn,0
16,Asn,0
17,Asn,1
18,Asn,0
19,Asn,0
20,Asn,0
1,Asn|Gln,0
2,Asn|Gln,0
3,Asn|Gln,0
4,Asn|Gln,0
5,Asn|Gln,0
6,Asn|Gln,0
7,Asn|Gln,0
8,Asn|Gln,0
9,Asn|Gln,0
10,Asn|Gln,1
11,Asn|Gln,0
12,Asn|Gln,0
13,Asn|Gln,0
14,Asn|Gln,0
15,Asn|Gln,0
16,Asn|Gln,0
17,Asn|Gln,0
18,Asn|Gln,0
19,Asn|Gln,0
20,Asn|Gln,0
1,Asp,0
2,Asp,0
3,Asp,0
4,Asp,0
5,Asp,0
6,Asp,0
7,Asp,0
8,Asp,0
9,Asp,1
10,Asp,19
11,Asp,0
12,Asp,0
13,Asp,0
14,Asp,2
15,Asp,0
16,Asp,0
17,Asp,0
18,Asp,3
19,Asp,0
20,Asp,0
1,Asp|bMe-Asp,0
2,Asp|bMe-Asp,0
3,Asp|bMe-Asp,0
4,Asp|bMe-Asp,0
5,Asp|bMe-Asp,0
6,Asp|bMe-Asp,0
7,Asp|bMe-Asp,0
8,Asp|bMe-Asp,0
9,Asp|bMe-Asp,0
10,Asp|bMe-Asp,1
11,Asp|bMe-Asp,0
12,Asp|bMe-Asp,0
13,Asp|bMe-Asp,0
14,Asp|bMe-Asp,0
15,Asp|bMe-Asp,0
16,Asp|bMe-Asp,0
17,Asp|bMe-Asp,0
18,Asp|bMe-Asp,0
19,Asp|bMe-Asp,0
20,Asp|bMe-Asp,0
1,Asp|NMe-Asp,0
2,Asp|NMe-Asp,0
3,Asp|NMe-Asp,1
4,Asp|NMe-Asp,0
5,Asp|NMe-Asp,0
6,Asp|NMe-Asp,0
7,Asp|NMe-Asp,0
8,Asp|NMe-Asp,0
9,Asp|NMe-Asp,0
10,Asp|NMe-Asp,0
11,Asp|NMe-Asp,0
12,Asp|NMe-Asp,0
13,Asp|NMe-Asp,0
14,Asp|NMe-Asp,0
15,Asp|NMe-Asp,0
16,Asp|NMe-Asp,0
17,Asp|NMe-Asp,0
18,Asp|NMe-Asp,0
19,Asp|NMe-Asp,0
20,Asp|NMe-Asp,0
1,aThr,0
2,aThr,0
3,aThr,0
4,aThr,0
5,aThr,8
6,aThr,0
7,aThr,0
8,aThr,0
9,aThr,0
10,aThr,0
11,aThr,0
12,aThr,0
13,aThr,0
14,aThr,0
15,aThr,0
16,aThr,0
17,aThr,0
18,aThr,0
19,aThr,0
20,aThr,0
1,aThr|Ser,0
2,aThr|Ser,0
3,aThr|Ser,0
4,aThr|Ser,0
5,aThr|Ser,0
6,aThr|Ser,0
7,aThr|Ser,0
8,aThr|Ser,0
9,aThr|Ser,0
10,aThr|Ser,0
11,aThr|Ser,0
12,aThr|Ser,0
13,aThr|Ser,1
14,aThr|Ser,0
15,aThr|Ser,0
16,aThr|Ser,0
17,aThr|Ser,0
18,aThr|Ser,0
19,aThr|Ser,0
20,aThr|Ser,0
1,aThr|Thr,0
2,aThr|Thr,0
3,aThr|Thr,0
4,aThr|Thr,0
5,aThr|Thr,4
6,aThr|Thr,0
7,aThr|Thr,0
8,aThr|Thr,0
9,aThr|Thr,0
10,aThr|Thr,0
11,aThr|Thr,0
12,aThr|Thr,0
13,aThr|Thr,0
14,aThr|Thr,0
15,aThr|Thr,0
16,aThr|Thr,0
17,aThr|Thr,0
18,aThr|Thr,0
19,aThr|Thr,0
20,aThr|Thr,0
1,bAla,5
2,bAla,1
3,bAla,0
4,bAla,0
5,bAla,0
6,bAla,0
7,bAla,0
8,bAla,0
9,bAla,0
10,bAla,0
11,bAla,0
12,bAla,0
13,bAla,0
14,bAla,1
15,bAla,0
16,bAla,0
17,bAla,0
18,bAla,0
19,bAla,0
20,bAla,0
1,bhceAla,0
2,bhceAla,0
3,bhceAla,0
4,bhceAla,0
5,bhceAla,0
6,bhceAla,0
7,bhceAla,0
8,bhceAla,0
9,bhceAla,0
10,bhceAla,0
11,bhceAla,0
12,bhceAla,0
13,bhceAla,0
14,bhceAla,1
15,bhceAla,0
16,bhceAla,0
17,bhceAla,0
18,bhceAla,0
19,bhceAla,0
20,bhceAla,0
1,bLys,0
2,bLys,0
3,bLys,0
4,bLys,0
5,bLys,0
6,bLys,0
7,bLys,0
8,bLys,0
9,bLys,0
10,bLys,0
11,bLys,0
12,bLys,0
13,bLys,0
14,bLys,2
15,bLys,0
16,bLys,0
17,bLys,1
18,bLys,0
19,bLys,0
20,bLys,0
1,bMe-Phe,0
2,bMe-Phe,0
3,bMe-Phe,0
4,bMe-Phe,0
5,bMe-Phe,0
6,bMe-Phe,0
7,bMe-Phe,0
8,bMe-Phe,2
9,bMe-Phe,0
10,bMe-Phe,0
11,bMe-Phe,0
12,bMe-Phe,0
13,bMe-Phe,0
14,bMe-Phe,0
15,bMe-Phe,0
16,bMe-Phe,0
17,bMe-Phe,0
18,bMe-Phe,0
19,bMe-Phe,0
20,bMe-Phe,0
1,Bmt,0
2,Bmt,0
3,Bmt,0
4,Bmt,0
5,Bmt,1
6,Bmt,0
7,Bmt,1
8,Bmt,0
9,Bmt,0
10,Bmt,0
11,Bmt,0
12,Bmt,0
13,Bmt,0
14,Bmt,0
15,Bmt,0
16,Bmt,0
17,Bmt,0
18,Bmt,0
19,Bmt,0
20,Bmt,1
1,bOH-Tyr,0
2,bOH-Tyr,0
3,bOH-Tyr,0
4,bOH-Tyr,0
5,bOH-Tyr,0
6,bOH-Tyr,0
7,bOH-Tyr,0
8,bOH-Tyr,0
9,bOH-Tyr,6
10,bOH-Tyr,0
11,bOH-Tyr,0
12,bOH-Tyr,0
13,bOH-Tyr,0
14,bOH-Tyr,0
15,bOH-Tyr,0
16,bOH-Tyr,0
17,bOH-Tyr,0
18,bOH-Tyr,0
19,bOH-Tyr,0
20,bOH-Tyr,0
1,bOH-Tyr|Tyr,0
2,bOH-Tyr|Tyr,0
3,bOH-Tyr|Tyr,0
4,bOH-Tyr|Tyr,0
5,bOH-Tyr|Tyr,0
6,bOH-Tyr|Tyr,0
7,bOH-Tyr|Tyr,0
8,bOH-Tyr|Tyr,0
9,bOH-Tyr|Tyr,3
10,bOH-Tyr|Tyr,0
11,bOH-Tyr|Tyr,0
12,bOH-Tyr|Tyr,0
13,bOH-Tyr|Tyr,0
14,bOH-Tyr|Tyr,0
15,bOH-Tyr|Tyr,0
16,bOH-Tyr|Tyr,0
17,bOH-Tyr|Tyr,0
18,bOH-Tyr|Tyr,0
19,bOH-Tyr|Tyr,0
20,bOH-Tyr|Tyr,0
1,bTrp,0
2,bTrp,0
3,bTrp,0
4,bTrp,0
5,bTrp,0
6,bTrp,0
7,bTrp,0
8,bTrp,0
9,bTrp,0
10,bTrp,0
11,bTrp,0
12,bTrp,0
13,bTrp,1
14,bTrp,0
15,bTrp,0
16,bTrp,0
17,bTrp,0
18,bTrp,0
19,bTrp,0
20,bTrp,0
1,Cys,3
2,Cys,36
3,Cys,0
4,Cys,0
5,Cys,0
6,Cys,0
7,Cys,0
8,Cys,2
9,Cys,0
10,Cys,0
11,Cys,9
12,Cys,0
13,Cys,0
14,Cys,1
15,Cys,0
16,Cys,0
17,Cys,0
18,Cys,0
19,Cys,0
20,Cys,0
1,CysA,0
2,CysA,0
3,CysA,0
4,CysA,0
5,CysA,0
6,CysA,0
7,CysA,0
8,CysA,0
9,CysA,0
10,CysA,1
11,CysA,0
12,CysA,0
13,CysA,0
14,CysA,0
15,CysA,0
16,CysA,0
17,CysA,0
18,CysA,0
19,CysA,0
20,CysA,0
1,D-Ala,0
2,D-Ala,0
3,D-Ala,0
4,D-Ala,0
5,D-Ala,0
6,D-Ala,0
7,D-Ala,0
8,D-Ala,0
9,D-Ala,0
10,D-Ala,0
11,D-Ala,0
12,D-Ala,0
13,D-Ala,0
14,D-Ala,0
15,D-Ala,0
16,D-Ala,2
17,D-Ala,0
18,D-Ala,0
19,D-Ala,0
20,D-Ala,1
1,D-Lea,0
2,D-Lea,0
3,D-Lea,0
4,D-Lea,0
5,D-Lea,0
6,D-Lea,0
7,D-Lea,0
8,D-Lea,0
9,D-Lea,0
10,D-Lea,0
11,D-Lea,0
12,D-Lea,0
13,D-Lea,0
14,D-Lea,0
15,D-Lea,0
16,D-Lea,1
17,D-Lea,0
18,D-Lea,0
19,D-Lea,0
20,D-Lea,0
1,Dab,1
2,Dab,0
3,Dab,0
4,Dab,0
5,Dab,1
6,Dab,0
7,Dab,0
8,Dab,6
9,Dab,0
10,Dab,0
11,Dab,0
12,Dab,0
13,Dab,1
14,Dab,0
15,Dab,9
16,Dab,0
17,Dab,0
18,Dab,2
19,Dab,0
20,Dab,0
1,ddh-Arg|3Me-Tyr,0
2,ddh-Arg|3Me-Tyr,0
3,ddh-Arg|3Me-Tyr,0
4,ddh-Arg|3Me-Tyr,0
5,ddh-Arg|3Me-Tyr,0
6,ddh-Arg|3Me-Tyr,0
7,ddh-Arg|3Me-Tyr,0
8,ddh-Arg|3Me-Tyr,0
9,ddh-Arg|3Me-Tyr,0
10,ddh-Arg|3Me-Tyr,0
11,ddh-Arg|3Me-Tyr,0
12,ddh-Arg|3Me-Tyr,0
13,ddh-Arg|3Me-Tyr,1
14,ddh-Arg|3Me-Tyr,0
15,ddh-Arg|3Me-Tyr,0
16,ddh-Arg|3Me-Tyr,0
17,ddh-Arg|3Me-Tyr,0
18,ddh-Arg|3Me-Tyr,0
19,ddh-Arg|3Me-Tyr,0
20,ddh-Arg|3Me-Tyr,0
1,dh-Thr,0
2,dh-Thr,0
3,dh-Thr,0
4,dh-Thr,0
5,dh-Thr,2
6,dh-Thr,0
7,dh-Thr,0
8,dh-Thr,0
9,dh-Thr,0
10,dh-Thr,0
11,dh-Thr,0
12,dh-Thr,0
13,dh-Thr,0
14,dh-Thr,0
15,dh-Thr,0
16,dh-Thr,0
17,dh-Thr,0
18,dh-Thr,0
19,dh-Thr,0
20,dh-Thr,0
1,dhAbu,0
2,dhAbu,0
3,dhAbu,0
4,dhAbu,0
5,dhAbu,6
6,dhAbu,0
7,dhAbu,0
8,dhAbu,0
9,dhAbu,0
10,dhAbu,0
11,dhAbu,0
12,dhAbu,0
13,dhAbu,0
14,dhAbu,0
15,dhAbu,0
16,dhAbu,0
17,dhAbu,0
18,dhAbu,0
19,dhAbu,0
20,dhAbu,0
1,dhAbu|dhTyr|Thr,0
2,dhAbu|dhTyr|Thr,0
3,dhAbu|dhTyr|Thr,0
4,dhAbu|dhTyr|Thr,0
5,dhAbu|dhTyr|Thr,1
6,dhAbu|dhTyr|Thr,0
7,dhAbu|dhTyr|Thr,0
8,dhAbu|dhTyr|Thr,0
9,dhAbu|dhTyr|Thr,0
10,dhAbu|dhTyr|Thr,0
11,dhAbu|dhTyr|Thr,0
12,dhAbu|dhTyr|Thr,0
13,dhAbu|dhTyr|Thr,0
14,dhAbu|dhTyr|Thr,0
15,dhAbu|dhTyr|Thr,0
16,dhAbu|dhTyr|Thr,0
17,dhAbu|dhTyr|Thr,0
18,dhAbu|dhTyr|Thr,0
19,dhAbu|dhTyr|Thr,0
20,dhAbu|dhTyr|Thr,0
1,dhDab,0
2,dhDab,0
3,dhDab,0
4,dhDab,0
5,dhDab,1
6,dhDab,0
7,dhDab,0
8,dhDab,0
9,dhDab,0
10,dhDab,0
11,dhDab,0
12,dhDab,0
13,dhDab,0
14,dhDab,0
15,dhDab,0
16,dhDab,0
17,dhDab,0
18,dhDab,0
19,dhDab,0
20,dhDab,0
1,Dhh-Tyr,0
2,Dhh-Tyr,0
3,Dhh-Tyr,0
4,Dhh-Tyr,0
5,Dhh-Tyr,0
6,Dhh-Tyr,0
7,Dhh-Tyr,0
8,Dhh-Tyr,0
9,Dhh-Tyr,0
10,Dhh-Tyr,0
11,Dhh-Tyr,0
12,Dhh-Tyr,0
13,Dhh-Tyr,0
14,Dhh-Tyr,0
15,Dhh-Tyr,0
16,Dhh-Tyr,0
17,Dhh-Tyr,0
18,Dhh-Tyr,0
19,Dhh-Tyr,0
20,Dhh-Tyr,1
1,Dhpg,0
2,Dhpg,0
3,Dhpg,0
4,Dhpg,0
5,Dhpg,0
6,Dhpg,0
7,Dhpg,0
8,Dhpg,14
9,Dhpg,0
10,Dhpg,0
11,Dhpg,0
12,Dhpg,0
13,Dhpg,0
14,Dhpg,0
15,Dhpg,0
16,Dhpg,0
17,Dhpg,0
18,Dhpg,0
19,Dhpg,0
20,Dhpg,0
1,di-OH-Bz,0
2,di-OH-Bz,0
3,di-OH-Bz,0
4,di-OH-Bz,0
5,di-OH-Bz,1
6,di-OH-Bz,0
7,di-OH-Bz,0
8,di-OH-Bz,0
9,di-OH-Bz,0
10,di-OH-Bz,0
11,di-OH-Bz,0
12,di-OH-Bz,0
13,di-OH-Bz,0
14,di-OH-Bz,0
15,di-OH-Bz,0
16,di-OH-Bz,0
17,di-OH-Bz,0
18,di-OH-Bz,0
19,di-OH-Bz,4
20,di-OH-Bz,1
1,di-OH-Bz|Sal,0
2,di-OH-Bz|Sal,0
3,di-OH-Bz|Sal,0
4,di-OH-Bz|Sal,0
5,di-OH-Bz|Sal,0
6,di-OH-Bz|Sal,0
7,di-OH-Bz|Sal,0
8,di-OH-Bz|Sal,0
9,di-OH-Bz|Sal,0
10,di-OH-Bz|Sal,0
11,di-OH-Bz|Sal,0
12,di-OH-Bz|Sal,0
13,di-OH-Bz|Sal,0
14,di-OH-Bz|Sal,0
15,di-OH-Bz|Sal,0
16,di-OH-Bz|Sal,0
17,di-OH-Bz|Sal,0
18,di-OH-Bz|Sal,0
19,di-OH-Bz|Sal,5
20,di-OH-Bz|Sal,0
1,Fo-OH-Orn,0
2,Fo-OH-Orn,0
3,Fo-OH-Orn,0
4,Fo-OH-Orn,0
5,Fo-OH-Orn,0
6,Fo-OH-Orn,0
7,Fo-OH-Orn,0
8,Fo-OH-Orn,0
9,Fo-OH-Orn,0
10,Fo-OH-Orn,0
11,Fo-OH-Orn,0
12,Fo-OH-Orn,0
13,Fo-OH-Orn,2
14,Fo-OH-Orn,1
15,Fo-OH-Orn,0
16,Fo-OH-Orn,0
17,Fo-OH-Orn,0
18,Fo-OH-Orn,0
19,Fo-OH-Orn,0
20,Fo-OH-Orn,0
1,Gac,0
2,Gac,0
3,Gac,0
4,Gac,0
5,Gac,1
6,Gac,0
7,Gac,0
8,Gac,0
9,Gac,0
10,Gac,0
11,Gac,0
12,Gac,0
13,Gac,0
14,Gac,0
15,Gac,0
16,Gac,0
17,Gac,0
18,Gac,0
19,Gac,0
20,Gac,0
1,Gca,0
2,Gca,0
3,Gca,0
4,Gca,0
5,Gca,0
6,Gca,0
7,Gca,0
8,Gca,0
9,Gca,0
10,Gca,0
11,Gca,0
12,Gca,0
13,Gca,0
14,Gca,0
15,Gca,0
16,Gca,0
17,Gca,0
18,Gca,1
19,Gca,0
20,Gca,0
1,Gln,1
2,Gln,0
3,Gln,0
4,Gln,0
5,Gln,0
6,Gln,0
7,Gln,0
8,Gln,0
9,Gln,0
10,Gln,0
11,Gln,0
12,Gln,1
13,Gln,0
14,Gln,1
15,Gln,0
16,Gln,0
17,Gln,1
18,Gln,19
19,Gln,0
20,Gln,1
1,Gln|Tyr,0
2,Gln|Tyr,0
3,Gln|Tyr,0
4,Gln|Tyr,0
5,Gln|Tyr,0
6,Gln|Tyr,0
7,Gln|Tyr,0
8,Gln|Tyr,0
9,Gln|Tyr,0
10,Gln|Tyr,0
11,Gln|Tyr,0
12,Gln|Tyr,0
13,Gln|Tyr,0
14,Gln|Tyr,0
15,Gln|Tyr,0
16,Gln|Tyr,0
17,Gln|Tyr,0
18,Gln|Tyr,1
19,Gln|Tyr,0
20,Gln|Tyr,0
1,Glu,1
2,Glu,0
3,Glu,0
4,Glu,0
5,Glu,0
6,Glu,0
7,Glu,0
8,Glu,2
9,Glu,1
10,Glu,1
11,Glu,0
12,Glu,0
13,Glu,2
14,Glu,1
15,Glu,0
16,Glu,0
17,Glu,0
18,Glu,15
19,Glu,0
20,Glu,0
1,Glu|3Me-Glu,0
2,Glu|3Me-Glu,0
3,Glu|3Me-Glu,0
4,Glu|3Me-Glu,0
5,Glu|3Me-Glu,0
6,Glu|3Me-Glu,0
7,Glu|3Me-Glu,0
8,Glu|3Me-Glu,0
9,Glu|3Me-Glu,0
10,Glu|3Me-Glu,0
11,Glu|3Me-Glu,0
12,Glu|3Me-Glu,0
13,Glu|3Me-Glu,1
14,Glu|3Me-Glu,0
15,Glu|3Me-Glu,0
16,Glu|3Me-Glu,0
17,Glu|3Me-Glu,0
18,Glu|3Me-Glu,0
19,Glu|3Me-Glu,0
20,Glu|3Me-Glu,0
1,Gly,0
2,Gly,0
3,Gly,0
4,Gly,0
5,Gly,0
6,Gly,1
7,Gly,0
8,Gly,0
9,Gly,0
10,Gly,0
11,Gly,0
12,Gly,0
13,Gly,1
14,Gly,1
15,Gly,0
16,Gly,54
17,Gly,0
18,Gly,1
19,Gly,0
20,Gly,1
1,Gly|NMe-Gly,0
2,Gly|NMe-Gly,0
3,Gly|NMe-Gly,0
4,Gly|NMe-Gly,1
5,Gly|NMe-Gly,0
6,Gly|NMe-Gly,0
7,Gly|NMe-Gly,0
8,Gly|NMe-Gly,0
9,Gly|NMe-Gly,0
10,Gly|NMe-Gly,0
11,Gly|NMe-Gly,0
12,Gly|NMe-Gly,0
13,Gly|NMe-Gly,0
14,Gly|NMe-Gly,0
15,Gly|NMe-Gly,0
16,Gly|NMe-Gly,0
17,Gly|NMe-Gly,0
18,Gly|NMe-Gly,0
19,Gly|NMe-Gly,0
20,Gly|NMe-Gly,0
1,Glyco-cya,0
2,Glyco-cya,0
3,Glyco-cya,0
4,Glyco-cya,0
5,Glyco-cya,0
6,Glyco-cya,0
7,Glyco-cya,0
8,Glyco-cya,0
9,Glyco-cya,0
10,Glyco-cya,0
11,Glyco-cya,0
12,Glyco-cya,0
13,Glyco-cya,0
14,Glyco-cya,0
15,Glyco-cya,0
16,Glyco-cya,0
17,Glyco-cya,0
18,Glyco-cya,1
19,Glyco-cya,0
20,Glyco-cya,0
1,gOH-Val,0
2,gOH-Val,0
3,gOH-Val,0
4,gOH-Val,0
5,gOH-Val,0
6,gOH-Val,0
7,gOH-Val,0
8,gOH-Val,0
9,gOH-Val,0
10,gOH-Val,0
11,gOH-Val,0
12,gOH-Val,0
13,gOH-Val,0
14,gOH-Val,1
15,gOH-Val,0
16,gOH-Val,0
17,gOH-Val,0
18,gOH-Val,0
19,gOH-Val,0
20,gOH-Val,0
1,Hcn,0
2,Hcn,0
3,Hcn,0
4,Hcn,0
5,Hcn,0
6,Hcn,0
7,Hcn,0
8,Hcn,0
9,Hcn,0
10,Hcn,0
11,Hcn,0
12,Hcn,0
13,Hcn,1
14,Hcn,0
15,Hcn,0
16,Hcn,0
17,Hcn,0
18,Hcn,0
19,Hcn,0
20,Hcn,0
1,His,0
2,His,0
3,His,0
4,His,0
5,His,0
6,His,0
7,His,0
8,His,0
9,His,0
10,His,1
11,His,0
12,His,0
13,His,4
14,His,0
15,His,0
16,His,0
17,His,0
18,His,0
19,His,0
20,His,2
1,Hiv,0
2,Hiv,0
3,Hiv,1
4,Hiv,0
5,Hiv,0
6,Hiv,1
7,Hiv,0
8,Hiv,0
9,Hiv,0
10,Hiv,0
11,Hiv,0
12,Hiv,0
13,Hiv,0
14,Hiv,0
15,Hiv,0
16,Hiv,0
17,Hiv,0
18,Hiv,0
19,Hiv,0
20,Hiv,0
1,HOMM-Tyr,0
2,HOMM-Tyr,1
3,HOMM-Tyr,0
4,HOMM-Tyr,0
5,HOMM-Tyr,0
6,HOMM-Tyr,0
7,HOMM-Tyr,0
8,HOMM-Tyr,0
9,HOMM-Tyr,0
10,HOMM-Tyr,0
11,HOMM-Tyr,0
12,HOMM-Tyr,0
13,HOMM-Tyr,1
14,HOMM-Tyr,0
15,HOMM-Tyr,0
16,HOMM-Tyr,0
17,HOMM-Tyr,0
18,HOMM-Tyr,0
19,HOMM-Tyr,0
20,HOMM-Tyr,0
1,Hpg,0
2,Hpg,0
3,Hpg,0
4,Hpg,0
5,Hpg,0
6,Hpg,0
7,Hpg,0
8,Hpg,12
9,Hpg,0
10,Hpg,0
11,Hpg,0
12,Hpg,0
13,Hpg,0
14,Hpg,0
15,Hpg,0
16,Hpg,0
17,Hpg,0
18,Hpg,0
19,Hpg,0
20,Hpg,0
1,Hpg|2Cl-Hpg,0
2,Hpg|2Cl-Hpg,0
3,Hpg|2Cl-Hpg,0
4,Hpg|2Cl-Hpg,0
5,Hpg|2Cl-Hpg,0
6,Hpg|2Cl-Hpg,0
7,Hpg|2Cl-Hpg,0
8,Hpg|2Cl-Hpg,1
9,Hpg|2Cl-Hpg,0
10,Hpg|2Cl-Hpg,0
11,Hpg|2Cl-Hpg,0
12,Hpg|2Cl-Hpg,0
13,Hpg|2Cl-Hpg,0
14,Hpg|2Cl-Hpg,0
15,Hpg|2Cl-Hpg,0
16,Hpg|2Cl-Hpg,0
17,Hpg|2Cl-Hpg,0
18,Hpg|2Cl-Hpg,0
19,Hpg|2Cl-Hpg,0
20,Hpg|2Cl-Hpg,0
1,Hpg|Cl2-Hpg,0
2,Hpg|Cl2-Hpg,0
3,Hpg|Cl2-Hpg,0
4,Hpg|Cl2-Hpg,0
5,Hpg|Cl2-Hpg,0
6,Hpg|Cl2-Hpg,0
7,Hpg|Cl2-Hpg,0
8,Hpg|Cl2-Hpg,15
9,Hpg|Cl2-Hpg,0
10,Hpg|Cl2-Hpg,0
11,Hpg|Cl2-Hpg,0
12,Hpg|Cl2-Hpg,0
13,Hpg|Cl2-Hpg,0
14,Hpg|Cl2-Hpg,1
15,Hpg|Cl2-Hpg,0
16,Hpg|Cl2-Hpg,1
17,Hpg|Cl2-Hpg,0
18,Hpg|Cl2-Hpg,0
19,Hpg|Cl2-Hpg,0
20,Hpg|Cl2-Hpg,0
1,Hse,0
2,Hse,0
3,Hse,1
4,Hse,0
5,Hse,0
6,Hse,0
7,Hse,0
8,Hse,0
9,Hse,0
10,Hse,2
11,Hse,0
12,Hse,0
13,Hse,0
14,Hse,0
15,Hse,0
16,Hse,0
17,Hse,0
18,Hse,0
19,Hse,0
20,Hse,0
1,Htyr,0
2,Htyr,0
3,Htyr,1
4,Htyr,0
5,Htyr,0
6,Htyr,0
7,Htyr,0
8,Htyr,0
9,Htyr,0
10,Htyr,0
11,Htyr,0
12,Htyr,0
13,Htyr,2
14,Htyr,0
15,Htyr,0
16,Htyr,0
17,Htyr,0
18,Htyr,0
19,Htyr,0
20,Htyr,0
1,Ile,0
2,Ile,0
3,Ile,0
4,Ile,0
5,Ile,1
6,Ile,0
7,Ile,4
8,Ile,0
9,Ile,0
10,Ile,1
11,Ile,0
12,Ile,18
13,Ile,0
14,Ile,4
15,Ile,0
16,Ile,0
17,Ile,1
18,Ile,0
19,Ile,0
20,Ile,0
1,Ile|Val,0
2,Ile|Val,0
3,Ile|Val,0
4,Ile|Val,0
5,Ile|Val,1
6,Ile|Val,0
7,Ile|Val,0
8,Ile|Val,1
9,Ile|Val,1
10,Ile|Val,0
11,Ile|Val,0
12,Ile|Val,2
13,Ile|Val,0
14,Ile|Val,0
15,Ile|Val,0
16,Ile|Val,0
17,Ile|Val,0
18,Ile|Val,0
19,Ile|Val,0
20,Ile|Val,0
1,Iso,0
2,Iso,0
3,Iso,0
4,Iso,0
5,Iso,1
6,Iso,0
7,Iso,0
8,Iso,0
9,Iso,0
10,Iso,0
11,Iso,0
12,Iso,1
13,Iso,0
14,Iso,0
15,Iso,0
16,Iso,0
17,Iso,0
18,Iso,0
19,Iso,0
20,Iso,0
1,Kyn,0
2,Kyn,0
3,Kyn,0
4,Kyn,1
5,Kyn,0
6,Kyn,0
7,Kyn,0
8,Kyn,0
9,Kyn,0
10,Kyn,0
11,Kyn,0
12,Kyn,0
13,Kyn,0
14,Kyn,0
15,Kyn,0
16,Kyn,0
17,Kyn,0
18,Kyn,0
19,Kyn,0
20,Kyn,0
1,Leu,2
2,Leu,0
3,Leu,0
4,Leu,4
5,Leu,0
6,Leu,0
7,Leu,2
8,Leu,12
9,Leu,1
10,Leu,8
11,Leu,0
12,Leu,2
13,Leu,5
14,Leu,7
15,Leu,0
16,Leu,0
17,Leu,58
18,Leu,1
19,Leu,0
20,Leu,2
1,Leu|Arg,1
2,Leu|Arg,0
3,Leu|Arg,0
4,Leu|Arg,0
5,Leu|Arg,0
6,Leu|Arg,0
7,Leu|Arg,0
8,Leu|Arg,0
9,Leu|Arg,0
10,Leu|Arg,0
11,Leu|Arg,0
12,Leu|Arg,0
13,Leu|Arg,0
14,Leu|Arg,0
15,Leu|Arg,0
16,Leu|Arg,0
17,Leu|Arg,0
18,Leu|Arg,0
19,Leu|Arg,0
20,Leu|Arg,0
1,Leu|Val,0
2,Leu|Val,0
3,Leu|Val,0
4,Leu|Val,0
5,Leu|Val,0
6,Leu|Val,0
7,Leu|Val,0
8,Leu|Val,0
9,Leu|Val,0
10,Leu|Val,0
11,Leu|Val,0
12,Leu|Val,0
13,Leu|Val,0
14,Leu|Val,1
15,Leu|Val,0
16,Leu|Val,0
17,Leu|Val,0
18,Leu|Val,0
19,Leu|Val,0
20,Leu|Val,0
1,Lys,0
2,Lys,0
3,Lys,0
4,Lys,2
5,Lys,0
6,Lys,0
7,Lys,0
8,Lys,5
9,Lys,0
10,Lys,1
11,Lys,0
12,Lys,0
13,Lys,0
14,Lys,8
15,Lys,2
16,Lys,2
17,Lys,0
18,Lys,0
19,Lys,0
20,Lys,0
1,Me-bAla,1
2,Me-bAla,0
3,Me-bAla,0
4,Me-bAla,0
5,Me-bAla,0
6,Me-bAla,0
7,Me-bAla,0
8,Me-bAla,0
9,Me-bAla,0
10,Me-bAla,0
11,Me-bAla,0
12,Me-bAla,0
13,Me-bAla,0
14,Me-bAla,0
15,Me-bAla,0
16,Me-bAla,0
17,Me-bAla,0
18,Me-bAla,0
19,Me-bAla,0
20,Me-bAla,0
1,Me-Dpr,1
2,Me-Dpr,0
3,Me-Dpr,0
4,Me-Dpr,0
5,Me-Dpr,0
6,Me-Dpr,0
7,Me-Dpr,0
8,Me-Dpr,0
9,Me-Dpr,0
10,Me-Dpr,0
11,Me-Dpr,0
12,Me-Dpr,0
13,Me-Dpr,0
14,Me-Dpr,0
15,Me-Dpr,0
16,Me-Dpr,0
17,Me-Dpr,0
18,Me-Dpr,0
19,Me-Dpr,0
20,Me-Dpr,0
1,Met,0
2,Met,0
3,Met,0
4,Met,0
5,Met,0
6,Met,0
7,Met,1
8,Met,0
9,Met,0
10,Met,0
11,Met,0
12,Met,0
13,Met,0
14,Met,1
15,Met,0
16,Met,0
17,Met,0
18,Met,0
19,Met,0
20,Met,0
1,Ncp-Ala,0
2,Ncp-Ala,0
3,Ncp-Ala,0
4,Ncp-Ala,0
5,Ncp-Ala,0
6,Ncp-Ala,0
7,Ncp-Ala,0
8,Ncp-Ala,0
9,Ncp-Ala,0
10,Ncp-Ala,0
11,Ncp-Ala,0
12,Ncp-Ala,0
13,Ncp-Ala,0
14,Ncp-Ala,2
15,Ncp-Ala,0
16,Ncp-Ala,0
17,Ncp-Ala,0
18,Ncp-Ala,0
19,Ncp-Ala,0
20,Ncp-Ala,0
1,Nme-Asp,0
2,Nme-Asp,0
3,Nme-Asp,1
4,Nme-Asp,0
5,Nme-Asp,0
6,Nme-Asp,0
7,Nme-Asp,0
8,Nme-Asp,0
9,Nme-Asp,0
10,Nme-Asp,0
11,Nme-Asp,0
12,Nme-Asp,0
13,Nme-Asp,0
14,Nme-Asp,0
15,Nme-Asp,0
16,Nme-Asp,0
17,Nme-Asp,0
18,Nme-Asp,0
19,Nme-Asp,0
20,Nme-Asp,0
1,NMe-Gly,0
2,NMe-Gly,0
3,NMe-Gly,0
4,NMe-Gly,0
5,NMe-Gly,0
6,NMe-Gly,0
7,NMe-Gly,0
8,NMe-Gly,0
9,NMe-Gly,0
10,NMe-Gly,0
11,NMe-Gly,0
12,NMe-Gly,0
13,NMe-Gly,0
14,NMe-Gly,1
15,NMe-Gly,0
16,NMe-Gly,0
17,NMe-Gly,0
18,NMe-Gly,0
19,NMe-Gly,0
20,NMe-Gly,0
1,NOH-Ala,1
2,NOH-Ala,0
3,NOH-Ala,0
4,NOH-Ala,0
5,NOH-Ala,0
6,NOH-Ala,0
7,NOH-Ala,0
8,NOH-Ala,0
9,NOH-Ala,0
10,NOH-Ala,0
11,NOH-Ala,0
12,NOH-Ala,0
13,NOH-Ala,0
14,NOH-Ala,0
15,NOH-Ala,0
16,NOH-Ala,0
17,NOH-Ala,0
18,NOH-Ala,0
19,NOH-Ala,0
20,NOH-Ala,0
1,NOH-Val,0
2,NOH-Val,0
3,NOH-Val,0
4,NOH-Val,0
5,NOH-Val,0
6,NOH-Val,0
7,NOH-Val,0
8,NOH-Val,0
9,NOH-Val,0
10,NOH-Val,0
11,NOH-Val,0
12,NOH-Val,0
13,NOH-Val,1
14,NOH-Val,0
15,NOH-Val,0
16,NOH-Val,0
17,NOH-Val,0
18,NOH-Val,0
19,NOH-Val,0
20,NOH-Val,0
1,norCMA,0
2,norCMA,0
3,norCMA,0
4,norCMA,0
5,norCMA,0
6,norCMA,0
7,norCMA,0
8,norCMA,0
9,norCMA,0
10,norCMA,0
11,norCMA,0
12,norCMA,0
13,norCMA,0
14,norCMA,1
15,norCMA,0
16,norCMA,0
17,norCMA,0
18,norCMA,0
19,norCMA,0
20,norCMA,0
1,O-Iv,0
2,O-Iv,0
3,O-Iv,1
4,O-Iv,0
5,O-Iv,0
6,O-Iv,0
7,O-Iv,0
8,O-Iv,0
9,O-Iv,0
10,O-Iv,0
11,O-Iv,0
12,O-Iv,0
13,O-Iv,0
14,O-Iv,0
15,O-Iv,0
16,O-Iv,0
17,O-Iv,0
18,O-Iv,0
19,O-Iv,0
20,O-Iv,0
1,OH-Asn,1
2,OH-Asn,0
3,OH-Asn,1
4,OH-Asn,0
5,OH-Asn,0
6,OH-Asn,0
7,OH-Asn,0
8,OH-Asn,0
9,OH-Asn,0
10,OH-Asn,1
11,OH-Asn,0
12,OH-Asn,0
13,OH-Asn,0
14,OH-Asn,0
15,OH-Asn,0
16,OH-Asn,0
17,OH-Asn,0
18,OH-Asn,0
19,OH-Asn,0
20,OH-Asn,0
1,OH-Asp,0
2,OH-Asp,0
3,OH-Asp,0
4,OH-Asp,0
5,OH-Asp,0
6,OH-Asp,0
7,OH-Asp,0
8,OH-Asp,0
9,OH-Asp,0
10,OH-Asp,1
11,OH-Asp,0
12,OH-Asp,0
13,OH-Asp,0
14,OH-Asp,1
15,OH-Asp,0
16,OH-Asp,0
17,OH-Asp,0
18,OH-Asp,0
19,OH-Asp,0
20,OH-Asp,0
1,OH-Orn,0
2,OH-Orn,0
3,OH-Orn,0
4,OH-Orn,0
5,OH-Orn,0
6,OH-Orn,0
7,OH-Orn,3
8,OH-Orn,3
9,OH-Orn,0
10,OH-Orn,0
11,OH-Orn,0
12,OH-Orn,0
13,OH-Orn,2
14,OH-Orn,4
15,OH-Orn,0
16,OH-Orn,0
17,OH-Orn,0
18,OH-Orn,0
19,OH-Orn,0
20,OH-Orn,0
1,Orn,0
2,Orn,0
3,Orn,0
4,Orn,0
5,Orn,0
6,Orn,0
7,Orn,0
8,Orn,1
9,Orn,0
10,Orn,1
11,Orn,0
12,Orn,1
13,Orn,1
14,Orn,5
15,Orn,8
16,Orn,0
17,Orn,0
18,Orn,2
19,Orn,0
20,Orn,0
1,Orn|OH-Orn,0
2,Orn|OH-Orn,0
3,Orn|OH-Orn,0
4,Orn|OH-Orn,0
5,Orn|OH-Orn,0
6,Orn|OH-Orn,0
7,Orn|OH-Orn,0
8,Orn|OH-Orn,0
9,Orn|OH-Orn,0
10,Orn|OH-Orn,0
11,Orn|OH-Orn,0
12,Orn|OH-Orn,0
13,Orn|OH-Orn,0
14,Orn|OH-Orn,1
15,Orn|OH-Orn,0
16,Orn|OH-Orn,0
17,Orn|OH-Orn,0
18,Orn|OH-Orn,0
19,Orn|OH-Orn,0
20,Orn|OH-Orn,0
1,Pac,0
2,Pac,0
3,Pac,0
4,Pac,0
5,Pac,0
6,Pac,0
7,Pac,0
8,Pac,0
9,Pac,0
10,Pac,0
11,Pac,0
12,Pac,0
13,Pac,1
14,Pac,0
15,Pac,0
16,Pac,0
17,Pac,0
18,Pac,0
19,Pac,0
20,Pac,0
1,Phe,0
2,Phe,0
3,Phe,0
4,Phe,1
5,Phe,0
6,Phe,2
7,Phe,0
8,Phe,7
9,Phe,4
10,Phe,1
11,Phe,0
12,Phe,0
13,Phe,8
14,Phe,2
15,Phe,0
16,Phe,0
17,Phe,1
18,Phe,0
19,Phe,0
20,Phe,0
1,Phe|Trp,1
2,Phe|Trp,0
3,Phe|Trp,0
4,Phe|Trp,0
5,Phe|Trp,0
6,Phe|Trp,0
7,Phe|Trp,0
8,Phe|Trp,0
9,Phe|Trp,0
10,Phe|Trp,0
11,Phe|Trp,0
12,Phe|Trp,0
13,Phe|Trp,0
14,Phe|Trp,0
15,Phe|Trp,0
16,Phe|Trp,1
17,Phe|Trp,0
18,Phe|Trp,0
19,Phe|Trp,0
20,Phe|Trp,0
1,Phe|Tyr,0
2,Phe|Tyr,0
3,Phe|Tyr,0
4,Phe|Tyr,0
5,Phe|Tyr,0
6,Phe|Tyr,0
7,Phe|Tyr,0
8,Phe|Tyr,0
9,Phe|Tyr,0
10,Phe|Tyr,1
11,Phe|Tyr,0
12,Phe|Tyr,0
13,Phe|Tyr,0
14,Phe|Tyr,0
15,Phe|Tyr,0
16,Phe|Tyr,0
17,Phe|Tyr,0
18,Phe|Tyr,0
19,Phe|Tyr,0
20,Phe|Tyr,0
1,PhGly,0
2,PhGly,0
3,PhGly,0
4,PhGly,0
5,PhGly,0
6,PhGly,0
7,PhGly,0
8,PhGly,2
9,PhGly,0
10,PhGly,0
11,PhGly,0
12,PhGly,0
13,PhGly,0
14,PhGly,0
15,PhGly,0
16,PhGly,0
17,PhGly,0
18,PhGly,0
19,PhGly,0
20,PhGly,0
1,Pip,0
2,Pip,0
3,Pip,0
4,Pip,0
5,Pip,0
6,Pip,5
7,Pip,0
8,Pip,0
9,Pip,0
10,Pip,0
11,Pip,0
12,Pip,0
13,Pip,0
14,Pip,0
15,Pip,0
16,Pip,0
17,Pip,0
18,Pip,0
19,Pip,0
20,Pip,0
1,Piz,1
2,Piz,0
3,Piz,0
4,Piz,0
5,Piz,0
6,Piz,1
7,Piz,0
8,Piz,0
9,Piz,0
10,Piz,0
11,Piz,0
12,Piz,0
13,Piz,0
14,Piz,0
15,Piz,0
16,Piz,0
17,Piz,0
18,Piz,0
19,Piz,0
20,Piz,0
1,Pro,0
2,Pro,0
3,Pro,0
4,Pro,0
5,Pro,0
6,Pro,26
7,Pro,0
8,Pro,1
9,Pro,2
10,Pro,2
11,Pro,0
12,Pro,3
13,Pro,2
14,Pro,4
15,Pro,0
16,Pro,0
17,Pro,0
18,Pro,0
19,Pro,0
20,Pro,1
1,Pro|4Me-Pro,0
2,Pro|4Me-Pro,0
3,Pro|4Me-Pro,0
4,Pro|4Me-Pro,0
5,Pro|4Me-Pro,0
6,Pro|4Me-Pro,2
7,Pro|4Me-Pro,0
8,Pro|4Me-Pro,0
9,Pro|4Me-Pro,0
10,Pro|4Me-Pro,0
11,Pro|4Me-Pro,0
12,Pro|4Me-Pro,1
13,Pro|4Me-Pro,0
14,Pro|4Me-Pro,0
15,Pro|4Me-Pro,0
16,Pro|4Me-Pro,0
17,Pro|4Me-Pro,0
18,Pro|4Me-Pro,0
19,Pro|4Me-Pro,0
20,Pro|4Me-Pro,0
1,Ser,76
2,Ser,1
3,Ser,0
4,Ser,0
5,Ser,2
6,Ser,0
7,Ser,0
8,Ser,0
9,Ser,0
10,Ser,0
11,Ser,0
12,Ser,1
13,Ser,0
14,Ser,1
15,Ser,0
16,Ser,0
17,Ser,0
18,Ser,0
19,Ser,0
20,Ser,1
1,Ser|Thr,0
2,Ser|Thr,0
3,Ser|Thr,0
4,Ser|Thr,0
5,Ser|Thr,0
6,Ser|Thr,0
7,Ser|Thr,0
8,Ser|Thr,1
9,Ser|Thr,0
10,Ser|Thr,0
11,Ser|Thr,0
12,Ser|Thr,0
13,Ser|Thr,0
14,Ser|Thr,0
15,Ser|Thr,0
16,Ser|Thr,0
17,Ser|Thr,0
18,Ser|Thr,0
19,Ser|Thr,0
20,Ser|Thr,0
1,Thr,0
2,Thr,0
3,Thr,1
4,Thr,0
5,Thr,56
6,Thr,0
7,Thr,0
8,Thr,1
9,Thr,1
10,Thr,0
11,Thr,0
12,Thr,1
13,Thr,0
14,Thr,0
15,Thr,0
16,Thr,0
17,Thr,0
18,Thr,0
19,Thr,0
20,Thr,2
1,Trp,0
2,Trp,0
3,Trp,0
4,Trp,1
5,Trp,0
6,Trp,1
7,Trp,0
8,Trp,1
9,Trp,7
10,Trp,1
11,Trp,1
12,Trp,1
13,Trp,4
14,Trp,5
15,Trp,0
16,Trp,0
17,Trp,2
18,Trp,0
19,Trp,0
20,Trp,0
1,Trp|6Cl-Trp,0
2,Trp|6Cl-Trp,0
3,Trp|6Cl-Trp,0
4,Trp|6Cl-Trp,0
5,Trp|6Cl-Trp,0
6,Trp|6Cl-Trp,0
7,Trp|6Cl-Trp,0
8,Trp|6Cl-Trp,0
9,Trp|6Cl-Trp,1
10,Trp|6Cl-Trp,0
11,Trp|6Cl-Trp,0
12,Trp|6Cl-Trp,0
13,Trp|6Cl-Trp,0
14,Trp|6Cl-Trp,0
15,Trp|6Cl-Trp,0
16,Trp|6Cl-Trp,0
17,Trp|6Cl-Trp,0
18,Trp|6Cl-Trp,0
19,Trp|6Cl-Trp,0
20,Trp|6Cl-Trp,0
1,Tyr,0
2,Tyr,0
3,Tyr,0
4,Tyr,0
5,Tyr,1
6,Tyr,2
7,Tyr,4
8,Tyr,1
9,Tyr,13
10,Tyr,5
11,Tyr,0
12,Tyr,0
13,Tyr,3
14,Tyr,2
15,Tyr,0
16,Tyr,0
17,Tyr,0
18,Tyr,1
19,Tyr,0
20,Tyr,1
1,Tyr|bOH-Tyr,0
2,Tyr|bOH-Tyr,0
3,Tyr|bOH-Tyr,0
4,Tyr|bOH-Tyr,0
5,Tyr|bOH-Tyr,0
6,Tyr|bOH-Tyr,0
7,Tyr|bOH-Tyr,0
8,Tyr|bOH-Tyr,0
9,Tyr|bOH-Tyr,1
10,Tyr|bOH-Tyr,0
11,Tyr|bOH-Tyr,0
12,Tyr|bOH-Tyr,0
13,Tyr|bOH-Tyr,0
14,Tyr|bOH-Tyr,0
15,Tyr|bOH-Tyr,0
16,Tyr|bOH-Tyr,0
17,Tyr|bOH-Tyr,0
18,Tyr|bOH-Tyr,0
19,Tyr|bOH-Tyr,0
20,Tyr|bOH-Tyr,0
1,Tyr|Phe,0
2,Tyr|Phe,0
3,Tyr|Phe,0
4,Tyr|Phe,0
5,Tyr|Phe,0
6,Tyr|Phe,0
7,Tyr|Phe,0
8,Tyr|Phe,1
9,Tyr|Phe,0
10,Tyr|Phe,0
11,Tyr|Phe,0
12,Tyr|Phe,0
13,Tyr|Phe,0
14,Tyr|Phe,0
15,Tyr|Phe,0
16,Tyr|Phe,0
17,Tyr|Phe,0
18,Tyr|Phe,0
19,Tyr|Phe,0
20,Tyr|Phe,0
1,Val,0
2,Val,0
3,Val,0
4,Val,17
5,Val,2
6,Val,0
7,Val,19
8,Val,3
9,Val,0
10,Val,1
11,Val,1
12,Val,11
13,Val,3
14,Val,19
15,Val,0
16,Val,1
17,Val,1
18,Val,0
19,Val,0
20,Val,2
1,Val|Ile,0
2,Val|Ile,0
3,Val|Ile,0
4,Val|Ile,0
5,Val|Ile,0
6,Val|Ile,0
7,Val|Ile,0
8,Val|Ile,0
9,Val|Ile,0
10,Val|Ile,0
11,Val|Ile,0
12,Val|Ile,0
13,Val|Ile,1
14,Val|Ile,1
15,Val|Ile,0
16,Val|Ile,0
17,Val|Ile,0
18,Val|Ile,0
19,Val|Ile,0
20,Val|Ile,0
1,Valol,0
2,Valol,0
3,Valol,0
4,Valol,0
5,Valol,0
6,Valol,0
7,Valol,0
8,Valol,0
9,Valol,0
10,Valol,0
11,Valol,0
12,Valol,0
13,Valol,1
14,Valol,0
15,Valol,0
16,Valol,0
17,Valol,0
18,Valol,0
19,Valol,0
20,Valol,0
