ACY02013_Pseudomonas_sp._dimethylsulfoniopropionate_Pseudomonas_sp._J465_2_3_dihydroxybenzoate,ACY02013.1_Pseudomonas_sp._C2.through.C5_shortchain_OTHER,100.000,541,0,0,1,541,1,541,0.0,1090,100.00
ACY02013_Pseudomonas_sp._dimethylsulfoniopropionate_Pseudomonas_sp._J465_2_3_dihydroxybenzoate,YP_856992.1_Aeromonas_hydrophila_aryl.and.biaryl.derivatives_aryl_ARYL,67.033,546,164,5,3,539,7,545,0.0,706,75.46
ACY02013_Pseudomonas_sp._dimethylsulfoniopropionate_Pseudomonas_sp._J465_2_3_dihydroxybenzoate,BAC87906.1_Acinetobacter_baumannii_aryl.and.biaryl.derivatives_aryl_ARYL,56.522,529,229,1,3,530,5,533,0.0,625,72.02
ACY02013_Pseudomonas_sp._dimethylsulfoniopropionate_Pseudomonas_sp._J465_2_3_dihydroxybenzoate,ACR11042.1_Teredinibacter_turnerae_aryl.and.biaryl.derivatives_aryl_ARYL,56.767,532,225,3,2,533,9,535,0.0,614,71.43
ACY02013_Pseudomonas_sp._dimethylsulfoniopropionate_Pseudomonas_sp._J465_2_3_dihydroxybenzoate,a0745,60.355,507,195,5,27,531,4,506,0.0,597,73.57
ACY02013_Pseudomonas_sp._dimethylsulfoniopropionate_Pseudomonas_sp._J465_2_3_dihydroxybenzoate,a0746,60.118,509,197,4,27,533,4,508,0.0,591,71.51
ACY02013_Pseudomonas_sp._dimethylsulfoniopropionate_Pseudomonas_sp._J465_2_3_dihydroxybenzoate,ABS75234.1_Bacillus_amyloliquefaciens_aryl.and.biaryl.derivatives_aryl_ARYL,50.469,533,259,3,3,534,2,530,1.29e-180,516,65.10
ACY02013_Pseudomonas_sp._dimethylsulfoniopropionate_Pseudomonas_sp._J465_2_3_dihydroxybenzoate,AAG31128.1_Stigmatella_aurantiaca_aryl.and.biaryl.derivatives_aryl_ARYL,50.654,535,258,4,2,534,11,541,2.14e-180,515,65.05
ACY02013_Pseudomonas_sp._dimethylsulfoniopropionate_Pseudomonas_sp._J465_2_3_dihydroxybenzoate,CAB15188.1_Bacillus_subtilis_aryl.and.biaryl.derivatives_aryl_ARYL,50.093,537,259,3,6,539,5,535,2.32e-180,515,63.31
ACY02013_Pseudomonas_sp._dimethylsulfoniopropionate_Pseudomonas_sp._J465_2_3_dihydroxybenzoate,NP_230421.1_Vibrio_cholerae_aryl.and.biaryl.derivatives_aryl_ARYL,50.094,533,258,5,6,533,5,534,8.70e-180,514,66.04
6AAA_Amydetes_vivianii_luciferin,Q5UFR2_9COLE_Lampyris_turkestanicus_luciferin_luciferin_LUCIFERASE,86.372,543,73,1,6,547,5,547,0.0,978,93.00
6AAA_Amydetes_vivianii_luciferin,ACF61063.1_Pyrocoelia_pygidialis_luciferin_luciferin_LUCIFERASE,85.401,548,79,1,1,547,1,548,0.0,977,92.34
6AAA_Amydetes_vivianii_luciferin,CAA61668.1_Lampyris_noctiluca_luciferin_luciferin_LUCIFERASE,86.188,543,74,1,6,547,5,547,0.0,976,92.82
6AAA_Amydetes_vivianii_luciferin,BAW87786.1_Pyrocoelia_atripennis_luciferin_luciferin_LUCIFERASE,84.854,548,82,1,1,547,1,548,0.0,973,92.34
6AAA_Amydetes_vivianii_luciferin,ABM21578.1_Pyrocoelia_pectoralis_luciferin_luciferin_LUCIFERASE,84.672,548,83,1,1,547,1,548,0.0,972,92.15
6AAA_Amydetes_vivianii_luciferin,AAV32457.1_Cratomorphus_distinctus_luciferin_luciferin_LUCIFERASE,85.321,545,79,1,4,547,3,547,0.0,971,93.03
6AAA_Amydetes_vivianii_luciferin,BAV92785.1_Pyrocoelia_sp._luciferin_luciferin_LUCIFERASE,84.124,548,86,1,1,547,1,548,0.0,968,91.97
6AAA_Amydetes_vivianii_luciferin,ABD66580.1_Diaphanes_pectinealis_luciferin_luciferin_LUCIFERASE,84.220,545,85,1,4,547,3,547,0.0,967,92.66
6AAA_Amydetes_vivianii_luciferin,AAG45439.1_Pyrocoelia_rufa_luciferin_luciferin_LUCIFERASE,83.394,548,90,1,1,547,1,548,0.0,949,90.88
6AAA_Amydetes_vivianii_luciferin,BAJ07977.1_Lucidina_biplagiata_luciferin_luciferin_LUCIFERASE,82.537,544,94,1,4,546,3,546,0.0,941,91.54
AKA54630.1_Streptomyces_sp._CNQ431_3_formidosalicylate_,AKA54630.1_Streptomyces_sp._cinnamate.and.succinylbenzoate.derivatives_aryl_ARYL,100.000,428,0,0,1,428,1,428,0.0,860,100.00
AKA54630.1_Streptomyces_sp._CNQ431_3_formidosalicylate_,WP_010639243.1_Streptomyces_sp._cinnamate.and.succinylbenzoate.derivatives_aryl_ARYL,97.424,427,11,0,1,427,65,491,0.0,837,98.59
AKA54630.1_Streptomyces_sp._CNQ431_3_formidosalicylate_,AWX24488.1_Streptomyces_conglobatus_aryl.and.biaryl.derivatives_aryl_ARYL,71.132,433,118,2,1,428,65,495,0.0,614,79.91
AKA54630.1_Streptomyces_sp._CNQ431_3_formidosalicylate_,ATY12791.1_Amycolatopsis_sp._C12.through.C17_longchain_LACS,36.629,445,251,8,5,427,75,510,5.90e-80,253,51.69
AKA54630.1_Streptomyces_sp._CNQ431_3_formidosalicylate_,ATY72527.1_Streptomyces_thioluteus_C2.through.C5_shortchain_OTHER,36.136,440,261,9,2,427,85,518,2.21e-75,241,52.05
AKA54630.1_Streptomyces_sp._CNQ431_3_formidosalicylate_,L7Z9J1_LONJA_Lonicera_japonica_cinnamate.and.succinylbenzoate.derivatives_aryl_ARYL,35.945,434,258,11,4,427,105,528,2.29e-70,228,53.69
AKA54630.1_Streptomyces_sp._CNQ431_3_formidosalicylate_,CAH10130.1_Streptomyces_sp._cinnamate.and.succinylbenzoate.derivatives_aryl_ARYL,37.558,434,257,8,1,427,75,501,4.45e-70,227,51.15
AKA54630.1_Streptomyces_sp._CNQ431_3_formidosalicylate_,Q6ND88_RHOPA_Rhodopseudomonas_palustris_C2.through.C5_shortchain_SACS,34.091,440,260,11,4,427,70,495,6.49e-65,213,52.05
AKA54630.1_Streptomyces_sp._CNQ431_3_formidosalicylate_,O07411_MYCTU_Mycobacterium_tuberculosis_C12.through.C17_longchain_LACS,34.354,457,250,14,1,427,90,526,1.85e-64,213,51.42
AKA54630.1_Streptomyces_sp._CNQ431_3_formidosalicylate_,4CLL7_ARATH_Arabidopsis_thaliana_C6.through.C11_mediumchain_MACS,33.184,446,270,12,4,426,96,536,3.68e-64,212,52.02
AIS24844_Streptomyces_netropsis_4_acetamidopyrrole_2_carboxylate_Streptomyces_netropsis_4_acetamidopyrrole_2_carboxylate,AIS24844.1_Streptomyces_netropsis_unknown.other_other_OTHER,100.000,523,0,0,1,523,1,523,0.0,1028,100.00
AIS24844_Streptomyces_netropsis_4_acetamidopyrrole_2_carboxylate_Streptomyces_netropsis_4_acetamidopyrrole_2_carboxylate,AAF81733.1_Streptomyces_maritimus_cinnamate.and.succinylbenzoate.derivatives_aryl_ARYL,31.936,501,308,9,24,507,22,506,4.56e-57,195,45.31
AIS24844_Streptomyces_netropsis_4_acetamidopyrrole_2_carboxylate_Streptomyces_netropsis_4_acetamidopyrrole_2_carboxylate,J7FPQ8_COFAR_Coffea_arabica_cinnamate.and.succinylbenzoate.derivatives_aryl_ARYL,30.077,522,330,12,10,509,5,513,1.83e-53,186,44.44
AIS24844_Streptomyces_netropsis_4_acetamidopyrrole_2_carboxylate_Streptomyces_netropsis_4_acetamidopyrrole_2_carboxylate,AGY30675.1_Streptomyces_calvus_amino.acid_aminoacid_NRPS,30.930,527,331,12,10,520,4,513,1.66e-52,182,45.35
AIS24844_Streptomyces_netropsis_4_acetamidopyrrole_2_carboxylate_Streptomyces_netropsis_4_acetamidopyrrole_2_carboxylate,AAX98210.1_Streptomyces_aizunensis_amino.acid_aminoacid_NRPS,33.074,514,314,12,10,508,4,502,2.64e-51,179,45.53
AIS24844_Streptomyces_netropsis_4_acetamidopyrrole_2_carboxylate_Streptomyces_netropsis_4_acetamidopyrrole_2_carboxylate,BCLA_THAAR_Thauera_aromatica_aryl.and.biaryl.derivatives_aryl_ARYL,36.338,355,204,10,161,504,178,521,1.63e-49,175,47.89
AIS24844_Streptomyces_netropsis_4_acetamidopyrrole_2_carboxylate_Streptomyces_netropsis_4_acetamidopyrrole_2_carboxylate,MENE_BACSU_Bacillus_subtilis_cinnamate.and.succinylbenzoate.derivatives_aryl_ARYL,29.630,513,319,15,5,510,3,480,2.73e-47,168,43.47
AIS24844_Streptomyces_netropsis_4_acetamidopyrrole_2_carboxylate_Streptomyces_netropsis_4_acetamidopyrrole_2_carboxylate,ADI58632.1_Streptomyces_nodosus_C6.through.C11_mediumchain_MACS,31.835,556,310,15,8,513,439,975,5.27e-47,172,44.24
AIS24844_Streptomyces_netropsis_4_acetamidopyrrole_2_carboxylate_Streptomyces_netropsis_4_acetamidopyrrole_2_carboxylate,ADC79613.1_Streptomyces_lohii_amino.acid_aminoacid_NRPS,30.561,517,323,10,10,504,4,506,2.18e-46,166,44.29
AIS24844_Streptomyces_netropsis_4_acetamidopyrrole_2_carboxylate_Streptomyces_netropsis_4_acetamidopyrrole_2_carboxylate,4CLLA_ARATH_Arabidopsis_thaliana_C2.through.C5_shortchain_SACS,29.735,528,329,14,10,514,5,513,9.71e-46,164,44.51
BGC0000971_Cinnabaramide_CBW54660_1_longchain_HOLDOUTTEST_Streptomyces_cinnabarigriseus_octanoate__hexanoate,BAK64635.1_Streptomyces_sp._C6.through.C11_mediumchain_MACS,61.661,566,208,6,14,578,12,569,0.0,615,73.67
BGC0000971_Cinnabaramide_CBW54660_1_longchain_HOLDOUTTEST_Streptomyces_cinnabarigriseus_octanoate__hexanoate,AQA28568.1_Nostoc_sp._C6.through.C11_mediumchain_FAAL,43.058,569,317,3,12,580,15,576,2.49e-162,474,59.05
BGC0000971_Cinnabaramide_CBW54660_1_longchain_HOLDOUTTEST_Streptomyces_cinnabarigriseus_octanoate__hexanoate,AQX77690.1_Nodularia_sp._C6.through.C11_mediumchain_FAAL,42.929,594,327,5,3,588,6,595,2.56e-158,464,59.43
BGC0000971_Cinnabaramide_CBW54660_1_longchain_HOLDOUTTEST_Streptomyces_cinnabarigriseus_octanoate__hexanoate,AKL71641.1_Nostoc_sp._C6.through.C11_mediumchain_FAAL,40.722,582,334,4,1,580,8,580,1.67e-157,464,57.39
BGC0000971_Cinnabaramide_CBW54660_1_longchain_HOLDOUTTEST_Streptomyces_cinnabarigriseus_octanoate__hexanoate,AIW82280.1_Cylindrospermum_alatosporum_C12.through.C17_longchain_FAAL,42.314,579,321,6,7,583,26,593,1.36e-156,458,58.38
BGC0000971_Cinnabaramide_CBW54660_1_longchain_HOLDOUTTEST_Streptomyces_cinnabarigriseus_octanoate__hexanoate,AMB48444.1_Nostoc_sp._C6.through.C11_mediumchain_FAAL,40.657,578,315,9,14,580,10,570,2.27e-152,448,58.13
BGC0000971_Cinnabaramide_CBW54660_1_longchain_HOLDOUTTEST_Streptomyces_cinnabarigriseus_octanoate__hexanoate,AHH34187.1_Moorea_bouillonii_C12.through.C17_longchain_FAAL,40.992,605,313,6,12,581,28,623,4.07e-151,452,56.53
BGC0000971_Cinnabaramide_CBW54660_1_longchain_HOLDOUTTEST_Streptomyces_cinnabarigriseus_octanoate__hexanoate,AHH34188.1_Moorea_producens_C12.through.C17_longchain_FAAL,41.098,601,318,6,12,581,28,623,1.04e-149,448,56.91
BGC0000971_Cinnabaramide_CBW54660_1_longchain_HOLDOUTTEST_Streptomyces_cinnabarigriseus_octanoate__hexanoate,AAS98774.1_Lyngbya_majuscula_C6.through.C11_mediumchain_FAAL,42.388,578,316,8,11,580,5,573,1.18e-148,438,58.13
BGC0000971_Cinnabaramide_CBW54660_1_longchain_HOLDOUTTEST_Streptomyces_cinnabarigriseus_octanoate__hexanoate,AFV96135.1_Cylindrospermum_licheniforme_C6.through.C11_mediumchain_FAAL,40.104,576,323,7,13,580,9,570,1.38e-147,436,57.81
BGC0000466_yatakemycin_ADZ13551_1_aryl_HOLDOUTTEST_Streptomyces_sp._TP_A2060_5_hydroxy_6_methoxy_1H_indole_2_carboxylic_acid,WP_030684664.1_Streptomyces_sp._aryl.and.biaryl.derivatives_aryl_ARYL,35.258,329,206,6,10,332,47,374,1.92e-44,157,49.24
BGC0000466_yatakemycin_ADZ13551_1_aryl_HOLDOUTTEST_Streptomyces_sp._TP_A2060_5_hydroxy_6_methoxy_1H_indole_2_carboxylic_acid,A6L0Y5_BACV8_Bacteroides_vulgatus_aryl.and.biaryl.derivatives_aryl_ARYL,27.729,339,231,9,9,338,20,353,2.16e-25,103,42.48
BGC0000466_yatakemycin_ADZ13551_1_aryl_HOLDOUTTEST_Streptomyces_sp._TP_A2060_5_hydroxy_6_methoxy_1H_indole_2_carboxylic_acid,PAAK_AZOEV_Azoarcus_evansii_aryl.and.biaryl.derivatives_aryl_ARYL,29.110,292,194,6,9,292,27,313,3.73e-24,100,43.15
BGC0000466_yatakemycin_ADZ13551_1_aryl_HOLDOUTTEST_Streptomyces_sp._TP_A2060_5_hydroxy_6_methoxy_1H_indole_2_carboxylic_acid,ALE27502.1_Streptomyces_sp._aryl.and.biaryl.derivatives_aryl_ARYL,32.143,364,223,12,21,376,31,378,1.33e-23,98.6,41.76
BGC0000466_yatakemycin_ADZ13551_1_aryl_HOLDOUTTEST_Streptomyces_sp._TP_A2060_5_hydroxy_6_methoxy_1H_indole_2_carboxylic_acid,B4E7B5_BURCJ_Burkholderia_cenocepacia_aryl.and.biaryl.derivatives_aryl_ARYL,28.082,292,197,6,9,292,23,309,4.48e-23,97.1,41.78
BGC0000466_yatakemycin_ADZ13551_1_aryl_HOLDOUTTEST_Streptomyces_sp._TP_A2060_5_hydroxy_6_methoxy_1H_indole_2_carboxylic_acid,Q8AAN6_BACTN_Bacteroides_thetaiotaomicron_aryl.and.biaryl.derivatives_aryl_ARYL,26.012,346,239,11,9,343,23,362,4.58e-23,97.1,41.91
BGC0000466_yatakemycin_ADZ13551_1_aryl_HOLDOUTTEST_Streptomyces_sp._TP_A2060_5_hydroxy_6_methoxy_1H_indole_2_carboxylic_acid,B4EL89_BURCJ_Burkholderia_cenocepacia_aryl.and.biaryl.derivatives_aryl_ARYL,27.740,292,198,5,9,292,27,313,3.39e-22,94.4,41.10
BGC0000466_yatakemycin_ADZ13551_1_aryl_HOLDOUTTEST_Streptomyces_sp._TP_A2060_5_hydroxy_6_methoxy_1H_indole_2_carboxylic_acid,PAAK_THET2_Thermus_thermophilus_aryl.and.biaryl.derivatives_aryl_ARYL,29.967,307,184,8,10,298,21,314,8.27e-22,93.2,39.74
BGC0000466_yatakemycin_ADZ13551_1_aryl_HOLDOUTTEST_Streptomyces_sp._TP_A2060_5_hydroxy_6_methoxy_1H_indole_2_carboxylic_acid,PAAK_PSEPU_Pseudomonas_putida_aryl.and.biaryl.derivatives_aryl_ARYL,27.304,293,198,7,9,292,28,314,1.95e-20,89.4,41.30
BGC0000466_yatakemycin_ADZ13551_1_aryl_HOLDOUTTEST_Streptomyces_sp._TP_A2060_5_hydroxy_6_methoxy_1H_indole_2_carboxylic_acid,CBW54662.1_Streptomyces_sp._aryl.and.biaryl.derivatives_aryl_ARYL,31.268,339,210,13,11,332,17,349,1.31e-18,83.6,43.66
BGC0000834_novobiocin_AAF67505_1_aryl_HOLDOUTTEST_Streptomyces_niveus_3_dimethylallyl_4_hydroxybenzoic_acid,CAI94706.1_Streptomyces_achromogenes_cinnamate.and.succinylbenzoate.derivatives_aryl_ARYL,35.260,519,319,6,10,517,7,519,7.11e-76,245,50.87
BGC0000834_novobiocin_AAF67505_1_aryl_HOLDOUTTEST_Streptomyces_niveus_3_dimethylallyl_4_hydroxybenzoic_acid,O06417_MYCTU_Mycobacterium_tuberculosis_C12.through.C17_longchain_LACS,31.407,519,316,14,25,518,64,567,1.09e-51,182,46.82
BGC0000834_novobiocin_AAF67505_1_aryl_HOLDOUTTEST_Streptomyces_niveus_3_dimethylallyl_4_hydroxybenzoic_acid,AKA54630.1_Streptomyces_sp._cinnamate.and.succinylbenzoate.derivatives_aryl_ARYL,36.389,360,213,6,164,510,71,427,5.69e-47,166,48.06
BGC0000834_novobiocin_AAF67505_1_aryl_HOLDOUTTEST_Streptomyces_niveus_3_dimethylallyl_4_hydroxybenzoic_acid,WP_010639243.1_Streptomyces_sp._cinnamate.and.succinylbenzoate.derivatives_aryl_ARYL,36.141,368,217,8,158,510,127,491,1.55e-44,160,47.83
BGC0000834_novobiocin_AAF67505_1_aryl_HOLDOUTTEST_Streptomyces_niveus_3_dimethylallyl_4_hydroxybenzoic_acid,AWX24488.1_Streptomyces_conglobatus_aryl.and.biaryl.derivatives_aryl_ARYL,35.165,364,223,7,157,510,134,494,1.44e-42,155,46.43
BGC0000834_novobiocin_AAF67505_1_aryl_HOLDOUTTEST_Streptomyces_niveus_3_dimethylallyl_4_hydroxybenzoic_acid,I6Y0X0_MYCTU_Mycobacterium_tuberculosis_C12.through.C17_longchain_LACS,30.237,506,304,13,38,515,57,541,2.50e-41,152,42.69
BGC0000834_novobiocin_AAF67505_1_aryl_HOLDOUTTEST_Streptomyces_niveus_3_dimethylallyl_4_hydroxybenzoic_acid,XP_021912915.1_Zootermopsis_nevadensis_luciferin_luciferin_LUCIFERASE,30.836,347,224,8,175,511,209,549,5.47e-40,149,48.13
BGC0000834_novobiocin_AAF67505_1_aryl_HOLDOUTTEST_Streptomyces_niveus_3_dimethylallyl_4_hydroxybenzoic_acid,ATY72527.1_Streptomyces_thioluteus_C2.through.C5_shortchain_OTHER,29.551,423,262,8,110,511,112,519,6.11e-39,145,42.55
BGC0000834_novobiocin_AAF67505_1_aryl_HOLDOUTTEST_Streptomyces_niveus_3_dimethylallyl_4_hydroxybenzoic_acid,A0A291FH95_GLELI_Glehnia_littoralis_cinnamate.and.succinylbenzoate.derivatives_aryl_ARYL,26.984,504,336,14,32,517,52,541,1.18e-38,145,45.83
BGC0000834_novobiocin_AAF67505_1_aryl_HOLDOUTTEST_Streptomyces_niveus_3_dimethylallyl_4_hydroxybenzoic_acid,4CL2_ARATH_Arabidopsis_thaliana_cinnamate.and.succinylbenzoate.derivatives_aryl_ARYL,25.709,529,355,13,5,510,34,547,5.02e-38,143,43.86
ATY72527_Streptomyces_thioluteus_1_carboxy_2_cyanopropane_Streptomyces_thioluteus_1_carboxy_2_cyanopropane,ATY72527.1_Streptomyces_thioluteus_C2.through.C5_shortchain_OTHER,100.000,530,0,0,1,530,1,530,0.0,1076,100.00
ATY72527_Streptomyces_thioluteus_1_carboxy_2_cyanopropane_Streptomyces_thioluteus_1_carboxy_2_cyanopropane,ATY12791.1_Amycolatopsis_sp._C12.through.C17_longchain_LACS,58.621,522,211,2,14,530,1,522,0.0,609,71.07
ATY72527_Streptomyces_thioluteus_1_carboxy_2_cyanopropane_Streptomyces_thioluteus_1_carboxy_2_cyanopropane,FAC13_MYCTU_Mycobacterium_tuberculosis_C12.through.C17_longchain_LACS,37.200,500,290,8,27,521,17,497,1.78e-87,275,50.60
ATY72527_Streptomyces_thioluteus_1_carboxy_2_cyanopropane_Streptomyces_thioluteus_1_carboxy_2_cyanopropane,AWX24488.1_Streptomyces_conglobatus_aryl.and.biaryl.derivatives_aryl_ARYL,37.728,493,286,10,34,518,15,494,1.54e-85,270,51.32
ATY72527_Streptomyces_thioluteus_1_carboxy_2_cyanopropane_Streptomyces_thioluteus_1_carboxy_2_cyanopropane,CAH10130.1_Streptomyces_sp._cinnamate.and.succinylbenzoate.derivatives_aryl_ARYL,35.516,504,309,7,29,528,20,511,4.53e-84,266,49.40
ATY72527_Streptomyces_thioluteus_1_carboxy_2_cyanopropane_Streptomyces_thioluteus_1_carboxy_2_cyanopropane,WP_010639243.1_Streptomyces_sp._cinnamate.and.succinylbenzoate.derivatives_aryl_ARYL,34.524,504,308,9,22,518,3,491,1.93e-82,261,50.60
ATY72527_Streptomyces_thioluteus_1_carboxy_2_cyanopropane_Streptomyces_thioluteus_1_carboxy_2_cyanopropane,O07411_MYCTU_Mycobacterium_tuberculosis_C12.through.C17_longchain_LACS,32.948,519,326,10,15,521,21,529,6.99e-80,257,48.17
ATY72527_Streptomyces_thioluteus_1_carboxy_2_cyanopropane_Streptomyces_thioluteus_1_carboxy_2_cyanopropane,AKA54630.1_Streptomyces_sp._cinnamate.and.succinylbenzoate.derivatives_aryl_ARYL,36.136,440,261,9,85,518,2,427,2.95e-75,241,52.05
ATY72527_Streptomyces_thioluteus_1_carboxy_2_cyanopropane_Streptomyces_thioluteus_1_carboxy_2_cyanopropane,AGY30675.1_Streptomyces_calvus_amino.acid_aminoacid_NRPS,35.306,507,301,13,30,521,13,507,4.56e-75,243,50.30
ATY72527_Streptomyces_thioluteus_1_carboxy_2_cyanopropane_Streptomyces_thioluteus_1_carboxy_2_cyanopropane,CAE02600.1_Streptomyces_thioluteus_aryl.and.biaryl.derivatives_aryl_ARYL,33.136,507,302,12,33,530,27,505,8.98e-75,242,48.32
AJT38684_Streptomyces_griseus_unknown.other_Streptomyces_griseus__2S_3R__2_hydroxy_3__1H_indol_3_yl_butanoic_acid,AJT38684.1_Streptomyces_griseus_unknown.other_other_OTHER,100.000,452,0,0,1,452,1,452,0.0,938,100.00
AJT38684_Streptomyces_griseus_unknown.other_Streptomyces_griseus__2S_3R__2_hydroxy_3__1H_indol_3_yl_butanoic_acid,PAAK_THET2_Thermus_thermophilus_aryl.and.biaryl.derivatives_aryl_ARYL,31.214,346,194,15,36,357,8,333,3.65e-32,124,49.71
AJT38684_Streptomyces_griseus_unknown.other_Streptomyces_griseus__2S_3R__2_hydroxy_3__1H_indol_3_yl_butanoic_acid,A6L0Y5_BACV8_Bacteroides_vulgatus_aryl.and.biaryl.derivatives_aryl_ARYL,27.035,344,223,12,28,357,3,332,9.61e-30,117,48.26
AJT38684_Streptomyces_griseus_unknown.other_Streptomyces_griseus__2S_3R__2_hydroxy_3__1H_indol_3_yl_butanoic_acid,Q8AAN6_BACTN_Bacteroides_thetaiotaomicron_aryl.and.biaryl.derivatives_aryl_ARYL,27.114,343,211,13,36,357,11,335,1.99e-28,113,45.19
AJT38684_Streptomyces_griseus_unknown.other_Streptomyces_griseus__2S_3R__2_hydroxy_3__1H_indol_3_yl_butanoic_acid,PAAK_ECOLI_Escherichia_coli_aryl.and.biaryl.derivatives_aryl_ARYL,28.235,340,198,10,42,357,17,334,1.53e-27,110,43.24
AJT38684_Streptomyces_griseus_unknown.other_Streptomyces_griseus__2S_3R__2_hydroxy_3__1H_indol_3_yl_butanoic_acid,B4E7B5_BURCJ_Burkholderia_cenocepacia_aryl.and.biaryl.derivatives_aryl_ARYL,28.657,335,196,9,40,352,15,328,3.22e-27,109,44.48
AJT38684_Streptomyces_griseus_unknown.other_Streptomyces_griseus__2S_3R__2_hydroxy_3__1H_indol_3_yl_butanoic_acid,B4EL89_BURCJ_Burkholderia_cenocepacia_aryl.and.biaryl.derivatives_aryl_ARYL,28.977,352,173,11,40,352,19,332,8.41e-27,108,41.48
AJT38684_Streptomyces_griseus_unknown.other_Streptomyces_griseus__2S_3R__2_hydroxy_3__1H_indol_3_yl_butanoic_acid,PAAK_AZOEV_Azoarcus_evansii_aryl.and.biaryl.derivatives_aryl_ARYL,25.586,469,244,13,40,452,19,438,1.67e-26,107,39.23
AJT38684_Streptomyces_griseus_unknown.other_Streptomyces_griseus__2S_3R__2_hydroxy_3__1H_indol_3_yl_butanoic_acid,PAAK_PSEPU_Pseudomonas_putida_aryl.and.biaryl.derivatives_aryl_ARYL,26.023,342,176,11,55,357,35,338,2.45e-23,98.2,41.23
AJT38684_Streptomyces_griseus_unknown.other_Streptomyces_griseus__2S_3R__2_hydroxy_3__1H_indol_3_yl_butanoic_acid,EYT83440.1_Streptomyces_sp._aryl.and.biaryl.derivatives_aryl_ARYL,30.660,212,123,8,217,419,195,391,3.68e-17,79.7,44.34
6IJB_Ruegeria_lacuscaerulensis_ITI_1157_3_methylmercaptopropionate,DMDB_RUEPO_Ruegeria_pomeroyi_C2.through.C5_shortchain_OTHER,81.633,539,99,0,1,539,1,539,0.0,913,87.38
6IJB_Ruegeria_lacuscaerulensis_ITI_1157_3_methylmercaptopropionate,LCFCS_THET8_Thermus_thermophilus_C12.through.C17_longchain_LACS,44.074,540,285,7,5,539,13,540,1.28e-153,447,60.00
6IJB_Ruegeria_lacuscaerulensis_ITI_1157_3_methylmercaptopropionate,O53406_MYCTU_Mycobacterium_tuberculosis_C6.through.C11_mediumchain_MACS,40.520,538,314,4,1,536,1,534,2.03e-148,434,59.11
6IJB_Ruegeria_lacuscaerulensis_ITI_1157_3_methylmercaptopropionate,CAE02600.1_Streptomyces_thioluteus_aryl.and.biaryl.derivatives_aryl_ARYL,31.200,500,297,9,40,533,38,496,3.53e-74,241,49.80
6IJB_Ruegeria_lacuscaerulensis_ITI_1157_3_methylmercaptopropionate,HBCL2_METS5_Metallosphaera_sedula_C2.through.C5_shortchain_SACS,31.028,506,330,11,38,534,46,541,8.48e-71,233,50.40
6IJB_Ruegeria_lacuscaerulensis_ITI_1157_3_methylmercaptopropionate,AAE11_ARATH_Arabidopsis_thaliana_C2.through.C5_shortchain_SACS,30.153,524,318,14,38,531,38,543,8.92e-69,228,49.81
6IJB_Ruegeria_lacuscaerulensis_ITI_1157_3_methylmercaptopropionate,CAO85890.1_Streptomyces_orinoci_aryl.and.biaryl.derivatives_aryl_ARYL,31.599,538,317,13,3,533,114,607,1.19e-68,229,48.88
6IJB_Ruegeria_lacuscaerulensis_ITI_1157_3_methylmercaptopropionate,A0A0A1EW34_ALBBR_Albuca_bracteata_cinnamate.and.succinylbenzoate.derivatives_aryl_ARYL,30.912,537,349,13,9,534,13,538,1.52e-67,224,48.42
6IJB_Ruegeria_lacuscaerulensis_ITI_1157_3_methylmercaptopropionate,AAE20_ARATH_Arabidopsis_thaliana_aryl.and.biaryl.derivatives_aryl_ARYL,30.483,538,306,16,38,531,38,551,4.44e-67,224,47.96
6IJB_Ruegeria_lacuscaerulensis_ITI_1157_3_methylmercaptopropionate,AEE7_ARATH_Arabidopsis_thaliana_C2.through.C5_shortchain_SACS,31.609,522,320,18,41,535,49,560,3.76e-65,218,49.23
6HDW_Aquincola_tertiaricarbonis_2_hydroxyisobutyric_acid,PAAK_THET2_Thermus_thermophilus_aryl.and.biaryl.derivatives_aryl_ARYL,33.991,456,274,11,23,464,3,445,6.45e-74,237,49.78
6HDW_Aquincola_tertiaricarbonis_2_hydroxyisobutyric_acid,B4E7B5_BURCJ_Burkholderia_cenocepacia_aryl.and.biaryl.derivatives_aryl_ARYL,33.636,440,273,9,28,464,8,431,1.05e-71,231,51.82
6HDW_Aquincola_tertiaricarbonis_2_hydroxyisobutyric_acid,Q8AAN6_BACTN_Bacteroides_thetaiotaomicron_aryl.and.biaryl.derivatives_aryl_ARYL,32.511,446,285,9,20,464,3,433,5.88e-67,218,50.67
6HDW_Aquincola_tertiaricarbonis_2_hydroxyisobutyric_acid,A6L0Y5_BACV8_Bacteroides_vulgatus_aryl.and.biaryl.derivatives_aryl_ARYL,31.320,447,289,11,22,466,2,432,6.51e-67,218,51.90
6HDW_Aquincola_tertiaricarbonis_2_hydroxyisobutyric_acid,B4EL89_BURCJ_Burkholderia_cenocepacia_aryl.and.biaryl.derivatives_aryl_ARYL,33.409,440,274,11,28,464,15,438,2.01e-65,214,49.55
6HDW_Aquincola_tertiaricarbonis_2_hydroxyisobutyric_acid,PAAK_PSEPU_Pseudomonas_putida_aryl.and.biaryl.derivatives_aryl_ARYL,30.986,426,275,9,40,463,28,436,1.02e-59,199,48.59
6HDW_Aquincola_tertiaricarbonis_2_hydroxyisobutyric_acid,PAAK_AZOEV_Azoarcus_evansii_aryl.and.biaryl.derivatives_aryl_ARYL,31.148,427,275,11,40,463,27,437,1.71e-57,193,48.71
6HDW_Aquincola_tertiaricarbonis_2_hydroxyisobutyric_acid,PAAK_ECOLI_Escherichia_coli_aryl.and.biaryl.derivatives_aryl_ARYL,30.425,447,285,12,28,468,11,437,1.10e-55,188,47.43
6HDW_Aquincola_tertiaricarbonis_2_hydroxyisobutyric_acid,CAI47662.1_Streptoalloteichus_hindustanus_aryl.and.biaryl.derivatives_aryl_ARYL,32.759,406,248,15,60,459,49,435,3.70e-42,152,47.54
6HDW_Aquincola_tertiaricarbonis_2_hydroxyisobutyric_acid,ABQ04108.1_Flavobacterium_johnsoniae_cinnamate.and.succinylbenzoate.derivatives_aryl_ARYL,26.087,391,257,12,30,406,2,374,6.90e-34,129,44.25
BGC0001103_mycosubtilin_AAF08801_1_longchain_HOLDOUTTEST_Bacillus_subtilis_subsp._spizizenii_ATCC_6633_myristate,AEW31026.1_Bacillus_subtilis_C2.through.C5_shortchain_SACS,92.896,549,39,0,1,549,1,549,0.0,1077,96.90
BGC0001103_mycosubtilin_AAF08801_1_longchain_HOLDOUTTEST_Bacillus_subtilis_subsp._spizizenii_ATCC_6633_myristate,I6Y0X0_MYCTU_Mycobacterium_tuberculosis_C12.through.C17_longchain_LACS,49.353,541,249,6,4,541,23,541,0.0,528,65.25
BGC0001103_mycosubtilin_AAF08801_1_longchain_HOLDOUTTEST_Bacillus_subtilis_subsp._spizizenii_ATCC_6633_myristate,A0A287AV54_PIG_Sus_scrofa_C12.through.C17_longchain_LACS,40.182,550,281,6,4,545,69,578,1.02e-146,431,57.82
BGC0001103_mycosubtilin_AAF08801_1_longchain_HOLDOUTTEST_Bacillus_subtilis_subsp._spizizenii_ATCC_6633_myristate,F1RT96_PIG_Sus_scrofa_C12.through.C17_longchain_LACS,42.316,475,263,5,4,470,69,540,1.27e-134,401,60.84
BGC0001103_mycosubtilin_AAF08801_1_longchain_HOLDOUTTEST_Bacillus_subtilis_subsp._spizizenii_ATCC_6633_myristate,FAD3_RHOJR_Rhodococcus_jostii_unknown.other_other_OTHER,37.244,537,303,6,7,538,6,513,1.92e-110,335,52.70
BGC0001103_mycosubtilin_AAF08801_1_longchain_HOLDOUTTEST_Bacillus_subtilis_subsp._spizizenii_ATCC_6633_myristate,CAH10130.1_Streptomyces_sp._cinnamate.and.succinylbenzoate.derivatives_aryl_ARYL,34.897,533,302,13,9,538,13,503,1.61e-87,276,50.47
BGC0001103_mycosubtilin_AAF08801_1_longchain_HOLDOUTTEST_Bacillus_subtilis_subsp._spizizenii_ATCC_6633_myristate,FAD3_MYCTU_Mycobacterium_tuberculosis_unknown.other_other_OTHER,32.642,530,326,5,8,537,7,505,4.40e-84,267,48.68
BGC0001103_mycosubtilin_AAF08801_1_longchain_HOLDOUTTEST_Bacillus_subtilis_subsp._spizizenii_ATCC_6633_myristate,FAC13_MYCTU_Mycobacterium_tuberculosis_C12.through.C17_longchain_LACS,32.270,533,320,10,8,538,3,496,5.20e-82,261,51.03
BGC0001103_mycosubtilin_AAF08801_1_longchain_HOLDOUTTEST_Bacillus_subtilis_subsp._spizizenii_ATCC_6633_myristate,FADK_ECOLI_Escherichia_coli_C12.through.C17_longchain_LACS,30.642,545,353,10,7,549,42,563,2.13e-76,248,50.46
BGC0001103_mycosubtilin_AAF08801_1_longchain_HOLDOUTTEST_Bacillus_subtilis_subsp._spizizenii_ATCC_6633_myristate,ABJ90146.1_Streptomyces_ghanaensis_amino.acid_aminoacid_NRPS,32.528,538,326,11,8,538,4,511,8.86e-75,243,47.77
6H1B_Marinactinospora_thermotolerans_1_acetyl_9H_pyrido_3_4_b_indole_3_carboxylic_acid,O06417_MYCTU_Mycobacterium_tuberculosis_C12.through.C17_longchain_LACS,33.198,494,302,9,27,497,74,562,8.23e-71,232,48.79
6H1B_Marinactinospora_thermotolerans_1_acetyl_9H_pyrido_3_4_b_indole_3_carboxylic_acid,CAI94706.1_Streptomyces_achromogenes_cinnamate.and.succinylbenzoate.derivatives_aryl_ARYL,36.364,462,276,8,51,494,54,515,3.48e-68,224,50.22
6H1B_Marinactinospora_thermotolerans_1_acetyl_9H_pyrido_3_4_b_indole_3_carboxylic_acid,WP_010639243.1_Streptomyces_sp._cinnamate.and.succinylbenzoate.derivatives_aryl_ARYL,34.232,482,288,8,26,494,26,491,8.88e-64,212,47.72
6H1B_Marinactinospora_thermotolerans_1_acetyl_9H_pyrido_3_4_b_indole_3_carboxylic_acid,CAH10130.1_Streptomyces_sp._cinnamate.and.succinylbenzoate.derivatives_aryl_ARYL,32.596,497,318,8,8,497,18,504,5.96e-61,205,46.08
6H1B_Marinactinospora_thermotolerans_1_acetyl_9H_pyrido_3_4_b_indole_3_carboxylic_acid,AWX24488.1_Streptomyces_conglobatus_aryl.and.biaryl.derivatives_aryl_ARYL,36.157,484,281,10,26,495,26,495,6.80e-61,204,46.28
6H1B_Marinactinospora_thermotolerans_1_acetyl_9H_pyrido_3_4_b_indole_3_carboxylic_acid,AKA54630.1_Streptomyces_sp._cinnamate.and.succinylbenzoate.derivatives_aryl_ARYL,34.545,440,259,8,69,495,5,428,2.68e-60,201,47.95
6H1B_Marinactinospora_thermotolerans_1_acetyl_9H_pyrido_3_4_b_indole_3_carboxylic_acid,ATY12791.1_Amycolatopsis_sp._C12.through.C17_longchain_LACS,38.244,353,210,5,153,497,161,513,2.32e-59,201,51.56
6H1B_Marinactinospora_thermotolerans_1_acetyl_9H_pyrido_3_4_b_indole_3_carboxylic_acid,AEW31026.1_Bacillus_subtilis_C2.through.C5_shortchain_SACS,28.656,506,317,10,28,494,36,536,9.85e-54,186,43.87
6H1B_Marinactinospora_thermotolerans_1_acetyl_9H_pyrido_3_4_b_indole_3_carboxylic_acid,ABJ90146.1_Streptomyces_ghanaensis_amino.acid_aminoacid_NRPS,32.857,490,304,13,27,497,29,512,1.11e-53,185,45.92
6H1B_Marinactinospora_thermotolerans_1_acetyl_9H_pyrido_3_4_b_indole_3_carboxylic_acid,4CLL5_ARATH_Arabidopsis_thaliana_unknown.other_other_OTHER,30.040,506,319,13,16,495,45,541,5.09e-53,184,46.84
BGC0001884_c1_16731_19034___DAB41914.1_ArzL___PKS__FAAL__ACP__DAB41914.1,AHH34187.1_Moorea_bouillonii_C12.through.C17_longchain_FAAL,54.437,755,284,10,3,723,27,755,0.0,781,68.87
BGC0001884_c1_16731_19034___DAB41914.1_ArzL___PKS__FAAL__ACP__DAB41914.1,AHH34188.1_Moorea_producens_C12.through.C17_longchain_FAAL,53.307,756,295,10,1,723,25,755,0.0,761,67.99
BGC0001884_c1_16731_19034___DAB41914.1_ArzL___PKS__FAAL__ACP__DAB41914.1,AQX77690.1_Nodularia_sp._C6.through.C11_mediumchain_FAAL,59.330,627,235,5,1,614,12,631,0.0,754,74.32
BGC0001884_c1_16731_19034___DAB41914.1_ArzL___PKS__FAAL__ACP__DAB41914.1,AIW82280.1_Cylindrospermum_alatosporum_C12.through.C17_longchain_FAAL,60.638,564,221,1,4,567,29,591,0.0,733,79.08
BGC0001884_c1_16731_19034___DAB41914.1_ArzL___PKS__FAAL__ACP__DAB41914.1,AQA28568.1_Nostoc_sp._C6.through.C11_mediumchain_FAAL,58.054,596,248,2,3,597,14,608,0.0,724,75.50
BGC0001884_c1_16731_19034___DAB41914.1_ArzL___PKS__FAAL__ACP__DAB41914.1,AMB48444.1_Nostoc_sp._C6.through.C11_mediumchain_FAAL,56.566,594,247,7,5,592,9,597,0.0,690,75.25
BGC0001884_c1_16731_19034___DAB41914.1_ArzL___PKS__FAAL__ACP__DAB41914.1,AKL71641.1_Nostoc_sp._C6.through.C11_mediumchain_FAAL,49.054,687,329,4,4,690,19,684,0.0,686,67.25
BGC0001884_c1_16731_19034___DAB41914.1_ArzL___PKS__FAAL__ACP__DAB41914.1,AFV96135.1_Cylindrospermum_licheniforme_C6.through.C11_mediumchain_FAAL,55.649,593,252,7,6,592,10,597,0.0,668,74.37
BGC0001884_c1_16731_19034___DAB41914.1_ArzL___PKS__FAAL__ACP__DAB41914.1,AAS98774.1_Lyngbya_majuscula_C6.through.C11_mediumchain_FAAL,52.456,570,266,4,3,567,5,574,0.0,600,71.23
BGC0001884_c1_16731_19034___DAB41914.1_ArzL___PKS__FAAL__ACP__DAB41914.1,AAY42393.1_Lyngbya_majuscula_C6.through.C11_mediumchain_MACS,47.297,592,308,3,3,590,6,597,0.0,598,70.78
BGC0001890_c1_20109_21728___VIBHAR_01399_hypothetical_protein_ABU70375.1,NP_230421.1_Vibrio_cholerae_aryl.and.biaryl.derivatives_aryl_ARYL,59.735,529,210,3,9,535,3,530,0.0,639,73.72
BGC0001890_c1_20109_21728___VIBHAR_01399_hypothetical_protein_ABU70375.1,AAO07759.1_Vibrio_vulnificus_aryl.and.biaryl.derivatives_aryl_ARYL,55.827,532,231,4,9,537,6,536,0.0,608,71.24
BGC0001890_c1_20109_21728___VIBHAR_01399_hypothetical_protein_ABU70375.1,a0679,59.481,501,200,3,37,535,5,504,0.0,597,73.65
BGC0001890_c1_20109_21728___VIBHAR_01399_hypothetical_protein_ABU70375.1,CAJ45636.1_Vibrio_anguillarum_aryl.and.biaryl.derivatives_aryl_ARYL,55.576,538,229,6,4,535,2,535,0.0,589,69.70
BGC0001890_c1_20109_21728___VIBHAR_01399_hypothetical_protein_ABU70375.1,ABS75234.1_Bacillus_amyloliquefaciens_aryl.and.biaryl.derivatives_aryl_ARYL,54.135,532,238,3,9,539,3,529,0.0,583,69.36
BGC0001890_c1_20109_21728___VIBHAR_01399_hypothetical_protein_ABU70375.1,CAB15188.1_Bacillus_subtilis_aryl.and.biaryl.derivatives_aryl_ARYL,53.571,532,241,3,9,539,3,529,0.0,583,70.11
BGC0001890_c1_20109_21728___VIBHAR_01399_hypothetical_protein_ABU70375.1,AAG31128.1_Stigmatella_aurantiaca_aryl.and.biaryl.derivatives_aryl_ARYL,54.820,529,233,3,10,537,15,538,0.0,581,68.43
BGC0001890_c1_20109_21728___VIBHAR_01399_hypothetical_protein_ABU70375.1,CBA63660.1_Streptomyces_sp._aryl.and.biaryl.derivatives_aryl_ARYL,53.663,546,222,8,6,535,1,531,0.0,570,68.32
BGC0001890_c1_20109_21728___VIBHAR_01399_hypothetical_protein_ABU70375.1,a0093,53.529,510,231,3,31,539,3,507,0.0,554,70.39
BGC0001890_c1_20109_21728___VIBHAR_01399_hypothetical_protein_ABU70375.1,AEI70243.1_Paenibacillus_elgii_aryl.and.biaryl.derivatives_aryl_ARYL,52.612,536,247,4,6,539,1,531,0.0,553,68.10
BGC0001918_c1_22723_24201___BBD17745.1_AMP_ligase_BBD17745.1,AWX24488.1_Streptomyces_conglobatus_aryl.and.biaryl.derivatives_aryl_ARYL,79.150,494,100,2,1,491,1,494,0.0,785,86.23
BGC0001918_c1_22723_24201___BBD17745.1_AMP_ligase_BBD17745.1,WP_010639243.1_Streptomyces_sp._cinnamate.and.succinylbenzoate.derivatives_aryl_ARYL,73.279,494,128,2,1,492,1,492,0.0,738,83.60
BGC0001918_c1_22723_24201___BBD17745.1_AMP_ligase_BBD17745.1,AKA54630.1_Streptomyces_sp._cinnamate.and.succinylbenzoate.derivatives_aryl_ARYL,72.028,429,116,2,65,491,1,427,0.0,635,83.22
BGC0001918_c1_22723_24201___BBD17745.1_AMP_ligase_BBD17745.1,CAH10130.1_Streptomyces_sp._cinnamate.and.succinylbenzoate.derivatives_aryl_ARYL,39.271,494,278,9,9,491,19,501,1.88e-91,285,53.44
BGC0001918_c1_22723_24201___BBD17745.1_AMP_ligase_BBD17745.1,ATY72527.1_Streptomyces_thioluteus_C2.through.C5_shortchain_OTHER,36.111,504,303,7,3,491,19,518,2.24e-85,269,51.19
BGC0001918_c1_22723_24201___BBD17745.1_AMP_ligase_BBD17745.1,ATY12791.1_Amycolatopsis_sp._C12.through.C17_longchain_LACS,37.200,500,290,8,9,491,18,510,2.06e-84,266,52.20
BGC0001918_c1_22723_24201___BBD17745.1_AMP_ligase_BBD17745.1,O07411_MYCTU_Mycobacterium_tuberculosis_C12.through.C17_longchain_LACS,35.827,508,299,13,2,491,28,526,2.88e-83,264,52.95
BGC0001918_c1_22723_24201___BBD17745.1_AMP_ligase_BBD17745.1,AIL50189.1_Streptomyces_aureus_amino.acid_aminoacid_NRPS,37.778,495,277,12,15,490,17,499,7.26e-77,246,50.71
BGC0001918_c1_22723_24201___BBD17745.1_AMP_ligase_BBD17745.1,H2BER4_SOYBN_Glycine_max_cinnamate.and.succinylbenzoate.derivatives_aryl_ARYL,34.269,499,300,14,14,490,40,532,1.61e-76,246,53.51
BGC0001918_c1_22723_24201___BBD17745.1_AMP_ligase_BBD17745.1,4CLL1_ORYSJ_Oryza_sativa_cinnamate.and.succinylbenzoate.derivatives_aryl_ARYL,34.631,488,292,10,28,492,62,545,2.35e-76,246,53.28
BGC0001919_c1_30513_32000___BBD17766.1_AMP_ligase_BBD17766.1,AWX24488.1_Streptomyces_conglobatus_aryl.and.biaryl.derivatives_aryl_ARYL,79.276,497,97,3,1,494,1,494,0.0,772,84.91
BGC0001919_c1_30513_32000___BBD17766.1_AMP_ligase_BBD17766.1,WP_010639243.1_Streptomyces_sp._cinnamate.and.succinylbenzoate.derivatives_aryl_ARYL,72.691,498,127,4,1,495,1,492,0.0,723,81.73
BGC0001919_c1_30513_32000___BBD17766.1_AMP_ligase_BBD17766.1,AKA54630.1_Streptomyces_sp._cinnamate.and.succinylbenzoate.derivatives_aryl_ARYL,71.363,433,115,4,65,494,1,427,0.0,615,80.37
BGC0001919_c1_30513_32000___BBD17766.1_AMP_ligase_BBD17766.1,ATY12791.1_Amycolatopsis_sp._C12.through.C17_longchain_LACS,37.302,504,287,8,9,494,18,510,3.22e-88,276,51.98
BGC0001919_c1_30513_32000___BBD17766.1_AMP_ligase_BBD17766.1,ATY72527.1_Streptomyces_thioluteus_C2.through.C5_shortchain_OTHER,37.376,503,298,8,3,494,22,518,4.61e-87,274,51.09
BGC0001919_c1_30513_32000___BBD17766.1_AMP_ligase_BBD17766.1,CAH10130.1_Streptomyces_sp._cinnamate.and.succinylbenzoate.derivatives_aryl_ARYL,38.277,499,279,10,9,494,19,501,4.94e-87,273,51.70
BGC0001919_c1_30513_32000___BBD17766.1_AMP_ligase_BBD17766.1,O07411_MYCTU_Mycobacterium_tuberculosis_C12.through.C17_longchain_LACS,35.882,510,299,12,2,494,28,526,1.10e-81,260,52.16
BGC0001919_c1_30513_32000___BBD17766.1_AMP_ligase_BBD17766.1,L7Z9J1_LONJA_Lonicera_japonica_cinnamate.and.succinylbenzoate.derivatives_aryl_ARYL,34.146,492,302,14,14,494,48,528,3.07e-79,253,54.67
BGC0001919_c1_30513_32000___BBD17766.1_AMP_ligase_BBD17766.1,A0A291FH95_GLELI_Glehnia_littoralis_cinnamate.and.succinylbenzoate.derivatives_aryl_ARYL,30.577,520,324,11,1,493,27,536,6.67e-76,245,50.96
BGC0001919_c1_30513_32000___BBD17766.1_AMP_ligase_BBD17766.1,BAQ25863.1_Cryptalaus_berus_luciferin_luciferin_LUCIFERASE,32.806,506,298,15,19,494,39,532,9.26e-75,242,51.38
BGC0001940_c1_11410_13497___AXM42922.1_AMP_dependent_synthetase_and_ligase/heterocyclase_AXM42922.1,AHD25943.1_Amycolatopsis_sulphurea_C2.through.C5_shortchain_SACS,36.207,522,317,8,176,691,28,539,2.56e-79,262,50.38
BGC0001940_c1_11410_13497___AXM42922.1_AMP_dependent_synthetase_and_ligase/heterocyclase_AXM42922.1,4CL5_ORYSJ_Oryza_sativa_cinnamate.and.succinylbenzoate.derivatives_aryl_ARYL,38.153,498,274,13,200,677,48,531,7.52e-76,250,53.82
BGC0001940_c1_11410_13497___AXM42922.1_AMP_dependent_synthetase_and_ligase/heterocyclase_AXM42922.1,A0A0B4L7M5_9MONI_Dryopteris_fragrans_cinnamate.and.succinylbenzoate.derivatives_aryl_ARYL,35.524,487,285,14,223,690,88,564,5.79e-74,246,53.39
BGC0001940_c1_11410_13497___AXM42922.1_AMP_dependent_synthetase_and_ligase/heterocyclase_AXM42922.1,O30147_ARCFU_Archaeoglobus_fulgidus_C12.through.C17_longchain_LACS,32.480,508,301,14,202,682,50,542,3.61e-73,243,52.17
BGC0001940_c1_11410_13497___AXM42922.1_AMP_dependent_synthetase_and_ligase/heterocyclase_AXM42922.1,A0A0K0K9L1_ISATI_Isatis_tinctoria_cinnamate.and.succinylbenzoate.derivatives_aryl_ARYL,34.511,481,278,15,224,679,91,559,1.01e-71,239,54.89
BGC0001940_c1_11410_13497___AXM42922.1_AMP_dependent_synthetase_and_ligase/heterocyclase_AXM42922.1,A0A142D8E0_9CARY_Silene_littorea_cinnamate.and.succinylbenzoate.derivatives_aryl_ARYL,33.888,481,285,12,219,675,83,554,2.69e-71,238,53.43
BGC0001940_c1_11410_13497___AXM42922.1_AMP_dependent_synthetase_and_ligase/heterocyclase_AXM42922.1,4CL2_ARATH_Arabidopsis_thaliana_cinnamate.and.succinylbenzoate.derivatives_aryl_ARYL,33.888,481,276,15,222,675,82,547,5.07e-71,238,54.05
BGC0001940_c1_11410_13497___AXM42922.1_AMP_dependent_synthetase_and_ligase/heterocyclase_AXM42922.1,A0A291FH95_GLELI_Glehnia_littoralis_cinnamate.and.succinylbenzoate.derivatives_aryl_ARYL,29.963,534,343,15,169,679,16,541,2.79e-70,235,50.75
BGC0001940_c1_11410_13497___AXM42922.1_AMP_dependent_synthetase_and_ligase/heterocyclase_AXM42922.1,A0A1L6K4D1_POPTO_Populus_tomentosa_cinnamate.and.succinylbenzoate.derivatives_aryl_ARYL,32.252,493,310,12,200,674,60,546,1.96e-68,231,53.14
BGC0001940_c1_11410_13497___AXM42922.1_AMP_dependent_synthetase_and_ligase/heterocyclase_AXM42922.1,4CLL5_ARATH_Arabidopsis_thaliana_unknown.other_other_OTHER,31.944,504,308,14,200,682,55,544,4.72e-68,229,52.98
BGC0001950_c1_24856_26628___AXN93578.1_PuwC_AXN93578.1,AIW82280.1_Cylindrospermum_alatosporum_C12.through.C17_longchain_FAAL,94.137,597,26,1,1,588,1,597,0.0,1159,95.98
BGC0001950_c1_24856_26628___AXN93578.1_PuwC_AXN93578.1,AQX77690.1_Nodularia_sp._C6.through.C11_mediumchain_FAAL,63.589,574,196,2,20,581,15,587,0.0,761,77.70
BGC0001950_c1_24856_26628___AXN93578.1_PuwC_AXN93578.1,AHH34187.1_Moorea_bouillonii_C12.through.C17_longchain_FAAL,58.626,597,214,2,18,581,26,622,0.0,723,73.37
BGC0001950_c1_24856_26628___AXN93578.1_PuwC_AXN93578.1,AHH34188.1_Moorea_producens_C12.through.C17_longchain_FAAL,58.319,595,215,3,20,581,28,622,0.0,709,72.77
BGC0001950_c1_24856_26628___AXN93578.1_PuwC_AXN93578.1,AKL71641.1_Nostoc_sp._C6.through.C11_mediumchain_FAAL,55.652,575,254,1,8,582,8,581,0.0,697,72.52
BGC0001950_c1_24856_26628___AXN93578.1_PuwC_AXN93578.1,AQA28568.1_Nostoc_sp._C6.through.C11_mediumchain_FAAL,56.966,567,244,0,16,582,11,577,0.0,684,73.19
BGC0001950_c1_24856_26628___AXN93578.1_PuwC_AXN93578.1,AMB48444.1_Nostoc_sp._C6.through.C11_mediumchain_FAAL,57.319,567,233,5,21,582,9,571,0.0,680,74.78
BGC0001950_c1_24856_26628___AXN93578.1_PuwC_AXN93578.1,AFV96135.1_Cylindrospermum_licheniforme_C6.through.C11_mediumchain_FAAL,57.118,569,229,6,22,582,10,571,0.0,656,73.64
BGC0001950_c1_24856_26628___AXN93578.1_PuwC_AXN93578.1,AAS98774.1_Lyngbya_majuscula_C6.through.C11_mediumchain_FAAL,55.130,575,252,3,15,583,1,575,0.0,650,74.09
BGC0001950_c1_24856_26628___AXN93578.1_PuwC_AXN93578.1,AAY42393.1_Lyngbya_majuscula_C6.through.C11_mediumchain_MACS,52.797,572,265,3,20,586,7,578,0.0,641,72.90
BGC0001952_c1_15059_17167___AXN93595.1_PuwI_AXN93595.1,AIW82280.1_Cylindrospermum_alatosporum_C12.through.C17_longchain_FAAL,68.683,562,176,0,10,571,30,591,0.0,843,84.52
BGC0001952_c1_15059_17167___AXN93595.1_PuwI_AXN93595.1,AQX77690.1_Nodularia_sp._C6.through.C11_mediumchain_FAAL,65.749,581,184,3,6,573,12,590,0.0,802,79.35
BGC0001952_c1_15059_17167___AXN93595.1_PuwI_AXN93595.1,AHH34187.1_Moorea_bouillonii_C12.through.C17_longchain_FAAL,56.180,712,265,5,10,687,29,727,0.0,795,70.08
BGC0001952_c1_15059_17167___AXN93595.1_PuwI_AXN93595.1,AHH34188.1_Moorea_producens_C12.through.C17_longchain_FAAL,55.091,717,273,5,6,687,25,727,0.0,783,69.46
BGC0001952_c1_15059_17167___AXN93595.1_PuwI_AXN93595.1,AKL71641.1_Nostoc_sp._C6.through.C11_mediumchain_FAAL,51.659,693,315,3,10,700,20,694,0.0,739,68.11
BGC0001952_c1_15059_17167___AXN93595.1_PuwI_AXN93595.1,AQA28568.1_Nostoc_sp._C6.through.C11_mediumchain_FAAL,59.259,567,231,0,10,576,16,582,0.0,710,74.96
BGC0001952_c1_15059_17167___AXN93595.1_PuwI_AXN93595.1,AMB48444.1_Nostoc_sp._C6.through.C11_mediumchain_FAAL,56.604,583,244,5,4,581,3,581,0.0,692,74.10
BGC0001952_c1_15059_17167___AXN93595.1_PuwI_AXN93595.1,AFV96135.1_Cylindrospermum_licheniforme_C6.through.C11_mediumchain_FAAL,56.604,583,244,5,4,581,3,581,0.0,677,74.10
BGC0001952_c1_15059_17167___AXN93595.1_PuwI_AXN93595.1,AAY42393.1_Lyngbya_majuscula_C6.through.C11_mediumchain_MACS,52.830,583,270,3,7,584,5,587,0.0,638,70.33
BGC0001952_c1_15059_17167___AXN93595.1_PuwI_AXN93595.1,AAS98774.1_Lyngbya_majuscula_C6.through.C11_mediumchain_FAAL,52.931,580,264,4,8,581,5,581,0.0,629,71.90
BGC0001952_c1_26115_27884___AXN93598.1_PuwC_AXN93598.1,AIW82280.1_Cylindrospermum_alatosporum_C12.through.C17_longchain_FAAL,67.663,569,184,0,15,583,28,596,0.0,811,79.96
BGC0001952_c1_26115_27884___AXN93598.1_PuwC_AXN93598.1,AQA28568.1_Nostoc_sp._C6.through.C11_mediumchain_FAAL,61.268,568,220,0,13,580,12,579,0.0,744,77.46
BGC0001952_c1_26115_27884___AXN93598.1_PuwC_AXN93598.1,AQX77690.1_Nodularia_sp._C6.through.C11_mediumchain_FAAL,58.219,584,231,2,15,586,14,596,0.0,712,73.12
BGC0001952_c1_26115_27884___AXN93598.1_PuwC_AXN93598.1,AMB48444.1_Nostoc_sp._C6.through.C11_mediumchain_FAAL,56.627,581,241,6,12,586,4,579,0.0,689,75.22
BGC0001952_c1_26115_27884___AXN93598.1_PuwC_AXN93598.1,AHH34187.1_Moorea_bouillonii_C12.through.C17_longchain_FAAL,55.628,613,239,3,2,581,14,626,0.0,688,71.29
BGC0001952_c1_26115_27884___AXN93598.1_PuwC_AXN93598.1,AHH34188.1_Moorea_producens_C12.through.C17_longchain_FAAL,56.333,600,229,3,15,581,27,626,0.0,684,72.00
BGC0001952_c1_26115_27884___AXN93598.1_PuwC_AXN93598.1,AFV96135.1_Cylindrospermum_licheniforme_C6.through.C11_mediumchain_FAAL,56.897,580,241,5,12,586,4,579,0.0,675,74.83
BGC0001952_c1_26115_27884___AXN93598.1_PuwC_AXN93598.1,AKL71641.1_Nostoc_sp._C6.through.C11_mediumchain_FAAL,56.106,565,248,0,16,580,19,583,0.0,663,71.86
BGC0001952_c1_26115_27884___AXN93598.1_PuwC_AXN93598.1,AAY42393.1_Lyngbya_majuscula_C6.through.C11_mediumchain_MACS,52.850,579,268,3,13,586,4,582,0.0,631,70.98
BGC0001952_c1_26115_27884___AXN93598.1_PuwC_AXN93598.1,AAS98774.1_Lyngbya_majuscula_C6.through.C11_mediumchain_FAAL,54.561,570,253,4,15,578,5,574,0.0,620,72.46
BGC0001953_c1_14989_17133___AXN93608.1_PuwI_AXN93608.1,AIW82280.1_Cylindrospermum_alatosporum_C12.through.C17_longchain_FAAL,67.895,570,175,1,10,579,30,591,0.0,832,82.98
BGC0001953_c1_14989_17133___AXN93608.1_PuwI_AXN93608.1,AQX77690.1_Nodularia_sp._C6.through.C11_mediumchain_FAAL,65.705,589,179,4,6,581,12,590,0.0,801,78.78
BGC0001953_c1_14989_17133___AXN93608.1_PuwI_AXN93608.1,AHH34187.1_Moorea_bouillonii_C12.through.C17_longchain_FAAL,54.939,739,277,7,10,714,29,745,0.0,786,68.47
BGC0001953_c1_14989_17133___AXN93608.1_PuwI_AXN93608.1,AHH34188.1_Moorea_producens_C12.through.C17_longchain_FAAL,55.463,723,269,7,6,695,25,727,0.0,777,69.16
BGC0001953_c1_14989_17133___AXN93608.1_PuwI_AXN93608.1,AKL71641.1_Nostoc_sp._C6.through.C11_mediumchain_FAAL,51.213,701,314,4,10,708,20,694,0.0,734,67.19
BGC0001953_c1_14989_17133___AXN93608.1_PuwI_AXN93608.1,AQA28568.1_Nostoc_sp._C6.through.C11_mediumchain_FAAL,60.000,575,222,1,10,584,16,582,0.0,718,74.96
BGC0001953_c1_14989_17133___AXN93608.1_PuwI_AXN93608.1,AMB48444.1_Nostoc_sp._C6.through.C11_mediumchain_FAAL,56.345,591,241,5,4,589,3,581,0.0,691,73.10
BGC0001953_c1_14989_17133___AXN93608.1_PuwI_AXN93608.1,AFV96135.1_Cylindrospermum_licheniforme_C6.through.C11_mediumchain_FAAL,56.853,591,238,5,4,589,3,581,0.0,677,72.76
BGC0001953_c1_14989_17133___AXN93608.1_PuwI_AXN93608.1,AAY42393.1_Lyngbya_majuscula_C6.through.C11_mediumchain_MACS,51.607,591,273,4,7,592,5,587,0.0,626,69.54
BGC0001953_c1_14989_17133___AXN93608.1_PuwI_AXN93608.1,AAS98774.1_Lyngbya_majuscula_C6.through.C11_mediumchain_FAAL,53.061,588,259,5,8,589,5,581,0.0,626,71.09
BGC0001953_c1_26420_27898___AXN93611.1_PuwC_AXN93611.1,AIW82280.1_Cylindrospermum_alatosporum_C12.through.C17_longchain_FAAL,66.049,486,165,0,1,486,111,596,0.0,687,79.63
BGC0001953_c1_26420_27898___AXN93611.1_PuwC_AXN93611.1,AQA28568.1_Nostoc_sp._C6.through.C11_mediumchain_FAAL,60.870,483,189,0,1,483,97,579,0.0,639,78.26
BGC0001953_c1_26420_27898___AXN93611.1_PuwC_AXN93611.1,AQX77690.1_Nodularia_sp._C6.through.C11_mediumchain_FAAL,58.084,501,197,2,1,489,97,596,0.0,609,72.85
BGC0001953_c1_26420_27898___AXN93611.1_PuwC_AXN93611.1,AMB48444.1_Nostoc_sp._C6.through.C11_mediumchain_FAAL,57.778,495,200,5,1,489,88,579,0.0,597,74.95
BGC0001953_c1_26420_27898___AXN93611.1_PuwC_AXN93611.1,AHH34187.1_Moorea_bouillonii_C12.through.C17_longchain_FAAL,56.480,517,192,3,1,484,110,626,0.0,596,72.15
BGC0001953_c1_26420_27898___AXN93611.1_PuwC_AXN93611.1,AHH34188.1_Moorea_producens_C12.through.C17_longchain_FAAL,56.286,517,193,3,1,484,110,626,0.0,592,72.15
BGC0001953_c1_26420_27898___AXN93611.1_PuwC_AXN93611.1,AFV96135.1_Cylindrospermum_licheniforme_C6.through.C11_mediumchain_FAAL,56.883,494,206,4,1,489,88,579,0.0,590,74.29
BGC0001953_c1_26420_27898___AXN93611.1_PuwC_AXN93611.1,AKL71641.1_Nostoc_sp._C6.through.C11_mediumchain_FAAL,54.451,483,220,0,1,483,101,583,0.0,562,71.84
BGC0001953_c1_26420_27898___AXN93611.1_PuwC_AXN93611.1,AAY42393.1_Lyngbya_majuscula_C6.through.C11_mediumchain_MACS,53.753,493,224,2,1,489,90,582,0.0,556,71.40
BGC0001953_c1_26420_27898___AXN93611.1_PuwC_AXN93611.1,AAS98774.1_Lyngbya_majuscula_C6.through.C11_mediumchain_FAAL,53.782,476,217,3,9,481,99,574,0.0,529,71.85
BGC0001961_c1_30278_31663___QCE20613.1_AsmR_QCE20613.1,ANY94435.1_Streptomyces_sp._aryl.and.biaryl.derivatives_aryl_ARYL,48.409,440,204,10,34,459,35,465,5.17e-110,330,60.45
BGC0001961_c1_30278_31663___QCE20613.1_AsmR_QCE20613.1,AAL06665.1_Streptomyces_globisporus_aryl.and.biaryl.derivatives_aryl_ARYL,47.955,440,206,11,34,459,35,465,5.19e-108,325,60.00
BGC0001961_c1_30278_31663___QCE20613.1_AsmR_QCE20613.1,CBW54662.1_Streptomyces_sp._aryl.and.biaryl.derivatives_aryl_ARYL,38.126,459,215,17,36,457,3,429,9.03e-70,225,52.29
BGC0001961_c1_30278_31663___QCE20613.1_AsmR_QCE20613.1,Q8AAN6_BACTN_Bacteroides_thetaiotaomicron_aryl.and.biaryl.derivatives_aryl_ARYL,25.248,404,232,16,39,407,14,382,5.06e-19,85.5,41.83
BGC0001961_c1_30278_31663___QCE20613.1_AsmR_QCE20613.1,WP_030684664.1_Streptomyces_sp._aryl.and.biaryl.derivatives_aryl_ARYL,27.586,348,228,10,41,373,39,377,1.19e-17,81.3,39.94
BGC0001961_c1_30278_31663___QCE20613.1_AsmR_QCE20613.1,A6L0Y5_BACV8_Bacteroides_vulgatus_aryl.and.biaryl.derivatives_aryl_ARYL,25.918,463,256,21,38,458,13,430,2.37e-16,77.4,38.88
BGC0001961_c1_30278_31663___QCE20613.1_AsmR_QCE20613.1,PAAK_THET2_Thermus_thermophilus_aryl.and.biaryl.derivatives_aryl_ARYL,27.198,364,229,14,41,383,13,361,5.56e-16,76.3,42.58
BGC0001961_c1_30278_31663___QCE20613.1_AsmR_QCE20613.1,EYT83440.1_Streptomyces_sp._aryl.and.biaryl.derivatives_aryl_ARYL,30.693,303,180,11,62,348,35,323,5.99e-15,72.8,40.26
BGC0001961_c1_30278_31663___QCE20613.1_AsmR_QCE20613.1,B4E7B5_BURCJ_Burkholderia_cenocepacia_aryl.and.biaryl.derivatives_aryl_ARYL,25.758,462,259,19,39,459,14,432,1.67e-14,71.6,39.61
BGC0001961_c1_30278_31663___QCE20613.1_AsmR_QCE20613.1,ALE27502.1_Streptomyces_sp._aryl.and.biaryl.derivatives_aryl_ARYL,30.464,302,184,11,39,330,11,296,4.35e-14,70.1,41.06
BGC0001968_c1_7390_9141___QBC75017.1_acyl_CoA_synthase_QBC75017.1,CAD32910.2_Actinoplanes_friuliensis_C12.through.C17_longchain_FAAL,51.820,577,267,4,4,577,9,577,1.34e-178,514,64.99
BGC0001968_c1_7390_9141___QBC75017.1_acyl_CoA_synthase_QBC75017.1,AEF16021.1_Streptomyces_viridochromogenes_C12.through.C17_longchain_FAAL,50.419,597,267,12,4,580,9,596,1.60e-178,514,64.15
BGC0001968_c1_7390_9141___QBC75017.1_acyl_CoA_synthase_QBC75017.1,AAX31555.1_Streptomyces_roseosporus_C6.through.C11_mediumchain_FAAL,47.321,560,279,7,5,560,11,558,8.17e-158,461,60.54
BGC0001968_c1_7390_9141___QBC75017.1_acyl_CoA_synthase_QBC75017.1,ACZ65474.1_Streptomyces_sp._C12.through.C17_longchain_FAAL,47.469,573,277,11,1,562,1,560,7.93e-157,459,60.21
BGC0001968_c1_7390_9141___QBC75017.1_acyl_CoA_synthase_QBC75017.1,AHH53502.1_Saccharomonospora_sp._C6.through.C11_mediumchain_FAAL,44.366,568,283,9,2,563,12,552,2.54e-155,454,61.80
BGC0001968_c1_7390_9141___QBC75017.1_acyl_CoA_synthase_QBC75017.1,CAG15025.1_Actinoplanes_teichomyceticus_C6.through.C11_mediumchain_MACS,46.181,563,286,10,5,562,7,557,2.00e-152,447,60.75
BGC0001968_c1_7390_9141___QBC75017.1_acyl_CoA_synthase_QBC75017.1,CAE53367.1_Actinoplanes_teichomyceticus_C6.through.C11_mediumchain_MACS,46.181,563,286,10,5,562,11,561,3.50e-152,447,60.75
BGC0001968_c1_7390_9141___QBC75017.1_acyl_CoA_synthase_QBC75017.1,AQX77690.1_Nodularia_sp._C6.through.C11_mediumchain_FAAL,43.276,580,296,12,3,562,16,582,4.60e-143,425,58.79
BGC0001968_c1_7390_9141___QBC75017.1_acyl_CoA_synthase_QBC75017.1,AIW82280.1_Cylindrospermum_alatosporum_C12.through.C17_longchain_FAAL,41.652,581,313,13,3,572,30,595,3.38e-142,421,57.83
BGC0001968_c1_7390_9141___QBC75017.1_acyl_CoA_synthase_QBC75017.1,AAZ23074.1_Streptomyces_fradiae_C6.through.C11_mediumchain_FAAL,45.471,563,281,11,5,555,58,606,1.23e-141,424,60.04
BGC0001984_c1_20001_21782___QED55419.1_fatty_acyl_AMP_ligase_QED55419.1,AEF16021.1_Streptomyces_viridochromogenes_C12.through.C17_longchain_FAAL,47.421,601,287,9,1,580,1,593,1.68e-164,479,60.40
BGC0001984_c1_20001_21782___QED55419.1_fatty_acyl_AMP_ligase_QED55419.1,CAD32910.2_Actinoplanes_friuliensis_C12.through.C17_longchain_FAAL,48.797,582,283,7,1,576,1,573,2.74e-161,470,62.71
BGC0001984_c1_20001_21782___QED55419.1_fatty_acyl_AMP_ligase_QED55419.1,AAX31555.1_Streptomyces_roseosporus_C6.through.C11_mediumchain_FAAL,46.073,573,295,9,8,576,9,571,7.86e-146,431,58.46
BGC0001984_c1_20001_21782___QED55419.1_fatty_acyl_AMP_ligase_QED55419.1,CAE53367.1_Actinoplanes_teichomyceticus_C6.through.C11_mediumchain_MACS,45.189,582,294,12,3,574,4,570,3.18e-143,424,57.73
BGC0001984_c1_20001_21782___QED55419.1_fatty_acyl_AMP_ligase_QED55419.1,CAG15025.1_Actinoplanes_teichomyceticus_C6.through.C11_mediumchain_MACS,45.095,581,294,12,4,574,1,566,2.01e-142,422,57.66
BGC0001984_c1_20001_21782___QED55419.1_fatty_acyl_AMP_ligase_QED55419.1,AAZ23074.1_Streptomyces_fradiae_C6.through.C11_mediumchain_FAAL,46.384,567,274,10,25,576,73,624,9.58e-142,425,58.38
BGC0001984_c1_20001_21782___QED55419.1_fatty_acyl_AMP_ligase_QED55419.1,AHH53502.1_Saccharomonospora_sp._C6.through.C11_mediumchain_FAAL,41.840,576,302,6,8,576,13,562,2.74e-141,419,56.25
BGC0001984_c1_20001_21782___QED55419.1_fatty_acyl_AMP_ligase_QED55419.1,ACZ65474.1_Streptomyces_sp._C12.through.C17_longchain_FAAL,45.826,539,278,9,42,573,37,568,4.81e-135,403,58.07
BGC0001984_c1_20001_21782___QED55419.1_fatty_acyl_AMP_ligase_QED55419.1,AHH34188.1_Moorea_producens_C12.through.C17_longchain_FAAL,38.889,594,309,13,41,592,60,641,8.95e-125,384,53.87
BGC0001984_c1_20001_21782___QED55419.1_fatty_acyl_AMP_ligase_QED55419.1,AHH34187.1_Moorea_bouillonii_C12.through.C17_longchain_FAAL,38.246,570,305,9,41,570,60,622,1.96e-120,372,52.98
BGC0002010_c1_3450_5252___D581_RS0125480_fatty_acyl_AMP_ligase_WP_018960015.1,BAK64635.1_Streptomyces_sp._C6.through.C11_mediumchain_MACS,54.189,561,251,3,34,590,13,571,0.0,532,65.95
BGC0002010_c1_3450_5252___D581_RS0125480_fatty_acyl_AMP_ligase_WP_018960015.1,AIW82280.1_Cylindrospermum_alatosporum_C12.through.C17_longchain_FAAL,42.908,564,314,6,37,595,35,595,5.33e-155,455,60.46
BGC0002010_c1_3450_5252___D581_RS0125480_fatty_acyl_AMP_ligase_WP_018960015.1,AKL71641.1_Nostoc_sp._C6.through.C11_mediumchain_FAAL,40.860,558,324,4,37,590,25,580,2.23e-153,454,60.04
BGC0002010_c1_3450_5252___D581_RS0125480_fatty_acyl_AMP_ligase_WP_018960015.1,AQA28568.1_Nostoc_sp._C6.through.C11_mediumchain_FAAL,42.857,560,310,4,37,590,21,576,2.19e-151,446,59.11
BGC0002010_c1_3450_5252___D581_RS0125480_fatty_acyl_AMP_ligase_WP_018960015.1,AQX77690.1_Nodularia_sp._C6.through.C11_mediumchain_FAAL,43.718,581,305,8,37,600,21,596,4.52e-150,443,59.38
BGC0002010_c1_3450_5252___D581_RS0125480_fatty_acyl_AMP_ligase_WP_018960015.1,AAS98774.1_Lyngbya_majuscula_C6.through.C11_mediumchain_FAAL,41.918,563,317,7,37,590,12,573,1.13e-144,428,57.90
BGC0002010_c1_3450_5252___D581_RS0125480_fatty_acyl_AMP_ligase_WP_018960015.1,AAY42393.1_Lyngbya_majuscula_C6.through.C11_mediumchain_MACS,40.320,563,325,7,37,590,13,573,6.95e-142,421,57.37
BGC0002010_c1_3450_5252___D581_RS0125480_fatty_acyl_AMP_ligase_WP_018960015.1,AFV96135.1_Cylindrospermum_licheniforme_C6.through.C11_mediumchain_FAAL,38.986,572,338,5,26,590,3,570,9.52e-142,421,56.64
BGC0002010_c1_3450_5252___D581_RS0125480_fatty_acyl_AMP_ligase_WP_018960015.1,AHH34188.1_Moorea_producens_C12.through.C17_longchain_FAAL,40.948,591,310,7,37,590,34,622,8.66e-141,425,56.01
BGC0002010_c1_3450_5252___D581_RS0125480_fatty_acyl_AMP_ligase_WP_018960015.1,AMB48444.1_Nostoc_sp._C6.through.C11_mediumchain_FAAL,39.502,562,327,7,37,590,14,570,3.56e-139,414,57.12
BGC0002022_c1_12187_13668___AZY92000.1_proline_adenylation_protein_AZY92000.1,a0657,64.434,433,143,4,56,484,1,426,0.0,530,73.44
BGC0002022_c1_12187_13668___AZY92000.1_proline_adenylation_protein_AZY92000.1,a0226,31.558,507,301,12,3,484,26,511,3.07e-75,243,51.68
BGC0002022_c1_12187_13668___AZY92000.1_proline_adenylation_protein_AZY92000.1,PIGI_SERS3_Serratia_sp._amino.acid_aminoacid_NRPS,34.608,497,289,9,7,487,12,488,1.44e-73,237,49.50
BGC0002022_c1_12187_13668___AZY92000.1_proline_adenylation_protein_AZY92000.1,A0A077KT11_9ACTN_Streptomyces_sp._C2.through.C5_shortchain_NRPS,35.616,511,290,10,2,481,15,517,2.04e-73,238,51.47
BGC0002022_c1_12187_13668___AZY92000.1_proline_adenylation_protein_AZY92000.1,X5IJ97_9ACTN_Streptomyces_sp._C6.through.C11_mediumchain_MACS,34.908,487,278,9,27,484,44,520,1.27e-71,233,49.90
BGC0002022_c1_12187_13668___AZY92000.1_proline_adenylation_protein_AZY92000.1,DLTA_BACCR_Bacillus_cereus_amino.acid_aminoacid_NRPS,31.434,509,313,11,1,484,1,498,6.93e-71,231,48.72
BGC0002022_c1_12187_13668___AZY92000.1_proline_adenylation_protein_AZY92000.1,a0507,32.540,504,296,13,3,484,23,504,9.39e-71,230,50.40
BGC0002022_c1_12187_13668___AZY92000.1_proline_adenylation_protein_AZY92000.1,a0173,33.594,512,307,7,3,486,19,525,1.93e-70,230,48.24
BGC0002022_c1_12187_13668___AZY92000.1_proline_adenylation_protein_AZY92000.1,a0632,32.600,500,305,9,3,484,20,505,5.57e-70,228,48.60
BGC0002022_c1_12187_13668___AZY92000.1_proline_adenylation_protein_AZY92000.1,DLTA_BACSU_Bacillus_subtilis_amino.acid_aminoacid_NRPS,31.507,511,309,12,1,484,1,497,5.01e-69,226,47.75
WP_011047771.1_long_chain_fatty_acid__CoA_ligase__Ruegeria_pomeroyi_,DMDB_RUEPO_Ruegeria_pomeroyi_C2.through.C5_shortchain_OTHER,100.000,539,0,0,1,539,1,539,0.0,1108,100.00
WP_011047771.1_long_chain_fatty_acid__CoA_ligase__Ruegeria_pomeroyi_,LCFCS_THET8_Thermus_thermophilus_C12.through.C17_longchain_LACS,44.527,539,284,8,5,539,13,540,1.06e-148,434,59.74
WP_011047771.1_long_chain_fatty_acid__CoA_ligase__Ruegeria_pomeroyi_,O53406_MYCTU_Mycobacterium_tuberculosis_C6.through.C11_mediumchain_MACS,40.631,539,306,5,1,533,1,531,6.37e-147,430,57.88
WP_011047771.1_long_chain_fatty_acid__CoA_ligase__Ruegeria_pomeroyi_,AEE7_ARATH_Arabidopsis_thaliana_C2.through.C5_shortchain_SACS,32.358,547,333,16,15,536,27,561,4.59e-76,247,49.91
WP_011047771.1_long_chain_fatty_acid__CoA_ligase__Ruegeria_pomeroyi_,A0A0A1EW34_ALBBR_Albuca_bracteata_cinnamate.and.succinylbenzoate.derivatives_aryl_ARYL,31.810,547,335,13,7,534,11,538,5.12e-72,236,48.45
WP_011047771.1_long_chain_fatty_acid__CoA_ligase__Ruegeria_pomeroyi_,CAH10130.1_Streptomyces_sp._cinnamate.and.succinylbenzoate.derivatives_aryl_ARYL,32.016,506,302,13,36,533,33,504,2.00e-67,223,50.00
WP_011047771.1_long_chain_fatty_acid__CoA_ligase__Ruegeria_pomeroyi_,CAE02600.1_Streptomyces_thioluteus_aryl.and.biaryl.derivatives_aryl_ARYL,31.875,480,280,11,60,533,58,496,2.15e-67,223,49.79
WP_011047771.1_long_chain_fatty_acid__CoA_ligase__Ruegeria_pomeroyi_,HBCL2_METS5_Metallosphaera_sedula_C2.through.C5_shortchain_SACS,29.637,496,338,8,42,532,50,539,1.52e-66,221,50.40
WP_011047771.1_long_chain_fatty_acid__CoA_ligase__Ruegeria_pomeroyi_,AAE11_ARATH_Arabidopsis_thaliana_C2.through.C5_shortchain_SACS,29.981,517,320,13,42,531,42,543,4.39e-65,218,49.32
WP_011047771.1_long_chain_fatty_acid__CoA_ligase__Ruegeria_pomeroyi_,AAE20_ARATH_Arabidopsis_thaliana_aryl.and.biaryl.derivatives_aryl_ARYL,30.912,537,309,17,36,531,36,551,3.91e-64,216,47.30


