Query name,Predicted enzyme class,Predicted substrate specificity
3HBCL_THAAR_Thauera_aromatica_aryl.and.biaryl.derivatives_aryl_ARYL,ARYL,aryl and biaryl derivatives
4CL1_ARATH_Arabidopsis_thaliana_cinnamate.and.succinylbenzoate.derivatives_aryl_ARYL,ARYL,cinnamate and succinylbenzoate derivatives
4CL2_ARATH_Arabidopsis_thaliana_cinnamate.and.succinylbenzoate.derivatives_aryl_ARYL,ARYL,cinnamate and succinylbenzoate derivatives
4CL2_TOBAC_Nicotiana_tabacum_cinnamate.and.succinylbenzoate.derivatives_aryl_ARYL,ARYL,cinnamate and succinylbenzoate derivatives
4CL3_ARATH_Arabidopsis_thaliana_cinnamate.and.succinylbenzoate.derivatives_aryl_ARYL,ARYL,cinnamate and succinylbenzoate derivatives
4CL4_ARATH_Arabidopsis_thaliana_cinnamate.and.succinylbenzoate.derivatives_aryl_ARYL,ARYL,cinnamate and succinylbenzoate derivatives
4CLL1_ARATH_Arabidopsis_thaliana_cinnamate.and.succinylbenzoate.derivatives_aryl_ARYL,ARYL,cinnamate and succinylbenzoate derivatives
4CLL5_ARATH_Arabidopsis_thaliana_unknown.other_other_OTHER,ARYL,cinnamate and succinylbenzoate derivatives
4CLL7_ARATH_Arabidopsis_thaliana_C6.through.C11_mediumchain_MACS,ARYL,C6 through C11
4CLL9_ARATH_Arabidopsis_thaliana_unknown.other_other_OTHER,ARYL,cinnamate and succinylbenzoate derivatives
4CLLA_ARATH_Arabidopsis_thaliana_C2.through.C5_shortchain_SACS,ARYL,C2 through C5
4HBCL_RHOPA_Rhodopseudomonas_palustris_aryl.and.biaryl.derivatives_aryl_ARYL,ARYL,aryl and biaryl derivatives
A0A077KT11_9ACTN_Streptomyces_sp._C2.through.C5_shortchain_NRPS,NRPS,C2 through C5
A0A0A6YYM0_RAT_Rattus_norvegicus_C12.through.C17_longchain_LACS,LACS,C12 through C17
A0A0B4J1R2_HUMAN_Homo_sapiens_C2.through.C5_shortchain_SACS,SACS,C2 through C5
A0A0B4KFE4_DROME_Drosophila_melanogaster_C12.through.C17_longchain_LACS,LACS,C12 through C17
A0A0G2JSN9_RAT_Rattus_norvegicus_C6.through.C11_mediumchain_MACS,MACS,C6 through C11
A0A0G2K047_RAT_Rattus_norvegicus_C2.through.C5_shortchain_SACS,SACS,C2 through C5
A0A0G2K125_RAT_Rattus_norvegicus_C6.through.C11_mediumchain_MACS,LACS,C6 through C11
A0A0G2K7J0_RAT_Rattus_norvegicus_C12.through.C17_longchain_LACS,VLACSBILE,C12 through C17
A0A0G2K8G2_RAT_Rattus_norvegicus_C6.through.C11_mediumchain_MACS,LACS,C6 through C11
A0A0H2UKF2_DANRE_Danio_rerio_C2.through.C5_shortchain_SACS,SACS,C2 through C5
A0A0H2VDD9_ECOL6_Escherichia_coli_C6.through.C11_mediumchain_FAAL,FAAL,C6 through C11
A0A0R4IRL6_DANRE_Danio_rerio_C18.and.up.or.bile.acid_verylongchainbile_VLACSBILE,VLACSBILE,C18 and up or bile acid
A0A140DJY3_9ACTN_Streptomyces_gandocaensis_aryl.and.biaryl.derivatives_aryl_ARYL,ARYL,aryl and biaryl derivatives
A0A140LHR8_MOUSE_Mus_musculus_C6.through.C11_mediumchain_MACS,MACS,C6 through C11
A0A1I9LR43_ARATH_Arabidopsis_thaliana_cinnamate.and.succinylbenzoate.derivatives_aryl_ARYL,ARYL,cinnamate and succinylbenzoate derivatives
A0A1P8BCV2_ARATH_Arabidopsis_thaliana_C2.through.C5_shortchain_SACS,SACS,C2 through C5
A0A286Y8C0_DANRE_Danio_rerio_C2.through.C5_shortchain_SACS,SACS,C2 through C5
A0A286ZJB9_PIG_Sus_scrofa_C2.through.C5_shortchain_SACS,SACS,C2 through C5
A0A286ZYB0_PIG_Sus_scrofa_C18.and.up.or.bile.acid_verylongchainbile_LACS,VLACSBILE,C18 and up or bile acid
A0A287A844_PIG_Sus_scrofa_C12.through.C17_longchain_LACS,LACS,C12 through C17
A0A287A933_PIG_Sus_scrofa_C18.and.up.or.bile.acid_verylongchainbile_VLACSBILE,VLACSBILE,C18 and up or bile acid
A0A287ADR8_PIG_Sus_scrofa_C18.and.up.or.bile.acid_verylongchainbile_VLACSBILE,VLACSBILE,C18 and up or bile acid
A0A287AIP7_PIG_Sus_scrofa_C12.through.C17_longchain_LACS,LACS,C12 through C17
A0A287AJW1_PIG_Sus_scrofa_C6.through.C11_mediumchain_MACS,MACS,C6 through C11
A0A287ALQ2_PIG_Sus_scrofa_C12.through.C17_longchain_LACS,LACS,C12 through C17
A0A287APD5_PIG_Sus_scrofa_C12.through.C17_longchain_LACS,LACS,C12 through C17
A0A287AQR2_PIG_Sus_scrofa_C2.through.C5_shortchain_SACS,SACS,C2 through C5
A0A287AQX2_PIG_Sus_scrofa_C12.through.C17_longchain_LACS,LACS,C12 through C17
A0A287AT39_PIG_Sus_scrofa_C2.through.C5_shortchain_SACS,SACS,C2 through C5
A0A287AV54_PIG_Sus_scrofa_C12.through.C17_longchain_LACS,LACS,C12 through C17
A0A287AYW7_PIG_Sus_scrofa_C6.through.C11_mediumchain_MACS,MACS,C6 through C11
A0A287B4R8_PIG_Sus_scrofa_C2.through.C5_shortchain_SACS,SACS,C2 through C5
A0A287B6U1_PIG_Sus_scrofa_C18.and.up.or.bile.acid_verylongchainbile_VLACSBILE,VLACSBILE,C18 and up or bile acid
A0A287B7Q9_PIG_Sus_scrofa_C2.through.C5_shortchain_SACS,SACS,C2 through C5
A0A287BA23_PIG_Sus_scrofa_C2.through.C5_shortchain_SACS,SACS,C2 through C5
A0A287BA72_PIG_Sus_scrofa_C18.and.up.or.bile.acid_verylongchainbile_VLACSBILE,VLACSBILE,C18 and up or bile acid
A0A287BDD8_PIG_Sus_scrofa_C18.and.up.or.bile.acid_verylongchainbile_VLACSBILE,VLACSBILE,C18 and up or bile acid
A0A287BEZ5_PIG_Sus_scrofa_C2.through.C5_shortchain_SACS,SACS,C2 through C5
A0A287BFF2_PIG_Sus_scrofa_C12.through.C17_longchain_LACS,LACS,C12 through C17
A0A287BJX8_PIG_Sus_scrofa_C18.and.up.or.bile.acid_verylongchainbile_VLACSBILE,VLACSBILE,C12 through C17
A0A287BK93_PIG_Sus_scrofa_C12.through.C17_longchain_LACS,LACS,C18 and up or bile acid
A0A287BLC7_PIG_Sus_scrofa_C12.through.C17_longchain_LACS,LACS,C12 through C17
A0A287BMB3_PIG_Sus_scrofa_C18.and.up.or.bile.acid_verylongchainbile_VLACSBILE,VLACSBILE,C18 and up or bile acid
A0A287BMY7_PIG_Sus_scrofa_C12.through.C17_longchain_LACS,LACS,C12 through C17
A0A2R8Q6G5_DANRE_Danio_rerio_C2.through.C5_shortchain_SACS,SACS,C2 through C5
A0A2R8QE30_DANRE_Danio_rerio_C18.and.up.or.bile.acid_verylongchainbile_VLACSBILE,VLACSBILE,C18 and up or bile acid
A0A2R8QSI5_DANRE_Danio_rerio_C2.through.C5_shortchain_SACS,SACS,C2 through C5
A0R618_MYCS2_Mycobacterium_smegmatis_C12.through.C17_longchain_FAAL,FAAL,C12 through C17
A1Z7H2_DROME_Drosophila_melanogaster_C12.through.C17_longchain_LACS,LACS,C12 through C17
A1Z7H3_DROME_Drosophila_melanogaster_C12.through.C17_longchain_LACS,LACS,C12 through C17
A2ANX6_MOUSE_Mus_musculus_C18.and.up.or.bile.acid_verylongchainbile_VLACSBILE,VLACSBILE,C18 and up or bile acid
A2AQN4_MOUSE_Mus_musculus_C2.through.C5_shortchain_SACS,SACS,C2 through C5
A2AQN5_MOUSE_Mus_musculus_C2.through.C5_shortchain_SACS,SACS,C2 through C5
A5WV16_DANRE_Danio_rerio_C12.through.C17_longchain_LACS,LACS,C12 through C17
A6L0Y5_BACV8_Bacteroides_vulgatus_aryl.and.biaryl.derivatives_aryl_ARYL,ARYL,aryl and biaryl derivatives
A7MBE6_BOVIN_Bos_taurus_C6.through.C11_mediumchain_MACS,MACS,C6 through C11
A7YWF1_BOVIN_Bos_taurus_C2.through.C5_shortchain_SACS,SACS,C2 through C5
A8LRC0_DINSH_Dinoroseobacter_shibae_C2.through.C5_shortchain_SACS,SACS,C2 through C5
AACS_HUMAN_Homo_sapiens_C2.through.C5_shortchain_SACS,SACS,C2 through C5
AACS_MOUSE_Mus_musculus_C2.through.C5_shortchain_SACS,SACS,C2 through C5
AACS_RAT_Rattus_norvegicus_C2.through.C5_shortchain_SACS,SACS,C2 through C5
AAE11_ARATH_Arabidopsis_thaliana_C2.through.C5_shortchain_SACS,SACS,cinnamate and succinylbenzoate derivatives
AAE13_ARATH_Arabidopsis_thaliana_C2.through.C5_shortchain_SACS,SACS,C12 through C17
AAE15_ARATH_Arabidopsis_thaliana_C12.through.C17_longchain_FAAL,ARYL,C12 through C17
AAE20_ARATH_Arabidopsis_thaliana_aryl.and.biaryl.derivatives_aryl_ARYL,ARYL,cinnamate and succinylbenzoate derivatives
ACBG1_MOUSE_Mus_musculus_C12.through.C17_longchain_LACS,VLACSBILE,C12 through C17
ACBG1_RAT_Rattus_norvegicus_C12.through.C17_longchain_LACS,VLACSBILE,C12 through C17
ACBG2_HUMAN_Homo_sapiens_C12.through.C17_longchain_LACS,LACS,C12 through C17
ACBG2_MOUSE_Mus_musculus_C18.and.up.or.bile.acid_verylongchainbile_LACS,LACS,C18 and up or bile acid
ACS_ARATH_Arabidopsis_thaliana_C2.through.C5_shortchain_SACS,SACS,C2 through C5
ACS1_YEAST_Saccharomyces_cerevisiae_C2.through.C5_shortchain_SACS,SACS,C2 through C5
ACS2_YEAST_Saccharomyces_cerevisiae_C2.through.C5_shortchain_SACS,SACS,C2 through C5
ACS2A_HUMAN_Homo_sapiens_C6.through.C11_mediumchain_MACS,MACS,C6 through C11
ACS2B_HUMAN_Homo_sapiens_C6.through.C11_mediumchain_MACS,MACS,C6 through C11
ACS2L_HUMAN_Homo_sapiens_C2.through.C5_shortchain_SACS,SACS,C2 through C5
ACS2L_MOUSE_Mus_musculus_C2.through.C5_shortchain_SACS,SACS,C2 through C5
ACSA_BACSU_Bacillus_subtilis_C2.through.C5_shortchain_SACS,SACS,C2 through C5
ACSA_BRADU_Bradyrhizobium_diazoefficiens_C2.through.C5_shortchain_SACS,SACS,C2 through C5
ACSA_ECOLI_Escherichia_coli_C2.through.C5_shortchain_SACS,SACS,C2 through C5
ACSA_HUMAN_Homo_sapiens_C2.through.C5_shortchain_SACS,SACS,C2 through C5
ACSA_METSH_Methanothrix_soehngenii_C2.through.C5_shortchain_SACS,SACS,C2 through C5
ACSA_METTP_Methanothrix_thermoacetophila_C2.through.C5_shortchain_SACS,SACS,C2 through C5
ACSA_MOUSE_Mus_musculus_C2.through.C5_shortchain_SACS,SACS,C2 through C5
ACSA_MYCTU_Mycobacterium_tuberculosis_C2.through.C5_shortchain_SACS,SACS,C2 through C5
ACSA_SALTY_Salmonella_typhimurium_C2.through.C5_shortchain_SACS,SACS,C2 through C5
ACSA_SCHPO_Schizosaccharomyces_pombe_C2.through.C5_shortchain_SACS,SACS,C2 through C5
ACSF3_HUMAN_Homo_sapiens_C2.through.C5_shortchain_SACS,SACS,C2 through C5
ACSF4_HUMAN_Homo_sapiens_amino.acid_aminoacid_NRPS,NRPS,bulky mainly phenyl derivatives aa
ACSF4_MOUSE_Mus_musculus_amino.acid_aminoacid_NRPS,NRPS,bulky mainly phenyl derivatives aa
ACSL1_MOUSE_Mus_musculus_C12.through.C17_longchain_LACS,LACS,C12 through C17
ACSL1_RAT_Rattus_norvegicus_C12.through.C17_longchain_LACS,LACS,C12 through C17
ACSL3_HUMAN_Homo_sapiens_C12.through.C17_longchain_LACS,LACS,C12 through C17
ACSL3_MOUSE_Mus_musculus_C12.through.C17_longchain_LACS,LACS,C12 through C17
ACSL3_RAT_Rattus_norvegicus_C12.through.C17_longchain_LACS,LACS,C12 through C17
ACSL4_HUMAN_Homo_sapiens_C18.and.up.or.bile.acid_verylongchainbile_LACS,LACS,C18 and up or bile acid
ACSL4_MOUSE_Mus_musculus_C18.and.up.or.bile.acid_verylongchainbile_LACS,LACS,C18 and up or bile acid
ACSL4_RAT_Rattus_norvegicus_C18.and.up.or.bile.acid_verylongchainbile_LACS,LACS,C18 and up or bile acid
ACSL5_HUMAN_Homo_sapiens_C12.through.C17_longchain_LACS,LACS,C12 through C17
ACSL5_MOUSE_Mus_musculus_C12.through.C17_longchain_LACS,LACS,C12 through C17
ACSL5_RAT_Rattus_norvegicus_C12.through.C17_longchain_LACS,LACS,C12 through C17
ACSL6_MOUSE_Mus_musculus_C12.through.C17_longchain_LACS,LACS,C12 through C17
ACSL6_RAT_Rattus_norvegicus_C18.and.up.or.bile.acid_verylongchainbile_LACS,LACS,C12 through C17
ACSM1_BOVIN_Bos_taurus_C6.through.C11_mediumchain_MACS,MACS,C6 through C11
ACSM1_HUMAN_Homo_sapiens_C6.through.C11_mediumchain_MACS,MACS,C6 through C11
ACSM1_MOUSE_Mus_musculus_C12.through.C17_longchain_LACS,LACS,C6 through C11
ACSM2_MOUSE_Mus_musculus_C6.through.C11_mediumchain_MACS,MACS,C6 through C11
ACSM3_HUMAN_Homo_sapiens_C6.through.C11_mediumchain_MACS,MACS,C6 through C11
ACSM3_MOUSE_Mus_musculus_C6.through.C11_mediumchain_MACS,MACS,C6 through C11
ACSM5_HUMAN_Homo_sapiens_C6.through.C11_mediumchain_MACS,MACS,C6 through C11
ACSM5_MOUSE_Mus_musculus_C6.through.C11_mediumchain_MACS,MACS,C6 through C11
ACSS3_HUMAN_Homo_sapiens_C2.through.C5_shortchain_SACS,SACS,C2 through C5
ACSS3_MOUSE_Mus_musculus_C2.through.C5_shortchain_SACS,SACS,C2 through C5
AEE7_ARATH_Arabidopsis_thaliana_C2.through.C5_shortchain_SACS,SACS,C2 through C5
B0S5C4_DANRE_Danio_rerio_C12.through.C17_longchain_LACS,LACS,C12 through C17
B4E7B5_BURCJ_Burkholderia_cenocepacia_aryl.and.biaryl.derivatives_aryl_ARYL,ARYL,aryl and biaryl derivatives
B4EL89_BURCJ_Burkholderia_cenocepacia_aryl.and.biaryl.derivatives_aryl_ARYL,ARYL,aryl and biaryl derivatives
B5RIV0_DROME_Drosophila_melanogaster_C12.through.C17_longchain_LACS,LACS,C12 through C17
B7Z3Z9_HUMAN_Homo_sapiens_C12.through.C17_longchain_LACS,LACS,C12 through C17
B8JK22_DANRE_Danio_rerio_C12.through.C17_longchain_LACS,LACS,C12 through C17
BAIB_CLOSV_Clostridium_scindens_C18.and.up.or.bile.acid_verylongchainbile_VLACSBILE,VLACSBILE,C18 and up or bile acid
BCLA_THAAR_Thauera_aromatica_aryl.and.biaryl.derivatives_aryl_ARYL,ARYL,aryl and biaryl derivatives
CAIC_ECOLI_Escherichia_coli_amino.acid_aminoacid_NRPS,ARYL,polar and charged aa
CAR_MYCMM_Mycobacterium_marinum_aryl.and.biaryl.derivatives_aryl_CAR,LACS,C12 through C17
CAR_NOCIO_Nocardia_iowensis_cinnamate.and.succinylbenzoate.derivatives_aryl_CAR,ARYL,C12 through C17
CBACL_PSEUC_Pseudomonas_sp._aryl.and.biaryl.derivatives_aryl_ARYL,ARYL,aryl and biaryl derivatives
CBCL1_ARTSP_Arthrobacter_sp._aryl.and.biaryl.derivatives_aryl_ARYL,ARYL,aryl and biaryl derivatives
CMAA_PSESG_Pseudomonas_savastanoi_amino.acid_aminoacid_NRPS,NRPS,small hydrophobic aa
D3Z041_MOUSE_Mus_musculus_C12.through.C17_longchain_LACS,LACS,C12 through C17
D3ZGU2_RAT_Rattus_norvegicus_C2.through.C5_shortchain_SACS,SACS,C2 through C5
D3ZSL9_RAT_Rattus_norvegicus_C18.and.up.or.bile.acid_verylongchainbile_VLACSBILE,VLACSBILE,C18 and up or bile acid
D3ZUP3_RAT_Rattus_norvegicus_C18.and.up.or.bile.acid_verylongchainbile_VLACSBILE,VLACSBILE,C18 and up or bile acid
D6EQU8_STRLI_Streptomyces_lividans_C2.through.C5_shortchain_SACS,SACS,C2 through C5
D6RER0_HUMAN_Homo_sapiens_C12.through.C17_longchain_LACS,ARYL,C12 through C17
DDAD_ENTAG_Enterobacter_agglomerans_C2.through.C5_shortchain_NRPS,NRPS,C2 through C5
DLTA_BACCR_Bacillus_cereus_amino.acid_aminoacid_NRPS,NRPS,small hydrophilic aa
DLTA_BACSU_Bacillus_subtilis_amino.acid_aminoacid_NRPS,NRPS,small hydrophilic aa
DLTA_LACRH_Lactobacillus_rhamnosus_amino.acid_aminoacid_NRPS,NRPS,small hydrophilic aa
DLTA_STAAN_Staphylococcus_aureus_amino.acid_aminoacid_NRPS,NRPS,small hydrophilic aa
DLTA_STRP6_Streptococcus_pyogenes_amino.acid_aminoacid_NRPS,NRPS,small hydrophilic aa
DMDB_RUEPO_Ruegeria_pomeroyi_C2.through.C5_shortchain_OTHER,ARYL,cinnamate and succinylbenzoate derivatives
E1JHE4_DROME_Drosophila_melanogaster_C18.and.up.or.bile.acid_verylongchainbile_VLACSBILE,VLACSBILE,C18 and up or bile acid
E7EPM6_HUMAN_Homo_sapiens_C12.through.C17_longchain_LACS,LACS,C12 through C17
E7ERD7_HUMAN_Homo_sapiens_C12.through.C17_longchain_LACS,LACS,C12 through C17
E7F351_DANRE_Danio_rerio_C12.through.C17_longchain_LACS,LACS,C12 through C17
E9PUC2_MOUSE_Mus_musculus_C12.through.C17_longchain_LACS,LACS,C12 through C17
E9PUI6_MOUSE_Mus_musculus_amino.acid_aminoacid_NRPS,NRPS,bulky mainly phenyl derivatives aa
E9PUJ1_MOUSE_Mus_musculus_amino.acid_aminoacid_NRPS,ARYL,C2 through C5
E9PXV4_MOUSE_Mus_musculus_C18.and.up.or.bile.acid_verylongchainbile_VLACSBILE,VLACSBILE,C18 and up or bile acid
E9Q9W4_MOUSE_Mus_musculus_C18.and.up.or.bile.acid_verylongchainbile_VLACSBILE,VLACSBILE,C18 and up or bile acid
ECDI_ASPRU_Aspergillus_rugulosus_C18.and.up.or.bile.acid_verylongchainbile_FAAL,FAAL,C18 and up or bile acid
F1LPB3_RAT_Rattus_norvegicus_C12.through.C17_longchain_LACS,LACS,C12 through C17
F1M1W1_RAT_Rattus_norvegicus_C6.through.C11_mediumchain_MACS,LACS,C6 through C11
F1MQX0_BOVIN_Bos_taurus_C2.through.C5_shortchain_SACS,SACS,C2 through C5
F1MX08_BOVIN_Bos_taurus_C18.and.up.or.bile.acid_verylongchainbile_VLACSBILE,VLACSBILE,C18 and up or bile acid
F1QAA7_DANRE_Danio_rerio_C2.through.C5_shortchain_SACS,SACS,C2 through C5
F1QBA8_DANRE_Danio_rerio_C18.and.up.or.bile.acid_verylongchainbile_VLACSBILE,VLACSBILE,C18 and up or bile acid
F1QDA6_DANRE_Danio_rerio_C12.through.C17_longchain_LACS,LACS,C12 through C17
F1QEZ5_DANRE_Danio_rerio_C18.and.up.or.bile.acid_verylongchainbile_VLACSBILE,VLACSBILE,C18 and up or bile acid
F1QLZ8_DANRE_Danio_rerio_C18.and.up.or.bile.acid_verylongchainbile_VLACSBILE,VLACSBILE,C18 and up or bile acid
F1QQC5_DANRE_Danio_rerio_C18.and.up.or.bile.acid_verylongchainbile_VLACSBILE,VLACSBILE,C18 and up or bile acid
F1R452_DANRE_Danio_rerio_C12.through.C17_longchain_LACS,LACS,C12 through C17
F1RAK0_DANRE_Danio_rerio_C12.through.C17_longchain_LACS,LACS,C12 through C17
F1RCV2_DANRE_Danio_rerio_C18.and.up.or.bile.acid_verylongchainbile_VLACSBILE,VLACSBILE,C18 and up or bile acid
F1RJV7_PIG_Sus_scrofa_C12.through.C17_longchain_LACS,LACS,C12 through C17
F1RKU0_PIG_Sus_scrofa_C18.and.up.or.bile.acid_verylongchainbile_VLACSBILE,VLACSBILE,C12 through C17
F1RKU1_PIG_Sus_scrofa_C18.and.up.or.bile.acid_verylongchainbile_VLACSBILE,VLACSBILE,C12 through C17
F1RSZ3_PIG_Sus_scrofa_C12.through.C17_longchain_LACS,LACS,C12 through C17
F1RT96_PIG_Sus_scrofa_C12.through.C17_longchain_LACS,LACS,C12 through C17
F1RYM4_PIG_Sus_scrofa_C2.through.C5_shortchain_SACS,SACS,C2 through C5
F1S4Y0_PIG_Sus_scrofa_C2.through.C5_shortchain_SACS,SACS,C2 through C5
F1S5J8_PIG_Sus_scrofa_C12.through.C17_longchain_LACS,LACS,C12 through C17
F1SAS2_PIG_Sus_scrofa_C2.through.C5_shortchain_SACS,SACS,C2 through C5
F1SFW5_PIG_Sus_scrofa_C18.and.up.or.bile.acid_verylongchainbile_VLACSBILE,VLACSBILE,C18 and up or bile acid
F1SR72_PIG_Sus_scrofa_C12.through.C17_longchain_LACS,LACS,C12 through C17
F3Y661_STIAU_Stigmatella_aurantiaca_aryl.and.biaryl.derivatives_aryl_ARYL,ARYL,aryl and biaryl derivatives
F5GWL3_HUMAN_Homo_sapiens_C6.through.C11_mediumchain_MACS,MACS,C6 through C11
F5H4U6_HUMAN_Homo_sapiens_C12.through.C17_longchain_LACS,LACS,C12 through C17
FAA22_MYCMM_Mycobacterium_marinum_aryl.and.biaryl.derivatives_aryl_ARYL,ARYL,aryl and biaryl derivatives
FAA22_MYCTU_Mycobacterium_tuberculosis_aryl.and.biaryl.derivatives_aryl_ARYL,ARYL,aryl and biaryl derivatives
FAA26_MYCBO_Mycobacterium_bovis_C18.and.up.or.bile.acid_verylongchainbile_FAAL,FAAL,C12 through C17
FAA26_MYCTU_Mycobacterium_tuberculosis_C12.through.C17_longchain_FAAL,FAAL,C12 through C17
FAA28_MYCTU_Mycobacterium_tuberculosis_C12.through.C17_longchain_FAAL,FAAL,C12 through C17
FAA29_MYCMM_Mycobacterium_marinum_C18.and.up.or.bile.acid_verylongchainbile_FAAL,FAAL,C12 through C17
FAA29_MYCTU_Mycobacterium_tuberculosis_C18.and.up.or.bile.acid_verylongchainbile_FAAL,FAAL,C12 through C17
FAA30_MYCTU_Mycobacterium_tuberculosis_C12.through.C17_longchain_FAAL,FAAL,C12 through C17
FAA32_MYCMM_Mycobacterium_marinum_C12.through.C17_longchain_FAAL,FAAL,C12 through C17
FAA32_MYCTU_Mycobacterium_tuberculosis_C12.through.C17_longchain_FAAL,FAAL,C12 through C17
FAC13_MYCTU_Mycobacterium_tuberculosis_C12.through.C17_longchain_LACS,LACS,cinnamate and succinylbenzoate derivatives
FAC15_MYCTU_Mycobacterium_tuberculosis_C12.through.C17_longchain_LACS,LACS,C12 through C17
FAC17_MYCTU_Mycobacterium_tuberculosis_C12.through.C17_longchain_LACS,LACS,C12 through C17
FAC19_MYCTU_Mycobacterium_tuberculosis_C18.and.up.or.bile.acid_verylongchainbile_VLACSBILE,VLACSBILE,C18 and up or bile acid
FAC19_RHORH_Rhodococcus_rhodochrous_C18.and.up.or.bile.acid_verylongchainbile_VLACSBILE,VLACSBILE,C18 and up or bile acid
FAC23_MYCTU_Mycobacterium_tuberculosis_C12.through.C17_longchain_LACS,FAAL,C12 through C17
FAD10_MYCTU_Mycobacterium_tuberculosis_C12.through.C17_longchain_FAAL,FAAL,C12 through C17
FAD21_MYCTU_Mycobacterium_tuberculosis_C12.through.C17_longchain_FAAL,FAAL,C12 through C17
FAD25_MYCTU_Mycobacterium_tuberculosis_C12.through.C17_longchain_FAAL,FAAL,C12 through C17
FAD3_MYCTU_Mycobacterium_tuberculosis_unknown.other_other_OTHER,ARYL,cinnamate and succinylbenzoate derivatives
FAD3_RHOJR_Rhodococcus_jostii_unknown.other_other_OTHER,ARYL,C12 through C17
FADK_ECOLI_Escherichia_coli_C12.through.C17_longchain_LACS,LACS,C12 through C17
FAT1_YEAST_Saccharomyces_cerevisiae_C18.and.up.or.bile.acid_verylongchainbile_VLACSBILE,VLACSBILE,C18 and up or bile acid
FCSA_DICDI_Dictyostelium_discoideum_C12.through.C17_longchain_LACS,LACS,C12 through C17
G3V1R7_HUMAN_Homo_sapiens_C18.and.up.or.bile.acid_verylongchainbile_VLACSBILE,ARYL,C18 and up or bile acid
G3V7V3_RAT_Rattus_norvegicus_C18.and.up.or.bile.acid_verylongchainbile_VLACSBILE,VLACSBILE,C18 and up or bile acid
G3V9U0_RAT_Rattus_norvegicus_C2.through.C5_shortchain_SACS,SACS,C2 through C5
G3X8Y7_MOUSE_Mus_musculus_C18.and.up.or.bile.acid_verylongchainbile_VLACSBILE,VLACSBILE,C18 and up or bile acid
GLOD_GLAL2_Glarea_lozoyensis_C12.through.C17_longchain_LACS,LACS,C12 through C17
H3BNJ9_HUMAN_Homo_sapiens_C6.through.C11_mediumchain_MACS,MACS,C6 through C11
H3BTX9_HUMAN_Homo_sapiens_C6.through.C11_mediumchain_MACS,MACS,C6 through C11
H6SG27_STRSQ_Streptomyces_sp._amino.acid_aminoacid_NRPS,NRPS,small hydrophilic aa
HBCL1_METS5_Metallosphaera_sedula_C2.through.C5_shortchain_SACS,SACS,C2 through C5
HBCL2_METS5_Metallosphaera_sedula_C2.through.C5_shortchain_SACS,SACS,cinnamate and succinylbenzoate derivatives
HPCAS_METS5_Metallosphaera_sedula_C2.through.C5_shortchain_SACS,SACS,C2 through C5
HPCAS_SULTO_Sulfurisphaera_tokodaii_C2.through.C5_shortchain_SACS,SACS,C2 through C5
I3LSY0_PIG_Sus_scrofa_C6.through.C11_mediumchain_MACS,MACS,C6 through C11
I6Y0X0_MYCTU_Mycobacterium_tuberculosis_C12.through.C17_longchain_LACS,LACS,cinnamate and succinylbenzoate derivatives
I6Y7V6_MYCTU_Mycobacterium_tuberculosis_C12.through.C17_longchain_FAAL,FAAL,C12 through C17
J9VFT1_CRYNH_Cryptococcus_neoformans_C2.through.C5_shortchain_SACS,SACS,C2 through C5
L7N699_MYCTU_Mycobacterium_tuberculosis_C12.through.C17_longchain_FAAL,FAAL,C12 through C17
LACS6_ARATH_Arabidopsis_thaliana_C12.through.C17_longchain_LACS,LACS,C12 through C17
LACS7_ARATH_Arabidopsis_thaliana_C12.through.C17_longchain_LACS,LACS,C12 through C17
LACS8_ARATH_Arabidopsis_thaliana_C12.through.C17_longchain_LACS,LACS,C12 through C17
LACS9_ARATH_Arabidopsis_thaliana_C12.through.C17_longchain_LACS,LACS,C12 through C17
LCF1_YEAST_Saccharomyces_cerevisiae_C12.through.C17_longchain_LACS,LACS,C12 through C17
LCF2_YEAST_Saccharomyces_cerevisiae_C12.through.C17_longchain_LACS,LACS,C12 through C17
LCF3_YEAST_Saccharomyces_cerevisiae_C12.through.C17_longchain_LACS,LACS,C12 through C17
LCF4_YEAST_Saccharomyces_cerevisiae_C12.through.C17_longchain_LACS,LACS,C12 through C17
LCFA_ECOLI_Escherichia_coli_C12.through.C17_longchain_LACS,LACS,C12 through C17
LCFCS_THET8_Thermus_thermophilus_C12.through.C17_longchain_LACS,ARYL,cinnamate and succinylbenzoate derivatives
LUCI_LUCCR_Luciola_cruciata_luciferin_luciferin_LUCIFERASE,LUCIFERASE,luciferin
LUCI_LUCMI_Luciola_mingrelica_luciferin_luciferin_LUCIFERASE,LUCIFERASE,luciferin
LUCI_PHOPY_Photinus_pyralis_luciferin_luciferin_LUCIFERASE,LUCIFERASE,luciferin
LYS2_SCHPO_Schizosaccharomyces_pombe_C6.through.C11_mediumchain_MACS,MACS,C6 through C11
LYS2_YEAST_Saccharomyces_cerevisiae_C6.through.C11_mediumchain_MACS,MACS,C6 through C11
MBTA_MYCTU_Mycobacterium_tuberculosis_aryl.and.biaryl.derivatives_aryl_ARYL,ARYL,aryl and biaryl derivatives
MBTM_MYCTU_Mycobacterium_tuberculosis_C12.through.C17_longchain_FAAL,FAAL,C12 through C17
MENE_ARATH_Arabidopsis_thaliana_cinnamate.and.succinylbenzoate.derivatives_aryl_ARYL,ARYL,C12 through C17
MENE_BACSU_Bacillus_subtilis_cinnamate.and.succinylbenzoate.derivatives_aryl_ARYL,ARYL,cinnamate and succinylbenzoate derivatives
MENE_ECOLI_Escherichia_coli_cinnamate.and.succinylbenzoate.derivatives_aryl_ARYL,ARYL,cinnamate and succinylbenzoate derivatives
MENE_MYCTU_Mycobacterium_tuberculosis_cinnamate.and.succinylbenzoate.derivatives_aryl_ARYL,ARYL,cinnamate and succinylbenzoate derivatives
MENE_STAAN_Staphylococcus_aureus_cinnamate.and.succinylbenzoate.derivatives_aryl_ARYL,ARYL,cinnamate and succinylbenzoate derivatives
KOG46787.1_Streptomyces_virginiae_median.beta.hydroxyacid_medianbetahydroxyacidlong_BLS,BLS,median beta hydroxyacid
AGY62760.1_Streptomyces_aburaviensis_median.beta.hydroxyacid_medianbetahydroxyacidlong_BLS,BLS,median beta hydroxyacid
NP_717354.1_Shewanella_oneidensis_median.beta.hydroxyacid_medianbetahydroxyacidlong_BLS,BLS,median beta hydroxyacid
YP_268880.1_Colwellia_psychrerythraea_median.beta.hydroxyacid_medianbetahydroxyacidlong_BLS,BLS,median beta hydroxyacid
YP_562380.1_Shewanella_denitrificans_median.beta.hydroxyacid_medianbetahydroxyacidlong_BLS,BLS,median beta hydroxyacid
YP_927061.1_Shewanella_amazonensis_median.beta.hydroxyacid_medianbetahydroxyacidlong_BLS,BLS,median beta hydroxyacid
YP_947744.1_Arthrobacter_aurescens_median.beta.hydroxyacid_medianbetahydroxyacidlong_BLS,BLS,median beta hydroxyacid
YP_001049935.1_Shewanella_baltica_median.beta.hydroxyacid_medianbetahydroxyacidlong_BLS,BLS,median beta hydroxyacid
ZP_01857291.1_Planctomyces_maris_median.beta.hydroxyacid_medianbetahydroxyacidlong_BLS,BLS,median beta hydroxyacid
YP_001637104.1_Chloroflexus_aurantiacus_median.beta.hydroxyacid_medianbetahydroxyacidlong_BLS,BLS,median beta hydroxyacid
YP_001854904.1_Kocuria_rhizophila_median.beta.hydroxyacid_medianbetahydroxyacidlong_BLS,BLS,median beta hydroxyacid
YP_002138909.1_Geobacter_bemidjiensis_median.beta.hydroxyacid_medianbetahydroxyacidlong_BLS,BLS,median beta hydroxyacid
AFC01244.1_Stenotrophomonas_maltophilia_median.beta.hydroxyacid_medianbetahydroxyacidlong_BLS,BLS,median beta hydroxyacid
WP_010078536.1_Micrococcus_luteus_median.beta.hydroxyacid_medianbetahydroxyacidlong_BLS,BLS,median beta hydroxyacid
WP_011035474.1_Xanthomonas_campestris_median.beta.hydroxyacid_medianbetahydroxyacidlong_BLS,BLS,median beta hydroxyacid
WP_036166093.1_Lysobacter_dokdonensis_median.beta.hydroxyacid_medianbetahydroxyacidlong_BLS,BLS,median beta hydroxyacid
WP_043804215.1_Arenimonas_malthae_median.beta.hydroxyacid_medianbetahydroxyacidlong_BLS,BLS,median beta hydroxyacid
WP_082785907.1_Shewanella_putrefaciens_median.beta.hydroxyacid_medianbetahydroxyacidlong_BLS,BLS,median beta hydroxyacid
ZP_01515934.1_Chloroflexus_aggregans_median.beta.hydroxyacid_medianbetahydroxyacidlong_BLS,BLS,median beta hydroxyacid
YP_001529891.1_Desulfococcus_oleovorans_median.beta.hydroxyacid_medianbetahydroxyacidlong_BLS,BLS,median beta hydroxyacid
YP_066367.1_Desulfotalea_psychrophila_median.beta.hydroxyacid_medianbetahydroxyacidlong_BLS,BLS,median beta hydroxyacid
ZP_01311978.1_Desulfuromonas_acetoxidans_median.beta.hydroxyacid_medianbetahydroxyacidlong_BLS,BLS,median beta hydroxyacid
YP_002660798.1_gamma_proteobacterium_median.beta.hydroxyacid_medianbetahydroxyacidlong_BLS,BLS,median beta hydroxyacid
YP_001952507.1_Geobacter_lovleyi_median.beta.hydroxyacid_medianbetahydroxyacidlong_BLS,BLS,median beta hydroxyacid
ZP_01387897.1_Geobacter_sp._median.beta.hydroxyacid_medianbetahydroxyacidlong_BLS,BLS,median beta hydroxyacid
ZP_03022590.1_Geobacter_sp._median.beta.hydroxyacid_medianbetahydroxyacidlong_BLS,BLS,median beta hydroxyacid
YP_001230771.1_Geobacter_uraniireducens_median.beta.hydroxyacid_medianbetahydroxyacidlong_BLS,BLS,median beta hydroxyacid
ZP_01897864.1_Moritella_sp._median.beta.hydroxyacid_medianbetahydroxyacidlong_BLS,BLS,median beta hydroxyacid
ZP_03724080.1_Diplosphaera_colitermitum_median.beta.hydroxyacid_medianbetahydroxyacidlong_BLS,BLS,median beta hydroxyacid
YP_001817746.1_Opitutus_terrae_median.beta.hydroxyacid_medianbetahydroxyacidlong_BLS,BLS,median beta hydroxyacid
YP_902768.1_Pelobacter_propionicus_median.beta.hydroxyacid_medianbetahydroxyacidlong_BLS,BLS,median beta hydroxyacid
ZP_01221859.1_Photobacterium_profundum_median.beta.hydroxyacid_medianbetahydroxyacidlong_BLS,BLS,median beta hydroxyacid
YP_129677.1_Photobacterium_profundum_median.beta.hydroxyacid_medianbetahydroxyacidlong_BLS,BLS,median beta hydroxyacid
YP_943363.1_Psychromonas_ingrahamii_median.beta.hydroxyacid_medianbetahydroxyacidlong_BLS,BLS,median beta hydroxyacid
ZP_01216823.1_Psychromonas_sp._median.beta.hydroxyacid_medianbetahydroxyacidlong_BLS,BLS,median beta hydroxyacid
YP_001365758.1_Shewanella_baltica_median.beta.hydroxyacid_medianbetahydroxyacidlong_BLS,BLS,median beta hydroxyacid
YP_001554015.1_Shewanella_baltica_median.beta.hydroxyacid_medianbetahydroxyacidlong_BLS,BLS,median beta hydroxyacid
YP_002358708.1_Shewanella_baltica_median.beta.hydroxyacid_medianbetahydroxyacidlong_BLS,BLS,median beta hydroxyacid
ZP_02159178.1_Shewanella_benthica_median.beta.hydroxyacid_medianbetahydroxyacidlong_BLS,BLS,median beta hydroxyacid
YP_750058.1_Shewanella_frigidimarina_median.beta.hydroxyacid_medianbetahydroxyacidlong_BLS,BLS,median beta hydroxyacid
YP_001675029.1_Shewanella_halifaxensis_median.beta.hydroxyacid_medianbetahydroxyacidlong_BLS,BLS,median beta hydroxyacid
YP_001093841.1_Shewanella_loihica_median.beta.hydroxyacid_medianbetahydroxyacidlong_BLS,BLS,median beta hydroxyacid
YP_001502589.1_Shewanella_pealeana_median.beta.hydroxyacid_medianbetahydroxyacidlong_BLS,BLS,median beta hydroxyacid
YP_002312623.1_Shewanella_piezotolerans_median.beta.hydroxyacid_medianbetahydroxyacidlong_BLS,BLS,median beta hydroxyacid
ZP_01706253.1_Shewanella_putrefaciens_median.beta.hydroxyacid_medianbetahydroxyacidlong_BLS,BLS,median beta hydroxyacid
YP_001182971.1_Shewanella_putrefaciens_median.beta.hydroxyacid_medianbetahydroxyacidlong_BLS,BLS,median beta hydroxyacid
YP_001473251.1_Shewanella_sediminis_median.beta.hydroxyacid_medianbetahydroxyacidlong_BLS,BLS,median beta hydroxyacid
YP_870346.1_Shewanella_sp._median.beta.hydroxyacid_medianbetahydroxyacidlong_BLS,BLS,median beta hydroxyacid
YP_734674.1_Shewanella_sp._median.beta.hydroxyacid_medianbetahydroxyacidlong_BLS,BLS,median beta hydroxyacid
YP_738655.1_Shewanella_sp._median.beta.hydroxyacid_medianbetahydroxyacidlong_BLS,BLS,median beta hydroxyacid
YP_964029.1_Shewanella_sp._median.beta.hydroxyacid_medianbetahydroxyacidlong_BLS,BLS,median beta hydroxyacid
YP_001761523.1_Shewanella_woodyi_median.beta.hydroxyacid_medianbetahydroxyacidlong_BLS,BLS,median beta hydroxyacid
YP_001970131.1_Stenotrophomonas_maltophilia_median.beta.hydroxyacid_medianbetahydroxyacidlong_BLS,BLS,median beta hydroxyacid
YP_002026558.1_Stenotrophomonas_maltophilia_median.beta.hydroxyacid_medianbetahydroxyacidlong_BLS,BLS,median beta hydroxyacid
ZP_05134133.1_Stenotrophomonas_sp._median.beta.hydroxyacid_medianbetahydroxyacidlong_BLS,BLS,median beta hydroxyacid
CAJ87982.1_Streptomyces_ambofaciens_median.beta.hydroxyacid_medianbetahydroxyacidlong_BLS,BLS,median beta hydroxyacid
ZP_04685216.1_Streptomyces_ghanaensis_median.beta.hydroxyacid_medianbetahydroxyacidlong_BLS,BLS,median beta hydroxyacid
NP_640593.2_Xanthomonas_axonopodis_median.beta.hydroxyacid_medianbetahydroxyacidlong_BLS,BLS,median beta hydroxyacid
YP_001901643.1_Xanthomonas_campestris_median.beta.hydroxyacid_medianbetahydroxyacidlong_BLS,BLS,median beta hydroxyacid
YP_202854.6_Xanthomonas_oryzae_median.beta.hydroxyacid_medianbetahydroxyacidlong_BLS,BLS,median beta hydroxyacid
ZP_02241408.1_Xanthomonas_oryzae_median.beta.hydroxyacid_medianbetahydroxyacidlong_BLS,BLS,median beta hydroxyacid
YP_947744.1_Arthrobacter_aurescens_median.beta.hydroxyacid_medianbetahydroxyacidlong_BLS,BLS,median beta hydroxyacid
YP_002486535.1_Arthrobacter_chlorophenolicus_median.beta.hydroxyacid_medianbetahydroxyacidlong_BLS,BLS,median beta hydroxyacid
ZP_04530118.1_Brachybacterium_faecium_median.beta.hydroxyacid_medianbetahydroxyacidlong_BLS,BLS,median beta hydroxyacid
ZP_00380721.1_Brevibacterium_linens_median.beta.hydroxyacid_medianbetahydroxyacidlong_BLS,BLS,median beta hydroxyacid
YP_001710553.1_Clavibacter_michiganensis_median.beta.hydroxyacid_medianbetahydroxyacidlong_BLS,BLS,median beta hydroxyacid
ZP_01103250.1_Congregibacter_litoralis_median.beta.hydroxyacid_medianbetahydroxyacidlong_BLS,BLS,median beta hydroxyacid
ZP_03888711.1_Geodermatophilus_obscurus_median.beta.hydroxyacid_medianbetahydroxyacidlong_BLS,BLS,median beta hydroxyacid
YP_001361431.1_Kineococcus_radiotolerans_median.beta.hydroxyacid_medianbetahydroxyacidlong_BLS,BLS,median beta hydroxyacid
YP_001854904.1_Kocuria_rhizophila_median.beta.hydroxyacid_medianbetahydroxyacidlong_BLS,BLS,median beta hydroxyacid
ZP_04042223.1_Kytococcus_sedentarius_median.beta.hydroxyacid_medianbetahydroxyacidlong_BLS,BLS,median beta hydroxyacid
YP_002957383.1_Micrococcus_luteus_median.beta.hydroxyacid_medianbetahydroxyacidlong_BLS,BLS,median beta hydroxyacid
ZP_04350502.1_Nakamurella_multipartita_median.beta.hydroxyacid_medianbetahydroxyacidlong_BLS,BLS,median beta hydroxyacid
CAA61668.1_Lampyris_noctiluca_luciferin_luciferin_LUCIFERASE,LUCIFERASE,luciferin
CAA59281.1_Photinus_pyralis_luciferin_luciferin_LUCIFERASE,LUCIFERASE,luciferin
BAA05005.1_Photuris_pensylvanica_luciferin_luciferin_LUCIFERASE,LUCIFERASE,luciferin
AAG45439.1_Pyrocoelia_rufa_luciferin_luciferin_LUCIFERASE,LUCIFERASE,luciferin
AAM00429.1_Hotaria_unmunsana_luciferin_luciferin_LUCIFERASE,LUCIFERASE,luciferin
AAQ11688.1_Pyrophorus_plagiophthalamus_luciferin_luciferin_LUCIFERASE,LUCIFERASE,luciferin
AAQ19141.1_Pyrophorus_mellifluus_luciferin_luciferin_LUCIFERASE,LUCIFERASE,luciferin
AAV32457.1_Cratomorphus_distinctus_luciferin_luciferin_LUCIFERASE,LUCIFERASE,luciferin
AAZ74651.1_Lampyroidea_maculata_luciferin_luciferin_LUCIFERASE,LUCIFERASE,luciferin
ABA03040.1_Luciola_italica_luciferin_luciferin_LUCIFERASE,LUCIFERASE,luciferin
BAE80731.1_Luciola_cruciata_luciferin_luciferin_LUCIFERASE,LUCIFERASE,luciferin
ABD66580.1_Diaphanes_pectinealis_luciferin_luciferin_LUCIFERASE,LUCIFERASE,luciferin
XP_967226.1_Tribolium_castaneum_luciferin_luciferin_LUCIFERASE,LUCIFERASE,luciferin
ABM21578.1_Pyrocoelia_pectoralis_luciferin_luciferin_LUCIFERASE,LUCIFERASE,luciferin
BAF96580.1_Agrypnus_binodulus_luciferin_luciferin_LUCIFERASE,LUCIFERASE,luciferin
ABZ88151.1_Abscondita_terminalis_luciferin_luciferin_LUCIFERASE,LUCIFERASE,luciferin
XP_001845435.1_Culex_quinquefasciatus_luciferin_luciferin_LUCIFERASE,LUCIFERASE,luciferin
ACF61063.1_Pyrocoelia_pygidialis_luciferin_luciferin_LUCIFERASE,LUCIFERASE,luciferin
XP_002429109.1_Pediculus_humanus_luciferin_luciferin_LUCIFERASE,LUCIFERASE,luciferin
ACT68596.1_Brasilocerus_sp._luciferin_luciferin_LUCIFERASE,LUCIFERASE,luciferin
ACT68597.1_Phrixothrix_hirtus_luciferin_luciferin_LUCIFERASE,LUCIFERASE,luciferin
BAI66600.1_Pyrophorus_angustus_luciferin_luciferin_LUCIFERASE,LUCIFERASE,luciferin
BAJ07977.1_Lucidina_biplagiata_luciferin_luciferin_LUCIFERASE,LUCIFERASE,luciferin
ADK56478.1_Taximastinocerus_sp._luciferin_luciferin_LUCIFERASE,LUCIFERASE,luciferin
XP_003395843.1_Bombus_terrestris_luciferin_luciferin_LUCIFERASE,LUCIFERASE,luciferin
BAL40874.1_Cyphonocerus_ruficollis_luciferin_luciferin_LUCIFERASE,LUCIFERASE,luciferin
BAL40875.1_Drilaster_axillaris_luciferin_luciferin_LUCIFERASE,LUCIFERASE,luciferin
BAL46509.1_Stenocladius_azumai_luciferin_luciferin_LUCIFERASE,LUCIFERASE,luciferin
BAL46510.1_Aquatica_lateralis_luciferin_luciferin_LUCIFERASE,LUCIFERASE,luciferin
BAL46511.1_Luciola_parvula_luciferin_luciferin_LUCIFERASE,LUCIFERASE,luciferin
XP_003696437.1_Apis_florea_luciferin_luciferin_LUCIFERASE,LUCIFERASE,luciferin
KFB36727.1_Anopheles_sinensis_luciferin_luciferin_LUCIFERASE,LUCIFERASE,luciferin
XP_011061069.1_Acromyrmex_echinatior_luciferin_luciferin_LUCIFERASE,LUCIFERASE,luciferin
BAQ25862.1_Pyrophorus_sp._luciferin_luciferin_LUCIFERASE,LUCIFERASE,luciferin
BAQ25863.1_Cryptalaus_berus_luciferin_luciferin_LUCIFERASE,LUCIFERASE,luciferin
BAQ25864.1_Pectocera_fortunei_luciferin_luciferin_LUCIFERASE,LUCIFERASE,luciferin
XP_011549729.1_Plutella_xylostella_luciferin_luciferin_LUCIFERASE,LUCIFERASE,luciferin
XP_012139139.1_Megachile_rotundata_luciferin_luciferin_LUCIFERASE,LUCIFERASE,luciferin
XP_012160201.1_Ceratitis_capitata_luciferin_luciferin_LUCIFERASE,LUCIFERASE,luciferin
XP_012262049.1_Athalia_rosae_luciferin_luciferin_LUCIFERASE,LUCIFERASE,luciferin
XP_014467589.1_Dinoponera_quadriceps_luciferin_luciferin_LUCIFERASE,LUCIFERASE,luciferin
XP_015439820.1_Dufourea_novaeangliae_luciferin_luciferin_LUCIFERASE,LUCIFERASE,luciferin
XP_015589272.1_Cephus_cinctus_luciferin_luciferin_LUCIFERASE,LUCIFERASE,luciferin
XP_016906808.1_Apis_cerana_luciferin_luciferin_LUCIFERASE,LUCIFERASE,luciferin
BAV92785.1_Pyrocoelia_sp._luciferin_luciferin_LUCIFERASE,LUCIFERASE,luciferin
XP_019766217.1_Dendroctonus_ponderosae_luciferin_luciferin_LUCIFERASE,LUCIFERASE,luciferin
BAW87786.1_Pyrocoelia_atripennis_luciferin_luciferin_LUCIFERASE,LUCIFERASE,luciferin
XP_020299574.1_Pseudomyrmex_gracilis_luciferin_luciferin_LUCIFERASE,LUCIFERASE,luciferin
XP_021912915.1_Zootermopsis_nevadensis_luciferin_luciferin_LUCIFERASE,ARYL,luciferin
XP_022194958.1_Nilaparvata_lugens_luciferin_luciferin_LUCIFERASE,LUCIFERASE,luciferin
XP_022817592.1_Spodoptera_litura_luciferin_luciferin_LUCIFERASE,LUCIFERASE,luciferin
XP_022911402.1_Onthophagus_taurus_luciferin_luciferin_LUCIFERASE,LUCIFERASE,luciferin
XP_023022319.1_Leptinotarsa_decemlineata_luciferin_luciferin_LUCIFERASE,LUCIFERASE,luciferin
XP_026314673.1_Hyposmocoma_kahamanoa_luciferin_luciferin_LUCIFERASE,LUCIFERASE,luciferin
BBD06514.1_Watasenia_scintillans_C2.through.C5_shortchain_OTHER,ARYL,C12 through C17
AXM90648.1_Watasenia_scintillans_C2.through.C5_shortchain_OTHER,ARYL,median beta hydroxyacid
AXM90649.1_Watasenia_scintillans_C2.through.C5_shortchain_OTHER,ARYL,cinnamate and succinylbenzoate derivatives
NCSB2_STRCZ_Streptomyces_carzinostaticus_aryl.and.biaryl.derivatives_aryl_ARYL,ARYL,aryl and biaryl derivatives
O05295_MYCTU_Mycobacterium_tuberculosis_C12.through.C17_longchain_LACS,ARYL,C12 through C17
O05307_MYCTU_Mycobacterium_tuberculosis_C12.through.C17_longchain_LACS,LACS,C12 through C17
O06417_MYCTU_Mycobacterium_tuberculosis_C12.through.C17_longchain_LACS,LACS,C12 through C17
O06831_MYCTU_Mycobacterium_tuberculosis_C12.through.C17_longchain_LACS,LACS,C12 through C17
O07169_MYCTU_Mycobacterium_tuberculosis_C12.through.C17_longchain_LACS,LACS,C12 through C17
O07411_MYCTU_Mycobacterium_tuberculosis_C12.through.C17_longchain_LACS,LACS,C12 through C17
O30147_ARCFU_Archaeoglobus_fulgidus_C12.through.C17_longchain_LACS,LACS,C12 through C17
O53406_MYCTU_Mycobacterium_tuberculosis_C6.through.C11_mediumchain_MACS,ARYL,C6 through C11
O53903_MYCTU_Mycobacterium_tuberculosis_C12.through.C17_longchain_FAAL,FAAL,C12 through C17
P72007_MYCTU_Mycobacterium_tuberculosis_C18.and.up.or.bile.acid_verylongchainbile_VLACSBILE,VLACSBILE,C12 through C17
P95227_MYCTU_Mycobacterium_tuberculosis_C12.through.C17_longchain_LACS,LACS,C12 through C17
P96396_MYCTU_Mycobacterium_tuberculosis_C12.through.C17_longchain_LACS,LACS,C12 through C17
PAAK_AZOEV_Azoarcus_evansii_aryl.and.biaryl.derivatives_aryl_ARYL,ARYL,aryl and biaryl derivatives
PAAK_ECOLI_Escherichia_coli_aryl.and.biaryl.derivatives_aryl_ARYL,ARYL,aryl and biaryl derivatives
PAAK_PSEPU_Pseudomonas_putida_aryl.and.biaryl.derivatives_aryl_ARYL,ARYL,aryl and biaryl derivatives
PAAK_THET2_Thermus_thermophilus_aryl.and.biaryl.derivatives_aryl_ARYL,ARYL,aryl and biaryl derivatives
PIGI_SERS3_Serratia_sp._amino.acid_aminoacid_NRPS,NRPS,cyclic aliphatic aa
PQSA_PSEAE_Pseudomonas_aeruginosa_aryl.and.biaryl.derivatives_aryl_ARYL,ARYL,aryl and biaryl derivatives
PYR1_ASPFU_Neosartorya_fumigata_aryl.and.biaryl.derivatives_aryl_ARYL,ARYL,aryl and biaryl derivatives
Q08BF2_DANRE_Danio_rerio_C18.and.up.or.bile.acid_verylongchainbile_VLACSBILE,VLACSBILE,C18 and up or bile acid
Q0VCZ8_BOVIN_Bos_taurus_C12.through.C17_longchain_LACS,LACS,C12 through C17
Q13WK3_PARXL_Paraburkholderia_xenovorans_aryl.and.biaryl.derivatives_aryl_ARYL,ARYL,aryl and biaryl derivatives
Q18496_CAEEL_Caenorhabditis_elegans_C2.through.C5_shortchain_SACS,SACS,C2 through C5
Q1LVA8_DANRE_Danio_rerio_C12.through.C17_longchain_LACS,LACS,C12 through C17
Q1LZF6_BOVIN_Bos_taurus_C12.through.C17_longchain_LACS,LACS,C12 through C17
Q2QC87_PIG_Sus_scrofa_C12.through.C17_longchain_LACS,LACS,C18 and up or bile acid
Q50631_MYCTU_Mycobacterium_tuberculosis_C12.through.C17_longchain_LACS,LACS,C12 through C17
Q59E09_DROME_Drosophila_melanogaster_C2.through.C5_shortchain_SACS,SACS,C2 through C5
Q5F2C5_MOUSE_Mus_musculus_C12.through.C17_longchain_LACS,LACS,C12 through C17
Q5ICG5_MOUSE_Mus_musculus_C12.through.C17_longchain_LACS,LACS,C12 through C17
Q5UFR2_9COLE_Lampyris_turkestanicus_luciferin_luciferin_LUCIFERASE,LUCIFERASE,luciferin
Q5ZTD3_LEGPH_Legionella_pneumophila_C12.through.C17_longchain_FAAL,FAAL,C12 through C17
Q65ZB8_CAEEL_Caenorhabditis_elegans_C2.through.C5_shortchain_SACS,SACS,C2 through C5
Q6DHN4_DANRE_Danio_rerio_C2.through.C5_shortchain_SACS,SACS,C2 through C5
Q6GMM8_RAT_Rattus_norvegicus_C18.and.up.or.bile.acid_verylongchainbile_VLACSBILE,VLACSBILE,C18 and up or bile acid
Q6NAE3_RHOPA_Rhodopseudomonas_palustris_C12.through.C17_longchain_LACS,LACS,C12 through C17
Q6NC13_RHOPA_Rhodopseudomonas_palustris_aryl.and.biaryl.derivatives_aryl_ARYL,ARYL,aryl and biaryl derivatives
Q6ND88_RHOPA_Rhodopseudomonas_palustris_C2.through.C5_shortchain_SACS,SACS,C2 through C5
Q8AAN6_BACTN_Bacteroides_thetaiotaomicron_aryl.and.biaryl.derivatives_aryl_ARYL,ARYL,aryl and biaryl derivatives
Q8BYJ0_MOUSE_Mus_musculus_C12.through.C17_longchain_LACS,LACS,C12 through C17
Q8C028_MOUSE_Mus_musculus_C12.through.C17_longchain_LACS,LACS,C12 through C17
Q8GN86_9BURK_Alcaligenes_sp._aryl.and.biaryl.derivatives_aryl_ARYL,ARYL,aryl and biaryl derivatives
Q8R1X1_MOUSE_Mus_musculus_C12.through.C17_longchain_LACS,LACS,C12 through C17
Q8T3L1_DROME_Drosophila_melanogaster_C12.through.C17_longchain_LACS,LACS,C12 through C17
Q941M3_POPTO_Populus_tomentosa_cinnamate.and.succinylbenzoate.derivatives_aryl_ARYL,ARYL,cinnamate and succinylbenzoate derivatives
Q9U4U7_9COLE_Phrixothrix_hirtus_luciferin_luciferin_LUCIFERASE,LUCIFERASE,luciferin
Q9VKU1_DROME_Drosophila_melanogaster_C18.and.up.or.bile.acid_verylongchainbile_VLACSBILE,VLACSBILE,C18 and up or bile acid
R4GNB1_HUMAN_Homo_sapiens_amino.acid_aminoacid_NRPS,NRPS,bulky mainly phenyl derivatives aa
S27A1_HUMAN_Homo_sapiens_C18.and.up.or.bile.acid_verylongchainbile_VLACSBILE,VLACSBILE,C18 and up or bile acid
S27A1_MOUSE_Mus_musculus_C18.and.up.or.bile.acid_verylongchainbile_VLACSBILE,VLACSBILE,C18 and up or bile acid
S27A2_HUMAN_Homo_sapiens_C18.and.up.or.bile.acid_verylongchainbile_VLACSBILE,VLACSBILE,C18 and up or bile acid
S27A2_MOUSE_Mus_musculus_C18.and.up.or.bile.acid_verylongchainbile_VLACSBILE,VLACSBILE,C18 and up or bile acid
S27A2_RAT_Rattus_norvegicus_C18.and.up.or.bile.acid_verylongchainbile_VLACSBILE,VLACSBILE,C18 and up or bile acid
S27A3_MOUSE_Mus_musculus_C18.and.up.or.bile.acid_verylongchainbile_VLACSBILE,VLACSBILE,C18 and up or bile acid
S27A4_HUMAN_Homo_sapiens_C18.and.up.or.bile.acid_verylongchainbile_VLACSBILE,VLACSBILE,C18 and up or bile acid
S27A4_MOUSE_Mus_musculus_C18.and.up.or.bile.acid_verylongchainbile_VLACSBILE,VLACSBILE,C18 and up or bile acid
S27A5_HUMAN_Homo_sapiens_C18.and.up.or.bile.acid_verylongchainbile_VLACSBILE,VLACSBILE,C18 and up or bile acid
S27A5_MOUSE_Mus_musculus_C18.and.up.or.bile.acid_verylongchainbile_VLACSBILE,VLACSBILE,C18 and up or bile acid
S27A5_RAT_Rattus_norvegicus_C18.and.up.or.bile.acid_verylongchainbile_VLACSBILE,VLACSBILE,C18 and up or bile acid
VRTB_PENAE_Penicillium_aethiopicum_C2.through.C5_shortchain_SACS,ARYL,C2 through C5
X5IJ97_9ACTN_Streptomyces_sp._C6.through.C11_mediumchain_MACS,MACS,C6 through C11
U5TSK2_RHILE_Rhizobium_leguminosarum_C2.through.C5_shortchain_SACS,SACS,C2 through C5
X6R3N0_HUMAN_Homo_sapiens_C18.and.up.or.bile.acid_verylongchainbile_VLACSBILE,VLACSBILE,C18 and up or bile acid
WP_027148176.1_Methylobacter_tundripaludum_C2.through.C5_shortchain_ARYL,ARYL,C2 through C5
ABV56587.1_Kutzneria_sp._C2.through.C5_shortchain_SACS,ARYL,aryl and biaryl derivatives
NP_230421.1_Vibrio_cholerae_aryl.and.biaryl.derivatives_aryl_ARYL,ARYL,aryl and biaryl derivatives
CBA63660.1_Streptomyces_sp._aryl.and.biaryl.derivatives_aryl_ARYL,ARYL,aryl and biaryl derivatives
AGE11892.1_Streptomyces_sp._aryl.and.biaryl.derivatives_aryl_ARYL,ARYL,aryl and biaryl derivatives
AAM77987.1_Streptomyces_carzinostaticus_aryl.and.biaryl.derivatives_aryl_ARYL,ARYL,aryl and biaryl derivatives
BAG16281.1_Nocardia_brasiliensis_aryl.and.biaryl.derivatives_aryl_ARYL,ARYL,aryl and biaryl derivatives
AAN85536.1_Streptomyces_atroolivaceus_cinnamate.and.succinylbenzoate.derivatives_aryl_ARYL,ARYL,cinnamate and succinylbenzoate derivatives
ACU59373.1_Chitinophaga_pinensis_cinnamate.and.succinylbenzoate.derivatives_aryl_ARYL,ARYL,cinnamate and succinylbenzoate derivatives
CAE52336.1_Xanthomonas_albilineans_aryl.and.biaryl.derivatives_aryl_ARYL,ARYL,aryl and biaryl derivatives
ADC79613.1_Streptomyces_lohii_amino.acid_aminoacid_NRPS,ARYL,C12 through C17
ADZ13540.1_Streptomyces_sp._aryl.and.biaryl.derivatives_aryl_ARYL,ARYL,aryl and biaryl derivatives
CAE16560.1_Photorhabdus_luminescens_C2.through.C5_shortchain_SACS,ARYL,C2 through C5
AIL50189.1_Streptomyces_aureus_amino.acid_aminoacid_NRPS,ARYL,C12 through C17
BAN59740.1_Rhodococcus_erythropolis_aryl.and.biaryl.derivatives_aryl_ARYL,ARYL,aryl and biaryl derivatives
CAL48957.1_Stigmatella_aurantiaca_aryl.and.biaryl.derivatives_aryl_ARYL,ARYL,aryl and biaryl derivatives
AKA54630.1_Streptomyces_sp._cinnamate.and.succinylbenzoate.derivatives_aryl_ARYL,ARYL,cinnamate and succinylbenzoate derivatives
AAQ84158.1_Streptomyces_sp._C6.through.C11_mediumchain_MACS,MACS,C6 through C11
AFV96135.1_Cylindrospermum_licheniforme_C6.through.C11_mediumchain_FAAL,FAAL,C6 through C11
AIW82280.1_Cylindrospermum_alatosporum_C12.through.C17_longchain_FAAL,FAAL,C12 through C17
BAQ25518.1_Micromonospora_sp._C2.through.C5_shortchain_SACS,ARYL,C2 through C5
AWW87429.1_Streptomyces_sp._C2.through.C5_shortchain_SACS,SACS,C2 through C5
AGD80622.1_Streptomyces_lusitanus_C12.through.C17_longchain_FAAL,FAAL,C12 through C17
EPE34349.1_Glarea_lozoyensis_C12.through.C17_longchain_LACS,LACS,C12 through C17
CAE02600.1_Streptomyces_thioluteus_aryl.and.biaryl.derivatives_aryl_ARYL,ARYL,aryl and biaryl derivatives
BAO84862.1_Streptomyces_melanovinaceus_C12.through.C17_longchain_LACS,FAAL,C12 through C17
ACZ65474.1_Streptomyces_sp._C12.through.C17_longchain_FAAL,FAAL,C12 through C17
ADE34495.1_Streptomyces_sp._aryl.and.biaryl.derivatives_aryl_ARYL,ARYL,aryl and biaryl derivatives
ABY66018.1_Actinomadura_madurae_aryl.and.biaryl.derivatives_aryl_ARYL,ARYL,aryl and biaryl derivatives
AAO07759.1_Vibrio_vulnificus_aryl.and.biaryl.derivatives_aryl_ARYL,ARYL,aryl and biaryl derivatives
AAO07763.1_Vibrio_vulnificus_aryl.and.biaryl.derivatives_aryl_ARYL,ARYL,aryl and biaryl derivatives
ADQ74621.1_Pseudomonas_putida_aryl.and.biaryl.derivatives_aryl_ARYL,ARYL,aryl and biaryl derivatives
AAL65279.1_Pseudomonas_fluorescens_aryl.and.biaryl.derivatives_aryl_ARYL,ARYL,aryl and biaryl derivatives
AHH53502.1_Saccharomonospora_sp._C6.through.C11_mediumchain_FAAL,FAAL,C6 through C11
AAC26134.1_Streptomyces_griseus_unknown.other_other_OTHER,ARYL,cinnamate and succinylbenzoate derivatives
AJT38684.1_Streptomyces_griseus_unknown.other_other_OTHER,ARYL,C2 through C5
AMEG_HIPS_SALB_00478_Streptomyces_alboniger_unknown.other_other_OTHER,ARYL,cinnamate and succinylbenzoate derivatives
AFO59871.1_Streptomyces_sp._C6.through.C11_mediumchain_MACS,ARYL,C6 through C11
CAE53367.1_Actinoplanes_teichomyceticus_C6.through.C11_mediumchain_MACS,MACS,C6 through C11
CAG15025.1_Actinoplanes_teichomyceticus_C6.through.C11_mediumchain_MACS,MACS,C6 through C11
ALA09345.1_Micromonospora_sp._C2.through.C5_shortchain_NRPS,NRPS,C2 through C5
ACN52300.1_Streptomyces_laurentii_cinnamate.and.succinylbenzoate.derivatives_aryl_ARYL,ARYL,cinnamate and succinylbenzoate derivatives
ATY72527.1_Streptomyces_thioluteus_C2.through.C5_shortchain_OTHER,LACS,C12 through C17
AHH34187.1_Moorea_bouillonii_C12.through.C17_longchain_FAAL,FAAL,C12 through C17
AHH34188.1_Moorea_producens_C12.through.C17_longchain_FAAL,FAAL,C12 through C17
CUW01185.1_Streptomyces_caniferus_aryl.and.biaryl.derivatives_aryl_ARYL,ARYL,aryl and biaryl derivatives
CAD32910.2_Actinoplanes_friuliensis_C12.through.C17_longchain_FAAL,FAAL,C12 through C17
ABF88003.1_Myxococcus_xanthus_C12.through.C17_longchain_LACS,ARYL,C12 through C17
WP_028678153.1_Salinispora_arenicola_aryl.and.biaryl.derivatives_aryl_ARYL,ARYL,aryl and biaryl derivatives
AFV52187.1_Streptoalloteichus_sp._aryl.and.biaryl.derivatives_aryl_ARYL,ARYL,aryl and biaryl derivatives
WP_010639243.1_Streptomyces_sp._cinnamate.and.succinylbenzoate.derivatives_aryl_ARYL,ARYL,cinnamate and succinylbenzoate derivatives
YP_856992.1_Aeromonas_hydrophila_aryl.and.biaryl.derivatives_aryl_ARYL,ARYL,aryl and biaryl derivatives
CAB15188.1_Bacillus_subtilis_aryl.and.biaryl.derivatives_aryl_ARYL,ARYL,aryl and biaryl derivatives
CAJ45636.1_Vibrio_anguillarum_aryl.and.biaryl.derivatives_aryl_ARYL,ARYL,aryl and biaryl derivatives
AEI70243.1_Paenibacillus_elgii_aryl.and.biaryl.derivatives_aryl_ARYL,ARYL,aryl and biaryl derivatives
AVR52597.1_Streptomyces_sp._aryl.and.biaryl.derivatives_aryl_ARYL,ARYL,aryl and biaryl derivatives
BAC87906.1_Acinetobacter_baumannii_aryl.and.biaryl.derivatives_aryl_ARYL,ARYL,aryl and biaryl derivatives
ACU36660.1_Actinosynnema_mirum_aryl.and.biaryl.derivatives_aryl_ARYL,ARYL,aryl and biaryl derivatives
ABS75234.1_Bacillus_amyloliquefaciens_aryl.and.biaryl.derivatives_aryl_ARYL,ARYL,aryl and biaryl derivatives
AAG31128.1_Stigmatella_aurantiaca_aryl.and.biaryl.derivatives_aryl_ARYL,ARYL,aryl and biaryl derivatives
AAZ55904.1_Thermobifida_fusca_aryl.and.biaryl.derivatives_aryl_ARYL,ARYL,aryl and biaryl derivatives
DT87_RS23320_Streptomyces_sp._aryl.and.biaryl.derivatives_aryl_ARYL,ARYL,aryl and biaryl derivatives
CAJ87594.1_Escherichia_coli_aryl.and.biaryl.derivatives_aryl_ARYL,ARYL,aryl and biaryl derivatives
BAH33406.1_Rhodococcus_erythropolis_aryl.and.biaryl.derivatives_aryl_ARYL,ARYL,aryl and biaryl derivatives
CAG69514.1_Acinetobacter_sp._aryl.and.biaryl.derivatives_aryl_ARYL,ARYL,aryl and biaryl derivatives
ACR11042.1_Teredinibacter_turnerae_aryl.and.biaryl.derivatives_aryl_ARYL,ARYL,aryl and biaryl derivatives
AOE23577.1_Streptomyces_diastatochromogenes_C2.through.C5_shortchain_NRPS,NRPS,C2 through C5
EHA28233.1_Aspergillus_niger_C6.through.C11_mediumchain_MACS,MACS,C6 through C11
ADI58643.1_Streptomyces_nodosus_aryl.and.biaryl.derivatives_aryl_ARYL,ARYL,aryl and biaryl derivatives
AAD32719.1_Streptomyces_lavendulae_aryl.and.biaryl.derivatives_aryl_ARYL,ARYL,aryl and biaryl derivatives
CBF87076.1_Aspergillus_nidulans_C6.through.C11_mediumchain_MACS,ARYL,cinnamate and succinylbenzoate derivatives
CAJ34366.1_Micromonospora_sp._aryl.and.biaryl.derivatives_aryl_ARYL,ARYL,aryl and biaryl derivatives
EYT83440.1_Streptomyces_sp._aryl.and.biaryl.derivatives_aryl_ARYL,ARYL,aryl and biaryl derivatives
AGN74880.1_Streptomyces_griseoviridis_aryl.and.biaryl.derivatives_aryl_ARYL,ARYL,aryl and biaryl derivatives
ALE27504.1_Streptomyces_sp._aryl.and.biaryl.derivatives_aryl_ARYL,ARYL,aryl and biaryl derivatives
AEF33098.1_Streptomyces_pyridomyceticus_aryl.and.biaryl.derivatives_aryl_ARYL,ARYL,aryl and biaryl derivatives
ABC42549.1_Streptomyces_hygroscopicus_aryl.and.biaryl.derivatives_aryl_ARYL,ARYL,aryl and biaryl derivatives
AAP25875.1_Bacillus_anthracis_aryl.and.biaryl.derivatives_aryl_ARYL,ARYL,cinnamate and succinylbenzoate derivatives
AIS24844.1_Streptomyces_netropsis_unknown.other_other_OTHER,ARYL,cinnamate and succinylbenzoate derivatives
AAQ82561.1_Streptomyces_sp._aryl.and.biaryl.derivatives_aryl_ARYL,ARYL,aryl and biaryl derivatives
ABQ04108.1_Flavobacterium_johnsoniae_cinnamate.and.succinylbenzoate.derivatives_aryl_ARYL,ARYL,cinnamate and succinylbenzoate derivatives
ADI58647.1_Streptomyces_nodosus_amino.acid_aminoacid_NRPS,ARYL,C12 through C17
ABJ90146.1_Streptomyces_ghanaensis_amino.acid_aminoacid_NRPS,ARYL,C12 through C17
AGY30675.1_Streptomyces_calvus_amino.acid_aminoacid_NRPS,ARYL,C12 through C17
BAO73255.1_Lecanicillium_sp._C12.through.C17_longchain_FAAL,FAAL,C12 through C17
ABY83140.1_Streptomyces_sahachiroi_aryl.and.biaryl.derivatives_aryl_ARYL,ARYL,aryl and biaryl derivatives
AFB35629.1_Streptomyces_antibioticus_aryl.and.biaryl.derivatives_aryl_ARYL,ARYL,aryl and biaryl derivatives
EYT83445.1_Streptomyces_sp._aryl.and.biaryl.derivatives_aryl_ARYL,ARYL,aryl and biaryl derivatives
ATV95617.1_Amycolatopsis_sp._aryl.and.biaryl.derivatives_aryl_ARYL,ARYL,aryl and biaryl derivatives
CBK62721.1_Pseudoalteromonas_sp._C6.through.C11_mediumchain_FAAL,ARYL,C6 through C11
CBK62739.1_Pseudoalteromonas_sp._C6.through.C11_mediumchain_FAAL,FAAL,C6 through C11
ABD65965.1_Streptomyces_fungicidicus_C6.through.C11_mediumchain_MACS,MACS,C6 through C11
BAH83502.1_Alternaria_alternata_C6.through.C11_mediumchain_MACS,MACS,C6 through C11
PLB46276.1_Aspergillus_steynii_C2.through.C5_shortchain_SACS,ARYL,C2 through C5
CAC20930.1_Streptomyces_natalensis_C2.through.C5_shortchain_SACS,SACS,aryl and biaryl derivatives
BAE78973.1_Streptomyces_sp._C2.through.C5_shortchain_SACS,SACS,C12 through C17
AAL15617.1_Streptomyces_antibioticus_C2.through.C5_shortchain_SACS,SACS,C2 through C5
EAL85117.1_Aspergillus_fumigatus_C2.through.C5_shortchain_SACS,SACS,C2 through C5
CAI94706.1_Streptomyces_achromogenes_cinnamate.and.succinylbenzoate.derivatives_aryl_ARYL,ARYL,cinnamate and succinylbenzoate derivatives
AAX98210.1_Streptomyces_aizunensis_amino.acid_aminoacid_NRPS,ARYL,C12 through C17
AWX24488.1_Streptomyces_conglobatus_aryl.and.biaryl.derivatives_aryl_ARYL,ARYL,aryl and biaryl derivatives
CCA54214.1_Streptomyces_venezuelae_aryl.and.biaryl.derivatives_aryl_ARYL,ARYL,aryl and biaryl derivatives
AEF16051.1_Streptomyces_vinaceusdrappus_aryl.and.biaryl.derivatives_aryl_ARYL,ARYL,aryl and biaryl derivatives
AKA59431.1_uncultured_bacterium_aryl.and.biaryl.derivatives_aryl_ARYL,ARYL,aryl and biaryl derivatives
ADC96666.1_Streptomyces_sp._C12.through.C17_longchain_LACS,LACS,C12 through C17
AEF16021.1_Streptomyces_viridochromogenes_C12.through.C17_longchain_FAAL,FAAL,C12 through C17
AAF81733.1_Streptomyces_maritimus_cinnamate.and.succinylbenzoate.derivatives_aryl_ARYL,ARYL,cinnamate and succinylbenzoate derivatives
ADI58632.1_Streptomyces_nodosus_C6.through.C11_mediumchain_MACS,MACS,C6 through C11
BAO66547.1_Streptomyces_sp._C6.through.C11_mediumchain_MACS,MACS,C6 through C11
BBC48402.1_Streptomyces_sp._C6.through.C11_mediumchain_MACS,MACS,C6 through C11
ADB02855.1_Kibdelosporangium_sp._amino.acid_aminoacid_NRPS,LACS,C12 through C17
AMB48444.1_Nostoc_sp._C6.through.C11_mediumchain_FAAL,FAAL,C6 through C11
AAX31555.1_Streptomyces_roseosporus_C6.through.C11_mediumchain_FAAL,FAAL,C12 through C17
AQA28568.1_Nostoc_sp._C6.through.C11_mediumchain_FAAL,FAAL,C6 through C11
AAZ23074.1_Streptomyces_fradiae_C6.through.C11_mediumchain_FAAL,FAAL,C12 through C17
AHZ20766.1_Anabaena_sp._C12.through.C17_longchain_FAAL,FAAL,C12 through C17
ACY02013.1_Pseudomonas_sp._C2.through.C5_shortchain_OTHER,ARYL,aryl and biaryl derivatives
CAH10130.1_Streptomyces_sp._cinnamate.and.succinylbenzoate.derivatives_aryl_ARYL,ARYL,cinnamate and succinylbenzoate derivatives
KGO40476.1_Penicillium_expansum_C6.through.C11_mediumchain_MACS,MACS,C6 through C11
AKL71641.1_Nostoc_sp._C6.through.C11_mediumchain_FAAL,FAAL,C12 through C17
AQX77690.1_Nodularia_sp._C6.through.C11_mediumchain_FAAL,FAAL,C6 through C11
AAY42393.1_Lyngbya_majuscula_C6.through.C11_mediumchain_MACS,FAAL,C6 through C11
AAS98774.1_Lyngbya_majuscula_C6.through.C11_mediumchain_FAAL,FAAL,C6 through C11
AMM63166.1_Aspergillus_nidulans_C18.and.up.or.bile.acid_verylongchainbile_VLACSBILE,FAAL,C18 and up or bile acid
WP_091614382.1_Amycolatopsis_saalfeldensis_C12.through.C17_longchain_LACS,ARYL,cinnamate and succinylbenzoate derivatives
ATY12791.1_Amycolatopsis_sp._C12.through.C17_longchain_LACS,LACS,C12 through C17
AHD25943.1_Amycolatopsis_sulphurea_C2.through.C5_shortchain_SACS,SACS,C2 through C5
AAL01056.1_Photobacterium_profundum_median.beta.hydroxyacid_medianbetahydroxyacidlong_BLS,BLS,median beta hydroxyacid
AAW85344.1_Vibrio_fischeri_cinnamate.and.succinylbenzoate.derivatives_aryl_ARYL,ARYL,cinnamate and succinylbenzoate derivatives
AAN79659.1_Escherichia_coli_cinnamate.and.succinylbenzoate.derivatives_aryl_ARYL,ARYL,cinnamate and succinylbenzoate derivatives
AAM12937.1_Pseudomonas_fluorescens_C12.through.C17_longchain_FAAL,FAAL,C12 through C17
EWG54274.1_Fusarium_verticillioides_amino.acid_aminoacid_NRPS,ARYL,aryl and biaryl derivatives
ACD75096.1_Enterobacter_cloacae_cinnamate.and.succinylbenzoate.derivatives_aryl_ARYL,ARYL,cinnamate and succinylbenzoate derivatives
BAK64635.1_Streptomyces_sp._C6.through.C11_mediumchain_MACS,MACS,C6 through C11
CAO85890.1_Streptomyces_orinoci_aryl.and.biaryl.derivatives_aryl_ARYL,ARYL,aryl and biaryl derivatives
AFB35623.1_Streptomyces_antibioticus_aryl.and.biaryl.derivatives_aryl_ARYL,ARYL,aryl and biaryl derivatives
ALE27502.1_Streptomyces_sp._aryl.and.biaryl.derivatives_aryl_ARYL,ARYL,aryl and biaryl derivatives
WP_030684664.1_Streptomyces_sp._aryl.and.biaryl.derivatives_aryl_ARYL,ARYL,aryl and biaryl derivatives
OAQ83766.1_Purpureocillium_lilacinum_aryl.and.biaryl.derivatives_aryl_ARYL,NRPS,aryl and biaryl derivatives
CBW54662.1_Streptomyces_sp._aryl.and.biaryl.derivatives_aryl_ARYL,ARYL,aryl and biaryl derivatives
AAL06665.1_Streptomyces_globisporus_aryl.and.biaryl.derivatives_aryl_ARYL,ARYL,aryl and biaryl derivatives
CAI47662.1_Streptoalloteichus_hindustanus_aryl.and.biaryl.derivatives_aryl_ARYL,ARYL,aryl and biaryl derivatives
ANY94435.1_Streptomyces_sp._aryl.and.biaryl.derivatives_aryl_ARYL,ARYL,aryl and biaryl derivatives
AHN91924.1_Streptomyces_sp._cinnamate.and.succinylbenzoate.derivatives_aryl_ARYL,ARYL,cinnamate and succinylbenzoate derivatives
CCC55917.1_Streptomyces_sp._aryl.and.biaryl.derivatives_aryl_ARYL,ARYL,aryl and biaryl derivatives
AFD30957.1_Actinoalloteichus_sp._aryl.and.biaryl.derivatives_aryl_ARYL,ARYL,aryl and biaryl derivatives
BAE98151.1_Streptomyces_lasaliensis_aryl.and.biaryl.derivatives_aryl_ARYL,ARYL,aryl and biaryl derivatives
CAP20363.1_Streptococcus_equi_aryl.and.biaryl.derivatives_aryl_ARYL,ARYL,aryl and biaryl derivatives
ADB92576.1_Streptomyces_caelestis_aryl.and.biaryl.derivatives_aryl_ARYL,ARYL,aryl and biaryl derivatives
EFL06871.1_Streptomyces_sp._aryl.and.biaryl.derivatives_aryl_ARYL,ARYL,aryl and biaryl derivatives
CAA73130.1_Yersinia_enterocolitica_aryl.and.biaryl.derivatives_aryl_ARYL,ARYL,aryl and biaryl derivatives
AEA60663.1_Burkholderia_gladioli_C18.and.up.or.bile.acid_verylongchainbile_FAAL,FAAL,C18 and up or bile acid
AAN32979.1_Lyngbya_majuscula_amino.acid_aminoacid_NRPS,ARYL,bulky mainly phenyl derivatives aa
AEW31026.1_Bacillus_subtilis_C2.through.C5_shortchain_SACS,SACS,C12 through C17
BAG21072.1_Streptomyces_griseus_aryl.and.biaryl.derivatives_aryl_CAR,ARYL,aryl and biaryl derivatives
OAP25805.1_Amycolatopsis_sp._C12.through.C17_longchain_LACS,LACS,C12 through C17
WP_048832939.1_Streptomyces_varsoviensis_aryl.and.biaryl.derivatives_aryl_CAR,ARYL,C2 through C5
AVH76814.1_Microbacterium_arborescens_C12.through.C17_longchain_FAAL,ARYL,C12 through C17
4CL1_ORYSJ_Oryza_sativa_cinnamate.and.succinylbenzoate.derivatives_aryl_ARYL,ARYL,cinnamate and succinylbenzoate derivatives
4CL4_ORYSJ_Oryza_sativa_cinnamate.and.succinylbenzoate.derivatives_aryl_ARYL,ARYL,cinnamate and succinylbenzoate derivatives
4CL5_ORYSJ_Oryza_sativa_cinnamate.and.succinylbenzoate.derivatives_aryl_ARYL,ARYL,cinnamate and succinylbenzoate derivatives
4CLL6_ARATH_Arabidopsis_thaliana_cinnamate.and.succinylbenzoate.derivatives_aryl_ARYL,ARYL,cinnamate and succinylbenzoate derivatives
4CLL1_ORYSJ_Oryza_sativa_cinnamate.and.succinylbenzoate.derivatives_aryl_ARYL,ARYL,cinnamate and succinylbenzoate derivatives
4CLL3_ARATH_Arabidopsis_thaliana_cinnamate.and.succinylbenzoate.derivatives_aryl_ARYL,ARYL,cinnamate and succinylbenzoate derivatives
4CLL6_ORYSJ_Oryza_sativa_cinnamate.and.succinylbenzoate.derivatives_aryl_ARYL,ARYL,cinnamate and succinylbenzoate derivatives
4CLL5_ORYSJ_Oryza_sativa_cinnamate.and.succinylbenzoate.derivatives_aryl_ARYL,ARYL,cinnamate and succinylbenzoate derivatives
4CLL2_ARATH_Arabidopsis_thaliana_cinnamate.and.succinylbenzoate.derivatives_aryl_ARYL,ARYL,cinnamate and succinylbenzoate derivatives
4CLL7_ORYSJ_Oryza_sativa_cinnamate.and.succinylbenzoate.derivatives_aryl_ARYL,ARYL,cinnamate and succinylbenzoate derivatives
4CLL4_ORYSJ_Oryza_sativa_cinnamate.and.succinylbenzoate.derivatives_aryl_ARYL,ARYL,cinnamate and succinylbenzoate derivatives
D3GE78_PENCH_Penicillium_chrysogenum_cinnamate.and.succinylbenzoate.derivatives_aryl_ARYL,ARYL,cinnamate and succinylbenzoate derivatives
V9I5V9_9FABA_Caragana_korshinskii_cinnamate.and.succinylbenzoate.derivatives_aryl_ARYL,ARYL,C12 through C17
Q84K86_NICSY_Nicotiana_sylvestris_cinnamate.and.succinylbenzoate.derivatives_aryl_ARYL,ARYL,cinnamate and succinylbenzoate derivatives
H2BER4_SOYBN_Glycine_max_cinnamate.and.succinylbenzoate.derivatives_aryl_ARYL,ARYL,cinnamate and succinylbenzoate derivatives
B4FG98_MAIZE_Zea_mays_cinnamate.and.succinylbenzoate.derivatives_aryl_ARYL,ARYL,cinnamate and succinylbenzoate derivatives
A0A178W9C1_ARATH_Arabidopsis_thaliana_cinnamate.and.succinylbenzoate.derivatives_aryl_ARYL,ARYL,cinnamate and succinylbenzoate derivatives
A0A0B4L7M5_9MONI_Dryopteris_fragrans_cinnamate.and.succinylbenzoate.derivatives_aryl_ARYL,ARYL,cinnamate and succinylbenzoate derivatives
A0A0B4L7V8_9MONI_Dryopteris_fragrans_cinnamate.and.succinylbenzoate.derivatives_aryl_ARYL,ARYL,cinnamate and succinylbenzoate derivatives
A0A0B4L7S2_9MONI_Dryopteris_fragrans_cinnamate.and.succinylbenzoate.derivatives_aryl_ARYL,ARYL,cinnamate and succinylbenzoate derivatives
A0A023JEA3_9MONI_Dryopteris_fragrans_cinnamate.and.succinylbenzoate.derivatives_aryl_ARYL,ARYL,cinnamate and succinylbenzoate derivatives
A0A0A1ERE6_ALBBR_Albuca_bracteata_cinnamate.and.succinylbenzoate.derivatives_aryl_ARYL,ARYL,C2 through C5
A0A0M4L8I0_MORAL_Morus_alba_cinnamate.and.succinylbenzoate.derivatives_aryl_ARYL,ARYL,cinnamate and succinylbenzoate derivatives
H9U3A4_9ROSA_Malus_hybrid_cinnamate.and.succinylbenzoate.derivatives_aryl_ARYL,ARYL,cinnamate and succinylbenzoate derivatives
A0A1B0YZC3_DAUCA_Daucus_carota_cinnamate.and.succinylbenzoate.derivatives_aryl_ARYL,ARYL,cinnamate and succinylbenzoate derivatives
J7FPQ8_COFAR_Coffea_arabica_cinnamate.and.succinylbenzoate.derivatives_aryl_ARYL,ARYL,cinnamate and succinylbenzoate derivatives
U5MY99_PINTA_Pinus_taeda_cinnamate.and.succinylbenzoate.derivatives_aryl_ARYL,ARYL,cinnamate and succinylbenzoate derivatives
B8Q219_9LAMI_Paulownia_sp._cinnamate.and.succinylbenzoate.derivatives_aryl_ARYL,ARYL,cinnamate and succinylbenzoate derivatives
A0A142D8E0_9CARY_Silene_littorea_cinnamate.and.succinylbenzoate.derivatives_aryl_ARYL,ARYL,cinnamate and succinylbenzoate derivatives
A0A166IKK3_CURLO_Curcuma_longa_cinnamate.and.succinylbenzoate.derivatives_aryl_ARYL,ARYL,cinnamate and succinylbenzoate derivatives
A0A0A1ETJ8_ALBBR_Albuca_bracteata_cinnamate.and.succinylbenzoate.derivatives_aryl_ARYL,ARYL,cinnamate and succinylbenzoate derivatives
A0A0A1EW34_ALBBR_Albuca_bracteata_cinnamate.and.succinylbenzoate.derivatives_aryl_ARYL,ARYL,cinnamate and succinylbenzoate derivatives
Q9M7S3_LOLPR_Lolium_perenne_cinnamate.and.succinylbenzoate.derivatives_aryl_ARYL,ARYL,cinnamate and succinylbenzoate derivatives
A0A291FH95_GLELI_Glehnia_littoralis_cinnamate.and.succinylbenzoate.derivatives_aryl_ARYL,ARYL,cinnamate and succinylbenzoate derivatives
A0A2S1VVT1_BOENI_Boehmeria_nivea_cinnamate.and.succinylbenzoate.derivatives_aryl_ARYL,ARYL,cinnamate and succinylbenzoate derivatives
B6TNE1_MAIZE_Zea_mays_cinnamate.and.succinylbenzoate.derivatives_aryl_ARYL,ARYL,cinnamate and succinylbenzoate derivatives
L7Z9J1_LONJA_Lonicera_japonica_cinnamate.and.succinylbenzoate.derivatives_aryl_ARYL,ARYL,cinnamate and succinylbenzoate derivatives
W8AES8_CERCA_Ceratitis_capitata_cinnamate.and.succinylbenzoate.derivatives_aryl_ARYL,ARYL,C2 through C5
W8AWW8_CERCA_Ceratitis_capitata_cinnamate.and.succinylbenzoate.derivatives_aryl_ARYL,ARYL,cinnamate and succinylbenzoate derivatives
W8C922_CERCA_Ceratitis_capitata_cinnamate.and.succinylbenzoate.derivatives_aryl_ARYL,ARYL,cinnamate and succinylbenzoate derivatives
W8AQQ0_CERCA_Ceratitis_capitata_cinnamate.and.succinylbenzoate.derivatives_aryl_ARYL,ARYL,cinnamate and succinylbenzoate derivatives
W8C6H7_CERCA_Ceratitis_capitata_cinnamate.and.succinylbenzoate.derivatives_aryl_ARYL,ARYL,cinnamate and succinylbenzoate derivatives
F1L2X8_ASCSU_Ascaris_suum_cinnamate.and.succinylbenzoate.derivatives_aryl_ARYL,ARYL,cinnamate and succinylbenzoate derivatives
A0A2P2HZY6_9CRUS_Hirondellea_gigas_cinnamate.and.succinylbenzoate.derivatives_aryl_ARYL,ARYL,cinnamate and succinylbenzoate derivatives
A0A2P2HZM9_9CRUS_Hirondellea_gigas_cinnamate.and.succinylbenzoate.derivatives_aryl_ARYL,ARYL,cinnamate and succinylbenzoate derivatives
A0A2P2HWH1_9CRUS_Hirondellea_gigas_cinnamate.and.succinylbenzoate.derivatives_aryl_ARYL,ARYL,cinnamate and succinylbenzoate derivatives
V9IB74_APICE_Apis_cerana_cinnamate.and.succinylbenzoate.derivatives_aryl_ARYL,ARYL,cinnamate and succinylbenzoate derivatives
V9IC50_APICE_Apis_cerana_cinnamate.and.succinylbenzoate.derivatives_aryl_ARYL,ARYL,cinnamate and succinylbenzoate derivatives
A7KUK6_PENCH_Penicillium_chrysogenum_cinnamate.and.succinylbenzoate.derivatives_aryl_ARYL,ARYL,cinnamate and succinylbenzoate derivatives
O74725_PENCH_Penicillium_chrysogenum_cinnamate.and.succinylbenzoate.derivatives_aryl_ARYL,ARYL,cinnamate and succinylbenzoate derivatives
A0A0A7MAE8_9HOMO_Inonotus_obliquus_cinnamate.and.succinylbenzoate.derivatives_aryl_ARYL,ARYL,cinnamate and succinylbenzoate derivatives
A0A346TLE8_NARPA_Narcissus_papyraceus_cinnamate.and.succinylbenzoate.derivatives_aryl_ARYL,ARYL,cinnamate and succinylbenzoate derivatives
A0A346TLE9_NARPA_Narcissus_papyraceus_cinnamate.and.succinylbenzoate.derivatives_aryl_ARYL,ARYL,cinnamate and succinylbenzoate derivatives
A0A1D8KVT6_MORAL_Morus_alba_cinnamate.and.succinylbenzoate.derivatives_aryl_ARYL,ARYL,cinnamate and succinylbenzoate derivatives
Q8S564_SOYBN_Glycine_max_cinnamate.and.succinylbenzoate.derivatives_aryl_ARYL,ARYL,cinnamate and succinylbenzoate derivatives
A0A0K0K9L1_ISATI_Isatis_tinctoria_cinnamate.and.succinylbenzoate.derivatives_aryl_ARYL,ARYL,cinnamate and succinylbenzoate derivatives
A0A1L6K4D1_POPTO_Populus_tomentosa_cinnamate.and.succinylbenzoate.derivatives_aryl_ARYL,ARYL,cinnamate and succinylbenzoate derivatives
A0A1L6K5P1_POPTO_Populus_tomentosa_cinnamate.and.succinylbenzoate.derivatives_aryl_ARYL,ARYL,cinnamate and succinylbenzoate derivatives
A0A1L6K510_POPTO_Populus_tomentosa_cinnamate.and.succinylbenzoate.derivatives_aryl_ARYL,ARYL,cinnamate and succinylbenzoate derivatives
A0A1L6K4W1_POPTO_Populus_tomentosa_cinnamate.and.succinylbenzoate.derivatives_aryl_ARYL,ARYL,cinnamate and succinylbenzoate derivatives
A0A3G2GRN2_EUCUL_Eucommia_ulmoides_cinnamate.and.succinylbenzoate.derivatives_aryl_ARYL,ARYL,cinnamate and succinylbenzoate derivatives
A0A089WWI7_BETPN_Betula_pendula_cinnamate.and.succinylbenzoate.derivatives_aryl_ARYL,ARYL,cinnamate and succinylbenzoate derivatives
Q0GZS1_9BORA_Arnebia_euchroma_cinnamate.and.succinylbenzoate.derivatives_aryl_ARYL,ARYL,cinnamate and succinylbenzoate derivatives
A0A1L6K473_POPTO_Populus_tomentosa_cinnamate.and.succinylbenzoate.derivatives_aryl_ARYL,ARYL,cinnamate and succinylbenzoate derivatives
A0A2I4JM60_SESIN_Sesamum_indicum_cinnamate.and.succinylbenzoate.derivatives_aryl_ARYL,ARYL,cinnamate and succinylbenzoate derivatives
A0A1I9K5X5_9ASPA_Dendrobium_officinale_cinnamate.and.succinylbenzoate.derivatives_aryl_ARYL,ARYL,cinnamate and succinylbenzoate derivatives
A0A2I4JM58_SESIN_Sesamum_indicum_cinnamate.and.succinylbenzoate.derivatives_aryl_ARYL,ARYL,cinnamate and succinylbenzoate derivatives
A0A1B1QEL4_9PLEO_Alternaria_sp._cinnamate.and.succinylbenzoate.derivatives_aryl_ARYL,ARYL,cinnamate and succinylbenzoate derivatives