data_source,acc,organism,protein_names,likely_substrate,substrate,small_substrate_group,large_substrate_group,functional_class,bgcs,pmid,cmpnd,pdb_id,kinetics,ec_numbers,title,sqnams_tr,aa_seq
uniprot_kb,A0R618_MYCS2,Mycobacterium smegmatis (strain ATCC 700084 / mc(2)155),Acyl-CoA synthase,dodecanoate,dodecanoate,C12.through.C17,longchain,FAAL,NA,26628098; 26900152;,NA,5D6N,NA,NA,"Crystal structure of FadD32, an enzyme essential for mycolic acid biosynthesis in mycobacteria.",A0R618_MYCS2_Mycobacterium_smegmatis_C12.through.C17_longchain_FAAL,MPFHNPFIKDGQIKFPDGSSIVAHVERWAKVRGDKLAYRFLDFSTERDGVPRDLTWAQFSARNRAVAARLQQVTQPGDRVAILCPQNLDYLVAFFGALYAGRIAVPLFDPSEPGHVGRLHAVLDNCHPSAILTTTEAAEGVRKFFRTRPANQRPRVIAVDAVPDDVASTWVNPDEPDETTIAYLQYTSGSTRIPTGVQITHLNLATNVVQVIEALEGEEGDRGLSWLPFFHDMGLITALLAPMIGHYFTFMTPAAFVRRPERWIRELARKEGDTGGTISVAPNFAFDHAAARGVPKPGSPPLDLSNVKAVLNGSEPISAATVRRFNEAFGPFGFPPKAIKPSYGLAEATLFVSTTPSAEEPKIITVDRDQLNSGRIVEVDADSPKAVAQASAGKVGIAEWAVIVDAESATELPDGQVGEIWISGQNMGTGYWGKPEESVATFQNILKSRTNPSHAEGATDDATWVRTGDYGAFYDGDLYITGRVKDLVIIDGRNHYPQDLEYSAQEASKAIRTGYVAAFSVPANQLPDEVFENAHSGIKRDPDDTSEQLVIVAERAPGAHKLDIGPITDDIRAAIAVRHGVTVRDVLLTAAGAIPRTSSGKIGRRACRAAYLDGSLRAGKVANDFPDATD
uniprot_kb,ACSM1_MOUSE,Mus musculus (Mouse),"Acyl-coenzyme A synthetase ACSM1, mitochondrial (EC 6.2.1.2) (Acyl-CoA synthetase medium-chain family member 1) (Butyrate--CoA ligase 1) (Butyryl-coenzyme A synthetase 1) (Lipoate-activating enzyme) (Middle-chain acyl-CoA synthetase 1)",hexanoateoctanoatedecanoatelauratemyristatebenzoate,hexanoate; octanoate; decanoate; laurate; myristate; benzoate,C12.through.C17,longchain,LACS,NA,11470804; 16141072; 15489334; 16378734; 21183079; 23806337; 23576753,NA,NA,NA,EC 6.2.1.2,"Molecular identification and characterization of two medium-chain acyl-CoA synthetases, MACS1 and the Sa gene product.",ACSM1_MOUSE_Mus_musculus_C12.through.C17_longchain_LACS,MQWLKSFQICKVLQGFSLSPTQLHRRLFSRVGAPRWNDHDSPEEFNFASDVLDYWAQMEEEGKRGPSPAFWWVNGQGDEIKWSFRKLRDLTCRTANVFEQICGLQQGDHLALILPRVPEWWLVTVGCMRTGIIFMPGTTQLKAKDILYRIQISRAKAIVTTASLVPEVESVASECPDLKTKLVVSDHSHEGWLDFCSLIKSASPDHTCIKSKMKDPMAIFFTSGTTGYPKMAKHNQGLAFRSYIPSCRKLLKLKTSDILWCMSDPGWILATVGCLIEPWTSGCTVFIHHLPQFDPKVIVEVLFKYPITQCLAAPGVYRMVLQQKTSNLRFPTLEHCTTGGESLLPEEYEQWKQRTGLSIHEVYGQSETGISSATLREMKIKRGSIGKAILPFDLQIIDEKGNILPPNTEGYIGIRIKPTRPLGLFMEYENSPESTSEVECGDFYNSGDRATIDEEGYIWFLGRGDDVINASGYRIGPVEVENALAEHPAVAESAVVSSPDKDRGEVVKAFIVLNPEFLSHDQEQLIKELQHHVKSVTAPYKYPRKVEFVSELPKTVTGKIKRKELRNKEFGQL
uniprot_kb,FAA29_MYCMM,Mycobacterium marinum (strain ATCC BAA-535 / M),4-hydroxyphenylalkanoate adenylyltransferase (EC 6.2.1.51) (Acyl-AMP synthase) (Long-chain-fatty-acid--AMP ligase FadD29) (FAAL),194hydroxyphenylnonadecanoate,19-(4-hydroxyphenyl)nonadecanoate,C18.and.up.or.bile.acid,verylongchainbile,FAAL,NA,18403782; 25561717,NA,NA,NA,EC 6.2.1.51,Insights from the complete genome sequence of Mycobacterium marinum on the evolution of Mycobacterium tuberculosis.,FAA29_MYCMM_Mycobacterium_marinum_C18.and.up.or.bile.acid_verylongchainbile_FAAL,MIMDTNAVSFRARDEVTTQLAPGTGGQAVPTSNGMMTRFAMSESSLTDLLHKAATQYPNRAAYKFIDYDVNPDGFTETLTWWQIYRRAKIVAEELRGYGASGDRVAVLAPQGLEYIIAFLGVLEAGLIAVPLPVPQFGIHDERISAALQDSTPSVILTTSPVIDEVTKYAPHARAGQGGTPIVVAVDLLDLDSARELDLTPPAHSSTAYLQYTSGSTRSPAGVVLSHKNVITNCVQLMSDYLGETEKVPSTAVSWLPFYHDMGLMLGIILPMINQDTAVLLNPMAFLQRPARWMQLMGKFRGQISCAPNFGFELAVRRTSDEDMAGLDLGHVRGIGSGAERVNPATLQRFIDRFAPFNLRDTAIRPSYGLAEATVFVATAEPGRPPRSVNFDYQSLSVGRVERCANEADDGAKLVSYGSSWTSEVRIVDPEARTECPAGTVGEIWVQGDNVAMGYWRNPQLTERTFDAKLTDPSPGTSIGPWLRTGDLGVMFEGELFITGRIKDLLIVDGSNHYPDDIESTIQEITGGRVVAIAVPDADGEKLVTIVEFASWGHSGQEAIDKLRSVKREITSAISRAHRVRVADVVLVATGSIPVTTSGKVRRSSCAERYRNDGFTRLDRSA
uniprot_kb,FAA29_MYCTU,Mycobacterium tuberculosis (strain ATCC 25618 / H37Rv),4-hydroxyphenylalkanoate adenylyltransferase (EC 6.2.1.51) (Acyl-AMP synthase) (Long-chain-fatty-acid--AMP ligase FadD29) (FAAL),194hydroxyphenylnonadecanoate,19-(4-hydroxyphenyl)nonadecanoate,C18.and.up.or.bile.acid,verylongchainbile,FAAL,NA,9634230; 15042094; 20553505; 21969609,NA,NA,NA,EC 6.2.1.51,Deciphering the biology of Mycobacterium tuberculosis from the complete genome sequence.,FAA29_MYCTU_Mycobacterium_tuberculosis_C18.and.up.or.bile.acid_verylongchainbile_FAAL,MKTNSSFHAAGEVATQPAWGTGEQAAQPLNGSTSRFAMSESSLADLLQKAASQYPNRAAYKFIDYDTDPAGFTETVTWWQVHRRAMIVAEELWIYASSGDRVAILAPQGLEYIIAFMGVLQAGLIAVPLPVPQFGIHDERISSALRDSAPSIILTTSSVIDEVTTYAPHACAAQGQSAPIVVAVDALDLSSSRALDPTRFERPSTAYLQYTSGSTRAPAGVVLSHKNVITNCVQLMSDYIGDSEKVPSTPVSWLPFYHDMGLMLGIILPMINQDTAVLMSPMAFLQRPARWMQLLAKHRAQISSAPNFGFELAVRRTSDDDMAGLDLGHVRTIVTGAERVNVATLRRFTERFAPFNLSETAIRPSYGLAEATVYVATAGPGRAPKSVCFDYQQLSVGQAKRAENGSEGANLVSYGAPRASTVRIVDPETRMENPAGTVGEIWVQGDNVGLGYWRNPQQTEATFRARLVTPSPGTSEGPWLRTGDLGVIFEGELFITGRIKELLVVDGANHYPEDIEATIQEITGGRVVAIAVPDDRTEKLVTIIELMKRGRTDEEEKNRLRTVKREVASAISRSHRLRVADVVMVAPGSIPVTTSGKVRRSASVERYLHHEFSRLDAMA
uniprot_kb,Q5ZTD3_LEGPH,Legionella pneumophila subsp. pneumophila (strain Philadelphia 1 / ATCC 33152 / DSM 7513),Saframycin Mx1 synthetase B,dodecanoate,dodecanoate,C12.through.C17,longchain,FAAL,NA,15448271; 21185305,NA,3KXW,NA,NA,The genomic sequence of the accidental pathogen Legionella pneumophila.,Q5ZTD3_LEGPH_Legionella_pneumophila_C12.through.C17_longchain_FAAL,MKKEYLQCQSLVDVVRLRALHSPNKKSCTFLNKELEETMTYEQLDQHAKAIAATLQAEGAKPGDRVLLLFAPGLPLIQAFLGCLYAGCIAVPIYPPAQEKLLDKAQRIVTNSKPVIVLMIADHIKKFTADELNTNPKFLKIPAIALESIELNRSSSWQPTSIKSNDIAFLQYTSGSTMHPKGVMVSHHNLLDNLNKIFTSFHMNDETIIFSWLPPHHDMGLIGCILTPIYGGIQAIMMSPFSFLQNPLSWLKHITKYKATISGSPNFAYDYCVKRIREEKKEGLDLSSWVTAFNGAEPVREETMEHFYQAFKEFGFRKEAFYPCYGLAEATLLVTGGTPGSSYKTLTLAKEQFQDHRVHFADDNSPGSYKLVSSGNPIQEVKIIDPDTLIPCDFDQVGEIWVQSNSVAKGYWNQPEETRHAFAGKIKDDERSAIYLRTGDLGFLHENELYVTGRIKDLIIIYGKNHYPQDIEFSLMHSPLHHVLGKCAAFVIQEEHEYKLTVMCEVKNRFMDDVAQDNLFNEIFELVYENHQLEVHTIVLIPLKAMPHTTSGKIRRNFCRKHLLDKTLPIVATWQLNKIEE
mibig,AFV96135.1,Cylindrospermum licheniforme,AMP-dependent_synthetase/ligase,decanoate,decanote,C6.through.C11,mediumchain,FAAL,BGC0001064,23106426,Cylindrocyclophane D,NA,NA,NA,Cylindrocyclophane biosynthesis involves functionalization of an unactivated carbon center.,AFV96135.1_Cylindrospermum_licheniforme_C6.through.C11_mediumchain_FAAL,MHLLQQENLSLIEIINYRAQYQPDKKAYIFLQNGEEESASLTYGELDRRARAIAARLQSWQGERALLLYPSGLEFITAFFGCLYAGVVAMPVYPPKRNQKLSRLLSIVNDAQANLALTTSSILLDISQKWKEETESLTQLNWVPTDTIEADSQDFVPTLVTPESLAFLQYTSGSTGTPKGVMVTHGNLIHNSECIKQAFELTSDSVSVSWLPTFHDMGLIDGVLQPLYTGFTGYLMPPVAFLMKPACWLQAITRYKATHCGGPNFAYDLCVSKVTSEQLKTLDLSSWYTAYSGSEPVRNETLNLFVEKFRDCGFKENFFYPCYGMAEATLFISGGFKQSPPIVKCLQAQTLKENIIVDVTHPTPSSQEASKVLVGCGHSWLDYKIVIADPESFELCADGRVGEIWVSSASVTKGYWNRPQQTQETFKAYLKDGLGPFLRTGDLGFLHDGELYVTGRLKDIIIIRGQNHYPQDIELTVQKSYSALRLNCGAAFTIEVKGKEQLIIVQEVERTYLKKLDVNHVLEIITQAVATEHGLQVYATVLVKTGSIPKTSSGKIQRHACRTKFLNASLDVVEDWSENPQYKSGFIRLQDEVESVFNTFAKKRE
mibig,EPE34349.1,Glarea lozoyensis,Acetyl-CoA_synthetase-like_protein,myristate; pentadecanoate; palmitate,myristate; pentadecanoate; palmitate,C12.through.C17,longchain,LACS,BGC0001035,23688303;25879325;25527531;25270390;27494047,pneumocandin B0,NA,NA,NA,Engineering of New Pneumocandin Side-Chain Analogues from Glarea lozoyensis by Mutasynthesis and Evaluation of Their Antifungal Activity.,EPE34349.1_Glarea_lozoyensis_C12.through.C17_longchain_LACS,MVFTSPSWCQDILMPIPNNELVGEFVMRRGHGLNDVSEDSPSSVCAYTGKSYSIRDIRHNVKSLSKSLSQILGWDFNHGNPEDKVVAVCSLNSIDYVPLTWAIHRLGGICLLLHPTSSASELETLMRKANCKAVFTCKPLMAQCQAAFTAINGDPSNIFLVELPLPEEQPVKISNTTISQLIADGEGLPDLQPLDLQDFDSKERLAYFCPTSGTSGFLKIAKVSHANVMANILQCTTMDSYTTASQTDVTLGILPLSHAYGLLVQHFVTFRGDCIILHPKFDMQIALKSVQQYRIVRLYLVPTIIGALATNPILFKLFDLSSVKRVITGSASLPEQVSKAINQLCPEWEINPGYGLTESFVCMSWTSPNSQYPGSTGCLLPLVEARLLDADGSDITAHGQAGDLLVRSPSVMKEYLDDDLKRDVTFDSDGWLRTGDVATFKQNPKGDSHLFIVDRKKDIMKVKGIQVPPVEIEGHLVAHPAVDDAAVVAISDEDAGERPFAFVVRSQKVMTDIDEKSLKKDISGYIQSTLSEPYWLRQNIRFIDAIPKSHNGKALKFKLKQQLVTSSA
mibig,CAE53367.1,Actinoplanes teichomyceticus,acyl-CoA_ligase,(E)-non-3-enoate; 8-methylnonanoate; decanoate; 8-methyldecanoate; 9-methyldecanoate,(E)-non-3-enoate; 8-methylnonanoate; decanoate; 8-methyldecanoate; 9-methyldecanoate,C6.through.C11,mediumchain,MACS,BGC0000440,14702401;15113000;16007453;17009278;17044690;25358800,teicoplanin,NA,NA,NA,Cytochrome P450 OxyBtei catalyzes the first phenolic coupling step in teicoplanin biosynthesis.,CAE53367.1_Actinoplanes_teichomyceticus_C6.through.C11_mediumchain_MACS,MGYDMATAPDLVTLIRQHVAGRPDADAVGFLTDPDDIRGGVVSWTYGQLDREARGYAAWLQQRLPAGSRVLLLYPNGLDFVAAFFGCLYAGMIAVPAPLPGRYRHHQHRVATISADARVSAVLTTAAHLGEVRDWARACGLDHLLIAVGDEPEFGDPAGWTPASPERATIALLQYTSGSTGDPKGVVVTHDNILYNLDACVRGLRWPDDWRVGGWLPLYHDLAMQGLLNMAVVRGGYALLMEPVSFVRDPVRWLRTIAEHDIQVTFAPTFAYQLCLDRVTDEQLAALDLSGWKIAGNAAEPVNPAILAAFAEKFAPAGFRPESFAPIYGMAEATGYISGEVGRAPLVRTVGLDALAHGRLADPAPDEPVREIVSCGTPNEACDIRVVDPETSRVRPDGWLGEIWIRGRSVSPGYWSDAGPAFAAVTAEGEDGFLRTGDLGVLQDGELYVHGRLKETFTVHGRHLYPHDVEQELRARHPELGKCGAVFPGRAPGAGGARGVVVTHEVTNAARDRLPELAAGLRHTVGRAFGVEVSAVLLLRPGAVLRTTSGKIRRSAMRELFHEGKLTALYQHPPAPREPLPYVGDPSPATRVTSLSRP
mibig,CAG15025.1,Actinoplanes teichomyceticus,Acyl-CoA_synthase,(E)-non-3-enoate; 8-methylnonanoate; decanoate; 8-methyldecanoate; 9-methyldecanoate,(E)-non-3-enoate; 8-methylnonanoate; decanoate; 8-methyldecanoate; 9-methyldecanoate,C6.through.C11,mediumchain,MACS,BGC0000441,15113000,teicoplanin,NA,NA,NA,Biosynthetic gene cluster of the glycopeptide antibiotic teicoplanin: characterization of two glycosyltransferases and the key acyltransferase.,CAG15025.1_Actinoplanes_teichomyceticus_C6.through.C11_mediumchain_MACS,MATAPDLVTLIRQHVAGRPDADAVGFLTDPDDIRGGVVSWTYGQLDREARGYAAWLQQRLPAGSRVLLLYPNGLDFVAAFFGCLYAGMIAVPAPLPGRYRHHQHRVATISADARVSAVLTTAAHLGEVRDWARACGLDHLLIAVGDEPEFGDPAGWTPASPERATIALLQYTSGSTGDPKGVVVTHDNILYNLDACVRGLRWPDDWRVGGWLPLYHDLAMQGLLNMAVVRGGYALLMEPVSFVRDPVRWLRTIAEHDIQVTFAPTFAYQLCLDRVTDEQLAALDLSGWKIAGNAAEPVNPAILAAFAEKFAPAGFRPESFAPIYGMAEATGYISGEVGRAPLVRTVGLDALAHGRLADPAPDEPVREIVSCGTPNEACDIRVVDPETSRVRPDGWLGEIWIRGRSVSPGYWSDAGPAFAAVTAEGEDGFLRTGDLGVLQDGELYVHGRLKETFTVHGRHLYPHDVEQELRARHPELGKCGAVFPGRAPGAGGARGVVVTHEVTNAARDRLPELAAGLRHTVGRAFGVEVSAVLLLRPGAVLRTTSGKIRRSAMRELFHEGKLTALYQHPPAPREPLPYVGDPSPATRVTSLSRP
mibig,CAD32910.2,Actinoplanes friuliensis,acyl-CoA_synthase_check_name_LipA,12-methyltridecanoate,12-methyltridecanoate,C12.through.C17,longchain,FAAL,BGC0000354,15942003,friulimicin,NA,NA,NA,An acyl-CoA dehydrogenase is involved in the formation of the Delta cis3 double bond in the acyl residue of the lipopeptide antibiotic friulimicin in Actinoplanes friuliensis.,CAD32910.2_Actinoplanes_friuliensis_C12.through.C17_longchain_FAAL,MVELRTAESIPAVLRKSVENTPDRGASAFVTHLDDPTGVAWLTYAELDRRARAAAVQFSAHAAPGDRMLLLHPAGPDFLIALLGCLYAGLVAVPSPLPGRYAHQRRRLRLIAADADVAAVLTAGESRDEVTGWAAEQELGAVPVLTLDGTADADAWTPPPLSQDTVAVLQYTSGSTGDPKGVVIDHGNILHNAATIIAVTGMRPGYAVGGWLPHFHDMGLMGLLLPPLLAGSASVMTSPMAFLKRPLLWLQMIDRFNIEISAAPDFAYDLCVAKVTDAQLAGVDLSRWRVAIDGSEPVRAAVLTRFQERFAAAGLRPEAVTPSFGMAEATLFVSGAPDTPFVIRHADTDLLQRNEFRPATGDRPGRDVVSCGAPVDVEVRIVDPDSTEVLADGQVGEIWLRGPSIGRGYWGRDAGTAGFGAVTSTGDGGYLRTGDLGTLFEGELYVTGRRKDMLVLRGRNYYPQDIEHELRVHHPELSGRVGACFSVRSRDEAGGGEEVLVVTHEVRGISDPDRLSALAAAMRLTVAREFGVQNAAVLLLRPGAVARTTSGKIQRAAMRELFETGALEPVAGDVDHRHVAGPAAVAAR
mibig,ABF88003.1,Myxococcus xanthus,putative_long-chain-fatty-acid_CoA_ligase,13-methyltetradecanoate,13-methyltetradecanoate,C12.through.C17,longchain,LACS,BGC0000871,24814673;24520059,VEPE,NA,NA,NA,Two lipid signals guide fruiting body development of Myxococcus xanthus.,ABF88003.1_Myxococcus_xanthus_C12.through.C17_longchain_LACS,MAALPELNVTQTFTGKRLLFAGATGFVGKVTLSMLLTRYGQDLDKVYVLVRKGSAASAERRFFDKVATSEPFQPLRDSLGDEGALAFIRQKVEVLDGDITDPWMGLEEPQVEALTGKVHAFINCAGLVSFNPSLEVGLNVNTHGLKFAAALAVRWSVPLIHMSTAFVAGNRSGLVFEDEEVRGYFPKREEMDGRDFSLEQELQDAARIVARLREQAEDRALTSTFRKKALDRLEEEGRDPNDEKTLRLAVGRERKLWLSGELVRAGMERAAHWGWPNTYTYTKSLGEQVLAATPGLRYSIVRPSIVESARHFPFPGWNEGFTTSAPLAFAGIKGPGGIPAGENTILDIIPVDQVAGATIGITAHAMDVEERRIYQLASGDMNPFYAGRSVELVGLYRRRYYRNRESGNALMNKLRSRVEPQPVSKKEFELFSAPMLSRGARFLKKAIDEVRPAWGAPAVQAMLDKAKVSLDEVDDNAQGIIALTELFLPFLYENRYVFRCDNTRSVYARMAHADRLKVPWDPEHIDWREYFLGTHLPGLEKWVFPGMESEREKRTVIPAHRDLLELMEATVHAYRHRVAFRMVAGEKEERFTYGEVHRYAARVGSFLLAAGIKHGDRVLLVSENRPEWGISYFGILRAGATVVPVDPGLSEAELVNIARRADARACLVSEDAARDFPGLFAALGDGVTVASLAEAMTGDPAHPDRIGPVRRSAAADDLASIIFTSGTTGTPKGVMLTHRNFAALVAKLAGTFDIGVGDGVLSVLPLHHTFEFAAGFLTPFWRGAEITYIDELTSDRLGEVFETGRITAMVGVPALWQLLHRKITQEFASRPPFIEQALKALMATHGELRNRNNINLGKLLFWPVHRKFGGRIKVIVSGGSALPDDVHKAFHELGFNITEGYGLTEAAPVLAVTKPGNKRQPGTVGRALPGIELRILNPDNDGLGEVLAKGPNVMPGYFGDREATEAVLKDGWLHTGDLGRLDAEGHLYLVGRAKDVIIDHNGKNIYPDELEELYQDHTHIKELSIVGLPDDAGGEKVACLCVPDYADRPREEVRRELEEHFRKVSAGMPFYRRVKVLRLWDGELPRTAKRSVKRKQVVEELKRQERMAASASKAREKAANPTTGGIADWLFPLIADVSHRPVSDVRPDALLSGDLGFDSLMLTELSSALEAAGVPLPAVEDLTQVQTVEDLRKVVASSGKRPTVETRAKEISKENERAEEVEIPVPDVVADVGRQLLSFGQKVLYGGVFDVKVTGKSFIPQNRNFLVIANHSSHLDAGLVRVALGDQGERLVSLAARDYFFNTPLKRAWFENFTNLIPIERQGSLRESLRMAGEALRQGFNVLIFPEGTRSTTGELMEFKSTLGYLALTFNMDVLPLYIGGAFDALPKGSVLPKTKTPLRVNIGPALGHADLRTRVQGMARSEGYRYVTRIAEDSMRALRDGRVLNLERVDLPPAGASPRASTSTEGKDS
mibig,CBF87076.1,Aspergillus nidulans,conserved_hypothetical_protein,3-hydroxy-4-methyldecanoate,3-hydroxy-4-methyldecanoate,C6.through.C11,mediumchain,MACS,BGC0001290,26184239,emericellamide A,NA,NA,NA,Identification of the Scopularide Biosynthetic Gene Cluster in Scopulariopsis brevicaulis.,CBF87076.1_Aspergillus_nidulans_C6.through.C11_mediumchain_MACS,MVFSSPSWVPRIPCEIPDSIPVGQFALEGNTSLPPQCGGRPPFVCAITGKSYSTKVLVDRVEFLSRSLAQELGWSPNEGEPEDKVVGIYSWNTLDFFALCWAVHRLNGICLPLHPFSIVPEVVAHMKRAKCRVIFTCQSLVANTLEAARELSIPGDKIYTTALPEAYLQNPEPIDQFKSVDQLIAEGEKLQRLPPLQWEKGRAKIQVAYYCATSGTSGKQKLAKITHYNFIANVMQVCMHESYAKNGRNEIAFGAIPLTHGYGLNIGHIMVYRGDTYVICPRFDMQLMLKTIERFRVERLYVVPPILAALAANPFLLDLHDLSSVQATVTGAAALDRSIAAKLNKLRPTWKINHAYGLTETGVVATLTSPHDVWHGSSGSLLPSFEIRLVKPDGTDAEGLDEPGEVHFNSPSCFLGYVGDDESNKNTFDEKGWLKSGDIGVFRKSPNGHAHLFILERIKDMIKVKGEQVLPRDIESVLLSHPAVIDAAVIGVPDELSGERAKAYIVRSKTVMEDLDEDDLADEIDEFVQGKLHESHWLHDRIVFLEKLPKSESGKVLKKDLKAMN
mibig,BAO73255.1,Lecanicillium sp.,AMP_dependent_ligase/synthetase,5-hydroxytetradecanoate,5-hydroxytetradecanoate,C12.through.C17,longchain,FAAL,BGC0000456,24848421,verlamelin,NA,NA,NA,Identification of a gene cluster responsible for the biosynthesis of cyclic lipopeptide verlamelin.,BAO73255.1_Lecanicillium_sp._C12.through.C17_longchain_FAAL,MIFTQPSFVPALPSPLPLGETIGDFCMSERLAKVGNDAVEEQPIPFIDAAIDKSWTTDEINTRVAQLTRALATEWNIAPGEKWHKQVAVLASNCVSIFMDTLILTWAIHRLGGGCLMLQPTSSVEEMAAHIDHVPPFAMFVTLDLVTLGQETIQKSSQSADLPFYKFSKVYGPPAKNAPDTSNVKSLDALLEKSKDQAPIEKLLLAEGEGSKRVAYYCTTSGTGGFQRIVAITHENIIASILQAGLFTGITKEKSEIALVFTPFNHIYGLLTAHTLMWLGHSTVIHRGFNMLEVLMSIPKRRITTLYLVPPIINAMSRNASLLDRFDLSSVSSVIAGGGPLNKEDYAKMQTVRPNWKLLSGWGQTESCAVGSLAYPKDTVAGSSGVVLPGVRLRMRNDDGNLVQGLEEMGEIEMSSPSVLYEYIDNATEALITPHTEEYWRPTGDVGLIRECPSGIQHLFIVDRIRDMIKVKGHQVAPGEIEVHLMKHDAVGETAVVGIADAVAGERPLAFVIREPSYSPETSDAELRKILQDHNDSALPEIYRLQNRIIIVESIPKSANGKILKRELRKQVVGWTPPKE
mibig,ABD65965.1,Streptomyces fungicidicus,acyl-CoA_ligase/dehydrogenase_fusion_protein,9-methyldecanoate,9-methyldecanoate,C6.through.C11,mediumchain,MACS,BGC0000341,17005978,enduracidin,NA,NA,NA,The enduracidin biosynthetic gene cluster from Streptomyces fungicidicus.,ABD65965.1_Streptomyces_fungicidicus_C6.through.C11_mediumchain_MACS,MTVDLSGYPSLGAAFAARADAHPGRTALTLWHGSTGADPESVTYGELARRSRVRARELARRLAPGERVLVALPTGIEFAEVYLACLTAGLVAVPSPMPGGSASAGERIAAIAADCSPGLVLTTDAARAEVAEHLRGHGPEGLAVEAVLPVGGRSAPGEGADGRDVAAARTRSCSTAPVHRVAEGVILTHGAVLANVSAVCTYVGLVPEDRFGSWLPLHHDMGLFTQLTAALLCGAHLTLMTPAQFIRRPAEWFRMLDRFRITYTVAPNFAYELCTRVITDEMTRGLDLSALRYLGNGAEPIHAPTVRAFMERFAHLGLRSHVHSSGYGLAESTAYVTCVPEETSPTVLTVDPLRLESGERPELRPVAEGAGRPVMGLGRPHAFDLRIVDPRERVPLPEGRIGEIWLRGESIGRGYWGRPELSAEVFDARLADSAEGPGWLRTGDLGALVDGELFVTGRLKELLIVHGRNIFPQDVEHEARAAHQALGGQLGAAFGVGSPDERVVLVHEVHPRTPRTELPEVVTAVTRRLNRFVRSPPAQRRAGAARHRTPHHQREDPAHRHAGTVPRGRHDRAARRAGARAARTGGGAAVRAPVHTGTGAGREAALDAFLTDAGPDGAGGDVARRVAGEDAAEEFPATLVARLDAFGLPAYYVPAEWGGAGADHEVLLRLWRTVARRDLSAAVAHGKTYLGAASVWCAGDAAQATATADAVLAGEPVAWALSEPDHGADLLNGELTATAQDGGRRLDGVKWPVNNATRARLLTVLARTGAAGSGRGQSLFLVDKSALAPGSWHVLPKEPTHGIRGIDISGIAFEGAVPAPGALFGREGGGAETVLRALQLTRTMCAALSLGAGEHALRITAAFAAERIIQRRPLLDRAHPRAILGRCAALTAAAESAALVGSRAIHTLTGEMSVVSAVVKSVAPALTDAVIAELAELLGARSFLTGVYAHGAFQKIWRDHQIVSVFDGSTPVNRAALVQQFPRLVREYRAGTVDEKGLAGAAAVGEPAGPLDRGALTLLSRRGCSVVQSLPALSRALAGEAAPEGLVAHAVAVAAAAGEVHARMAAVAPAAHPPMSAYETAAAYELCYAAAACLHTWSAGRHSRRGEPLWEDGLWARAALRALRARLATTLRTPAPSAAPGDDGLDGLLAEHVARAARDGAPVTPFGAPLTGSQDGR
mibig,BAH83502.1,Alternaria alternata,acyl-CoA_synthetase_find_other_Miyamoto_ref,"9,10-epoxy-8-hydroxy-9-methyl-decatrienoate","9,10-epoxy-8-hydroxy-9-methyl-decatrienoate",C6.through.C11,mediumchain,MACS,BGC0001253,20192828,ACT-Toxin I,NA,NA,NA,ACTTS3 encoding a polyketide synthase is essential for the biosynthesis of ACT-toxin and pathogenicity in the tangerine pathotype of Alternaria alternata.,BAH83502.1_Alternaria_alternata_C6.through.C11_mediumchain_MACS,MLCKFQVFNPIAIELSPHIGNQLLECRGYCKSPALFLKKICPSLKAVAKHPLIILKVYHDADDESRTLSRRQGLSIVRKLVAGFRKAGLKKGDCFAVTSFSDIMYSMVFLGGVAAGRVFSGTNPAYRVAEMRHHIRTTEVKFFIVEPELLDVVIEGATREGIPKDCIFVFNVRGQKVPYGFRSWEWLLQHGEEDWERITDLETLKRTDVARLTTSGTTGLPKTACQSHYNATSFHTVIATKSQASITWEPRTISPLPMFHVATVPAVHASPFRTGHPIWIMRRFKLEPFLAGIEKHQVTNLAVIPPLVTAIINSPLSKKYSLKSVRTAVSGVAPLDAGSQREMRKLLAPGVTFTQLWGLTETTGAMTLFPYPEEDDTGSVGRLIPNTDVKLVDEDGKDITAFDVRGEICVRGPTVVRQYYRNSKANAETWDEDGYLHTGDILYCDSKTKLWYIVDRKKELIKVRGFQVAPPELEAALLQAKDDIADVAVIGLKSQPDSDAERPRAYVVRKPGSDITEAGVKRLIDDHLASYKQLTGGVVFLDEIPRSPTGKILKRVLREWAGTEEKENVTTRRALIPL
mibig,AMB48444.1,Nostoc sp.,long-chain-fatty-acid--CoA_ligase,decanoate,decanoate,C6.through.C11,mediumchain,FAAL,BGC0001357,26805858,carbamidocyclophane A,NA,NA,NA,Effects of Halide Ions on the Carbamidocyclophane Biosynthesis in Nostoc sp. CAVN2.,AMB48444.1_Nostoc_sp._C6.through.C11_mediumchain_FAAL,MQLLKQESTSLIDIISYRSQSQPDRQAYIFLQNGEEETASLTYEELDKRSRAIAAYLQPWKGERALLLYPSGLEFITAFFGCLYAGVIAVPVYPPKRNQKLSRLLSIVNDSQAKLALTTSSILVDISQRWQEETDSLTQLNWVATDKVEADPQDFVPQLITPESLAFLQYTSGSTGTPKGVMVTHHNLVHNSECIKQAFELTSDSVSVSWLPTFHDMGLIDGVIQPLYTGFIGYLMPPVAFLMKPACWLQAITRYKATHCGGPNFAYDLCVNKVNAEQLKTLDLSSWDSAYSGSEPVHNTTLKLFVEKFRDCGFQEKFFYPCYGMAEATLFTSGGFKQSPPIVKWVQTKALEENKIVDVTHPNPSSQEGTKAIVGCGHSWLDYKIVIADLESCELCADGQVGEIWVSSASVTKGYWNRPQQTQETFEAYLKDGSGPFLRTGDLGFLHDGELYVTGRLKDIIIIRGQNHYPQDIELTVQKSHPALRLNCGAAFTIEVKGKEQLIIVQEVERTYLKKLDVNHVVEIITQAVAAEHGIQVYATVLVKTGSIPKTSSGKIQRHACRTKFLNGSLEVVEDWSENPQYKSGFIRLQDEVESIFNTFAKKS
mibig,AAX31555.1,Streptomyces roseosporus,acyl-CoA_ligase,decanoate,decanoate,C6.through.C11,mediumchain,FAAL,BGC0000336,15870461,daptomycin,NA,NA,NA,Daptomycin biosynthesis in Streptomyces roseosporus: cloning and analysis of the gene cluster and revision of peptide stereochemistry.,AAX31555.1_Streptomyces_roseosporus_C6.through.C11_mediumchain_FAAL,MSESRCAGQGLVGALRTWARTRARETAVVLVRDTGTTDDTASVDYGQLDEWARSIAVTLRQQLAPGGRALLLLPSGPEFTAAYLGCLYAGLAAVPAPLPGGRHFERRRVAAIAADSGAGVVLTVAGETASVHDWLTETTAPATRVVAVDDRAALGDPAQWDDPGVAPDDVALIQYTSGSTGNPKGVVVTHANLLANARNLAEACELTAATPMGGWLPMYHDMGLLGTLTPALYLGTTCVLMSSTAFIKRPHLWLRTIDRFGLVWSSAPDFAYDMCLKRVTDEQIAGLDLSRWRWAGNGAEPIRAATVRAFGERFARYGLRPEALTAGYGLAEATLFVSRSQGLHTARVATAALERHEFRLAVPGEAAREIVSCGPVGHFRARIVEPGGHRVLPPGQVGELVLQGAAVCAGYWQAKEETEQTFGLTLDGEDGHWLRTGDLAALHEGNLHITGRCKEALVIRGRNLYPQDIEHELRLQHPELESVGAAFTVPAAPGTPGLMVVHEVRTPVPADDHPALVSALRGTINREFGLDAQGIALVSRGTVLRTTSGKVRRGAMRDLCLRGELNIVHADKGWHAIAGTAGEDIAPTDHAPHPHPA
mibig,AQA28568.1,Nostoc sp.,acyl-CoA_synthase,decanoate,decanoate,C6.through.C11,mediumchain,FAAL,BGC0001663,28252962,merocyclophane C,NA,NA,NA,Merocyclophanes C and D from the Cultured Freshwater Cyanobacterium Nostoc sp. (UIC 10110).,AQA28568.1_Nostoc_sp._C6.through.C11_mediumchain_FAAL,MTSNYDYSLNQEPQFSNLVELLTYRAKNQPDQTAYIFLQNGETETDRLTYQELELRARTIAAYLHSLGVQGERALLLYPPGLEFITAFFGCLYASVVAVPAYPPRRNQKLSRLQAIASNADVKVVLTTASLLNNIEALFADEQDLNNLHCIASDNIISDLELDWEPLEISKEALAFLQYTSGSTGTPKGVMISHGNLLHNSDCIKQSFELTPDSVSVTWLPSFHDMGLIDGIIQPLYTGFLGVLMPPASFLQQPIRWLQALSHYQATHCGGPNFAYELCAAKITPEQVENLDLSNWSSAYSGAEPVRRETMEQFAAKFAPCGFHAKFFYPCYGLAENTLMVSGGTITDEPVYSTVKADALEQNLVVETSEDNERVRHLVGCGHSHLGTKIVIVDPESLIPCIPNRVGEIWVSSPSVAQGYWKQTEQTEETFKAYLADTKEGPFLRTGDLGFLRDDELFVTGRIKDVIIIRGQNHYPQDIELTTEKSHPALSPGGGAAFAVDLNGQERLVIVQEVKRSYLKTLDFSEVLGNIRQAVTNEHSLQIFALVLIKPASIPKTSSGKIKRHACRLGFLNGSLDVVHDWCESPQGKAKFLNLKIDIESMIQKLQNECHR
mibig,AAZ23074.1,Streptomyces fradiae,acyl-CoA_ligase,decanoate; methylnonanoate; methyldecanoate; hexanoate; caprylate,decanoate; methylnonanoate; methyldecanoate; hexanoate; caprylate,C6.through.C11,mediumchain,FAAL,BGC0000291,16208464,A54145,NA,NA,NA,The lipopeptide antibiotic A54145 biosynthetic gene cluster from Streptomyces fradiae.,AAZ23074.1_Streptomyces_fradiae_C6.through.C11_mediumchain_FAAL,MYDHGDPFPLTVRAEHRKASTLPPGNPAVSSGDSASRREKRAAAGSSSSADPLAGPHLVAAISATAEADPGRKAVGLVRDPEREGEEALRSYAWLDDTARRIAVLLRAAGLETGARVLLLFPQSAEFAAAYAGCLYAGMVAVPAPLPTGTSHEAARVVGIAKDSEAGAVLTVSETEADVRQWAARTGLGALPLHCVDELPGDADPDTWREPEIRADTVAVLQYTSGSTGSPKGVVVTHGALADNVRSLLTGFDLGSGARLGGWLPMYHDMGLFGLLSPALFSGGAAVLMSGSAFLRRPSQWLRLIDRFGLVFSAAPDFAYDYCVRRVRPEETDGLDLSRWRWAANGSEPIRAETLRAFAKEFAPAGLHPNATTPCYGLAEATLLVSLPTGELRTRRVDVAELENHRFVEAAVGRPSREIVSCGRPPSLEIRVVDPATGKSVTGGDGAGETRVGEIRVRGASVARGYWQKPEATAETFVMDADGSGPWLRTGDLGALYEGELYVTGRIKELLIVHGRNIYPHDIEHELRARHAELGAVGAAFSLSTESGEVVVVTHEVNPTVRPEQGPELVTALRATLAREFGLAPAGVVLVRRGRIPRTSSGKVQRRLTARLFSTGELAQVHADPGAHRLLAELREAHDRGGAFPPPSPPASQDPEALRQRLRELCADCLGVPVDSLATDAPLTDYGMTSVTGTALCGMVEEYLDVECDLELLWQEPTIDGLASRLASRTVR
mibig,AHZ20766.1,Anabaena sp.,AMP-dependent_synthetase/ligase,dihydroxytetradecanoate; dihydroxyhexadecanoate,dihydroxytetradecanoate; dihydroxyhexadecanoate,C12.through.C17,longchain,FAAL,BGC0000369,24742428,Hassallidin C,NA,NA,NA,"Hassallidins, antifungal glycolipopeptides, are widespread among cyanobacteria and are the end-product of a nonribosomal pathway.",AHZ20766.1_Anabaena_sp._C12.through.C17_longchain_FAAL,MAIEFLLERFDQTKDAEALIWGDSYGALVPAGTQCVRYRSVLYSELGQLVKFWQERLQKEVVPKGAVIALEADFSPNSVALLLSLLQHNCIVALLTAEMKTSRDELRQIAEVEWIIKVGLDDNVSIEQTGTQARHELLHQLRDRQHPGLIIFTSGSTGKSKAAVHDFILMQEKFQTVRPAQRTLLFLLFDHIGGINTLLHVLANGGCAVIPLDHSPETVAAAIAKHRIQVLPTSPTFLNLLLLGGVHQRYDLSSLEIVTYGTEVMPESVLSNLNQLFPNIRFHQTYGLTELGIMRSKSRSSDSLWFKVGGEGYETRIVNGMLEIQAKSAMLGYLNAPAPFTPDGWYMTGDLVEIDGDWLKILGRKSELINVGGQKVYPAEVENVLQTMEGVLEVSVKGEANPITGNIVTAKVRLTTDESLREFRIRLRAFCQDKLESYKIPMRVMLVKEKLHSDRFKKTH
mibig,AVH76814.1,Microbacterium arborescens,MicE,"(Z)-15-(2,3-dimethylguanidino)pentadecanoic acid","(Z)-15-(2,3-dimethylguanidino)pentadecanoic acid",C12.through.C17,longchain,FAAL,BGC0001669,29915235,microvionin,NA,NA,NA,The anti-staphylococcal lipolanthines are ribosomally synthesized lipopeptides.,AVH76814.1_Microbacterium_arborescens_C12.through.C17_longchain_FAAL,MPLSLSAERRLDGHRVTAIDPSLPAAELIASVRERWDRHETILVDSASAPVGAVRLDLGSTDVALLQRTSGTTGAPRMFAFERAAVEAHAAATARAMEVPSGRRVAMAIRAGTAYYTSVVLMSMFNDNALVVFDPLDIDSAIRAILERQIDTLDAGVRFWQTTAVKARRNPAIIDALADLSVRGVGGDPLPPSVEAHYRQNGTPLANGYGLTQAGPNVAIGLRPSAKEGSCGRPLDGVECTIRDSELMVRSPFTAVGEVVDHQLVALSGTDDDGWLRTGDRARIVDGEVVPLGRLRDQTRAAS