X1,X2,X3,X4,X5,X6,X7
BGC0000125_pimaricin_CAC20930_1_shortchain_SACS,acetate,,,,,
BGC0001298_4_Z_annimycin_AGY30674_1_longchain_HOLDOUTTEST,polyeneoate,,,,,
BGC0001298_4_Z_annimycin_AGY30675_1_aminoacid_PEPTIDE,5-aminolevulinate,,,,,
BGC0000454_vanchrobactin_CAJ45636_1_aryl_ARYL,"2,3-dihydroxybenzoate",,,,,
BGC0001115_thiomarinol_CBK62721_1_longchain_FAAL,8-hydroxyoctanoate,,,,,
BGC0001115_thiomarinol_CBK62739_1_longchain_FAAL,8-hydroxyoctanoate,,,,,
BGC0000347_equibactin_CAP20363_1_aryl_ARYL,salicylate,,,,,
BGC0000196_AQ_256_CAE16560_1_shortchain_SACS,acetate,malonate,,,,
BGC0000042_cremimycin_BAO66547_1_aryl_ARYL,cyclohexanecarboxylate,,,,,
BGC0001001_Jamaicamide_AAS98774_1_mediumchain_FAAL,hexenoate,,,,,
BGC0001088_albicidin_CAE52336_1_aryl_ARYL,4-hydroxybenzoate,,,,,
BGC0001503_amycolamycin A_ATV95617_1_aryl_ARYL,6-methylsalicylate,,,,,
BGC0000354_friulimicin_CAD32910_2_longchain_LACS,12-methyltridecanoate,,,,,
BGC0001523_azalomycin F_ARM20285_1_other_OTHER,4-guanidinobutanoate,,,,,
BGC0001607_gilvusmycin_WP_030684664_1_aryl_ARYL,phenylacetate,,,,,
BGC0001078_furaquinocin A_BAE78973_1_shortchain_SACS,acetate,,,,,
BGC0001358_leucinostatin A_OAQ83766_1_aryl_ARYL,phenylacetate,,,,,
BGC0000213_colabomycin E_AIL50189_1_aminoacid_PEPTIDE,aminolevulinate,,,,,
BGC0000051_ebelactone_AGY62760_1_longchain_HOLDOUTTEST,"(E)-11-hydroxy-2,4,6,8,10,12-hexamethyl-9-oxotetradec-6-enoate",,,,,
BGC0000182_Pseudomonic acid A_AAM12937_1_longchain_FAAL,mupirocin,,,,,
BGC0000210_chromomycin A3_CAE17538_1_shortchain_HOLDOUTTEST,acetate,isobutyrate,propionate,,,
BGC0000210_chromomycin A3_CAE17553_1_shortchain_HOLDOUTTEST,acetate,isobutyrate,propionate,,,
BGC0000202_azicemicin_ADB02855_1_aminoacid_PEPTIDE,D-aspartate,L-aspartate,,,,
BGC0001359_PM100117_CUW01185_1_aryl_ARYL,"1,4-dihydroxy-6-napthoate",,,,,
BGC0001143_azanigerone_EHA28233_1_mediumchain_MACS,"2,4-dimethylhexanoate",,,,,
BGC0001163_1_heptadecene_EGJ35087_1_longchain_HOLDOUTTEST,1-heptadecene,,,,,
BGC0001161_1_heptadecene_AHH34187_1_longchain_FAAL,1-heptadecene,,,,,
BGC0001162_1_heptadecene_AHH34188_1_longchain_FAAL,1-heptadecene,,,,,
BGC0000960_azinomycin B_ABY83140_1_aryl_ARYL,5-methylnapthoate,,,,,
BGC0000028_Bafilomycin B1_ADC79613_1_aminoacid_PEPTIDE,5-aminolevulinate,,,,,
BGC0001292_A33853_ALE27504_1_aryl_ARYL,3-hydroxypicolinoate,,,,,
BGC0001292_A33853_ALE27502_1_aryl_ARYL,phenylacetate,,,,,
BGC0001288_maklamicin_BAQ25518_1_shortchain_SACS,malonate,,,,,
BGC0001755_reedsmycins_AWW87429_1_shortchain_SACS,malonate,methylmalonate,,,,
BGC0000112_neocarzinostatin_AAM77987_1_aryl_ARYL,"2,7- dihydroxy-5-methyl-1-naphthoate",,,,,
BGC0001101_leinamycin_AAN85536_1_aryl_ARYL,4-coumarate,,,,,
BGC0001409_dutomycin_AKD43499_1_shortchain_HOLDOUTTEST,malonate,,,,,
BGC0000466_yatakemycin_ADZ13540_1_aryl_ARYL,"5-hydroxy-4-methoxy-3,6,7,8-tetrahydropyrrolo[3,2-e]indole-2-carboxylate",,,,,
BGC0000466_yatakemycin_ADZ13551_1_aryl_HOLDOUTTEST,5-hydroxy-6-methoxy-1H-indole-2-carboxylate,,,,,
BGC0000466_yatakemycin_ADZ13554_1_aryl_HOLDOUTTEST,5-hydroxy-6-methoxy-1H-indole-2-carboxylate,,,,,
BGC0000953_amicetin_AEF16051_1_aryl_ARYL,benzoate,,,,,
BGC0000270_simocyclinone_AAL15617_1_shortchain_SACS,acetate,,,,,
BGC0000378_kutznerides_ABV56587_1_shortchain_SACS,2-ketoisovalerate,"3,3- dimethyl-2-ketobutyrate",,,,
BGC0001075_aurachin RE_BAN59740_1_aryl_ARYL,anthranilate,,,,,
BGC0000945_vibriobactin_NP_230421_1_aryl_ARYL,"2,3-dihydroxybenzoate",,,,,
BGC0000093_meilingmycin_ADC45517_1_shortchain_HOLDOUTTEST,acetate,propionate,,,,
BGC0000632_brasilicardin A_BAG16281_1_aryl_ARYL,3-hydroxybenzoate,,,,,
BGC0001042_sanglifehrin A_ACY06269_1_shortchain_HOLDOUTTEST,crotonoate,,,,,
BGC0001064_Cylindrocyclophane D_AFV96135_1_longchain_FAAL,decanote,,,,,
BGC0000336_daptomycin_AAX31555_1_longchain_HOLDOUTTEST,decanoate,,,,,
BGC0001574_diisonitrile antibiotic SF2768_ATY72527_1_other_OTHER,1-carboxy-2-cyanopropane,,,,,
BGC0001137_marinacarboline a_AGL76720_1_aryl_ARYL,1-acetyl-3-carboxy-beta-carboline,,,,,
BGC0001205_communesin A_KGO40476_1_mediumchain_MACS,hexadienoate,,,,,
BGC0001008_maduropeptin_ABY66018_1_aryl_ARYL,salicylate,,,,,
BGC0001035_pneumocandin B0_EPE34349_1_longchain_LACS,myristate,pentadecanoate,palmitate,,,
BGC0000123_phoslactomycin B_AAQ84158_1_aryl_ARYL,cyclohexanecarboxylate,,,,,
BGC0000024_aureothin_CAE02600_1_aryl_ARYL,p-nitrobenzoate,,,,,
BGC0000309_bacillibactin_CAB15188_1_aryl_ARYL,"2,3-dihydroxybenzoate",,,,,
BGC0001600_fusarielin H_CEF75881_1_shortchain_HOLDOUTTEST,acetate,malonate,,,,
BGC0000141_rubradirin_CAI94706_1_aryl_ARYL,aminocoumarate,,,,,
BGC0000368_griseobactin_CBA63660_1_aryl_ARYL,"2,3-dihydroxybenzoate",,,,,
BGC0001213_nataxazole_EYT83440_1_aryl_ARYL,3-hydroxyanthranilate,,,,,
BGC0001213_nataxazole_EYT83445_1_aryl_ARYL,6-methylsalicylate,,,,,
BGC0001662_mediomycin A_AWC08666_1_other_OTHER,4-guanidinylbutanoate,,,,,
BGC0000366_gobichelin_AGE11892_1_aryl_ARYL,"2,3-dihydroxybenzoate",,,,,
BGC0000298_Aeruginosin 98_A_ACM68682_1_aryl_HOLDOUTTEST,2-oxo-3-phenylpropanoate,,,,,
BGC0000369_Hassallidin C_AHZ20766_1_longchain_FAAL,dihydroxytetradecanoate,dihydroxyhexadecanoate,,,,
BGC0000401_paenibactin_AEI70243_1_aryl_ARYL,"2,3-dihydroxybenzoate",,,,,
BGC0001676_mycemycin A_AVR52597_1_aryl_ARYL,"2,3-dihydroxybenzoate",,,,,
BGC0001039_pyridomycin_AEF33098_1_aryl_ARYL,3-hydroxypicolinoate,,,,,
BGC0001700_niphimycins C_E_AUO16404_1_other_OTHER,4-guanidinobutanoate,,,,,
BGC0000294_acinetobactin_BAC87906_1_aryl_ARYL,"2,3-dihydroxybenzoate",,,,,
BGC0000456_verlamelin_BAO73255_1_longchain_FAAL,5-hydroxytetradecanoate,,,,,
BGC0000966_caerulomycin A_AFD30957_1_aryl_ARYL,picolinoate,,,,,
BGC0000343_enterobactin_ACY02013_1_other_OTHER,dimethylsulfoniopropionate,,,,,
BGC0000208_chelocardin_AHD25943_1_shortchain_SACS,malonate,,,,,
BGC0001290_emericellamide A_CBF87076_1_longchain_LACS,3-hydroxy-4-methyldecanoate,,,,,
BGC0001206_indolmycin_AJT38684_1_other_OTHER,"(2S,3S)-3-(1H-indol-3-yl)-2-methylbutanoate",,,,,
BGC0000140_RK_682_ACZ65474_1_longchain_LACS,palmitate,,,,,
BGC0000958_Antimycin_WP_010639243_1_aryl_ARYL,2-succinylbenzoate,,,,,
BGC0001150_pamamycin_AMEG_HIPS_SALB_00478_other_OTHER,"(2S)-2-(5-((2S,3S)-3-hydroxyhexan-2-yl)tetrahydrofuran-2-yl)propanoate",,,,,
BGC0000894_citrinin_ACA34725_1_shortchain_HOLDOUTTEST,acetate,malonate,,,,
BGC0000392_mirubactin_ACU36660_1_aryl_ARYL,"2,3-dihydroxybenzoate",,,,,
BGC0001643_lactomycins A_C_BBC48402_1_aryl_ARYL,cyclohexanecarboxylate,,,,,
BGC0001225_celesticetin_ADB92576_1_aryl_ARYL,salicylate,,,,,
BGC0001712_ochrindol_PLB46276_1_shortchain_SACS,acetate,,,,,
BGC0001083_merochlorin A_AGH68905_1_shortchain_HOLDOUTTEST,malonate,,,,,
BGC0001663_merocyclophane C_AQA28568_1_longchain_FAAL,decanoate,,,,,
BGC0000971_Cinnabaramide_CBW54660_1_longchain_HOLDOUTTEST,octanoate,hexanoate,,,,
BGC0000971_Cinnabaramide_CBW54662_1_aryl_ARYL,phenylacetate,,,,,
BGC0000460_vulnibactin_AAO07759_1_aryl_ARYL,salicylate,,,,,
BGC0000460_vulnibactin_AAO07763_1_aryl_ARYL,salicylate,,,,,
BGC0001668_microperfuranone_CBF82791_1_aryl_HOLDOUTTEST,2-oxo-3-phenylpropanoate,,,,,
BGC0001185_bacillibactin_ABS75234_1_aryl_ARYL,"2,3-dihydroxybenzoate",,,,,
BGC0001202_landepoxcin_AKA59431_1_aryl_ARYL,benzoate,,,,,
BGC0001345_myxochelin A_AAG31128_1_aryl_ARYL,"2,3-dihydroxybenzoate",,,,,
BGC0000359_NA_AAZ55904_1_aryl_ARYL,"2,3-dihydroxybenzoate",,,,,
BGC0001444_NA_DT87_RS23320_aryl_ARYL,"2,3-dihydroxybenzoate",,,,,
BGC0000965_NA_AAL06665_1_aryl_ARYL,phenylacetate,,,,,
BGC0000692_NA_CAI47662_1_aryl_ARYL,phenylacetate,,,,,
BGC0000394_naphthyridinomycin_AGD80622_1_longchain_FAAL,myristate,,,,,
BGC0001147_disgocidine_AIS24844_1_other_OTHER,4-acetamidopyrrole-2-carboxylate,,,,,
BGC0000252_nonactin_AAC26134_1_other_OTHER,"(2R)-2-[(2R,5S)-5-[(2S)-2-hydroxypropyl]oxolan-2-yl]propanoate","6,8-dihydroxy-2-methylnon-2E-enoate",,,,
BGC0001748_pseudospumigin A_ATP76245_1_aryl_HOLDOUTTEST,p-hydroxyphenylacetate,,,,,
BGC0000698_hygromycin A_ABC42549_1_aryl_ARYL,"3,4-dihydroxybenzoate",,,,,
BGC0000921_Promysalin_ADQ74621_1_aryl_ARYL,salicylate,,,,,
BGC0001480_Tundrenone_WP_027148176_1_aryl_ARYL,"2-(((6R,7R,7aR)-3,6-dihydroxy-2-oxo-2,6,7,7a-tetrahydro-1H-inden-7-yl)oxy)acrylate",,,,,
BGC0000110_Neoaureothin_CAO85890_1_aryl_ARYL,p-nitrobenzoate,,,,,
BGC0000135_reveromycin_BAK64646_1_shortchain_HOLDOUTTEST,malonate,methylmalonate,,,,
BGC0000135_reveromycin_BAK64635_1_shortchain_HOLDOUTTEST,malonate,methylmalonate,,,,
BGC0000913_menaquinone_ACD75096_1_aryl_ARYL,o-succinylbenzoate,,,,,
BGC0001055_yersiniabactin_CAJ87594_1_aryl_ARYL,"2,3-dihydroxybenzoate",,,,,
BGC0000138_rimocidin_AAR16521_1_shortchain_HOLDOUTTEST,acetate,butyrate,malonate,,,
BGC0001584_C_1027_ANY94435_1_aryl_ARYL,phenylacetate,,,,,
BGC0000834_novobiocin_AAF67505_1_aryl_HOLDOUTTEST,desmethylaminocoumarin,,,,,
BGC0000176_difficidin_CAJ57407_1_shortchain_HOLDOUTTEST,acrylate,,,,,
BGC0000976_Curacin A_AEE88290_1_longchain_HOLDOUTTEST,(R)-3-hydroxymyristate,,,,,
BGC0000371_heterobactin A_BAH33406_1_aryl_ARYL,"2,3-dihydroxybenzoate",,,,,
BGC0001343_aurachin A_CAL48957_1_aryl_ARYL,anthranilate,,,,,
BGC0001000_hectochlorin_AAY42393_1_mediumchain_MACS,hexanoate,,,,,
BGC0000300_amychelin_EFL06871_1_aryl_ARYL,salicylate,,,,,
BGC0000352_Fimsbactin A_CAG69514_1_aryl_ARYL,"2,3-dihydroxybenzoate",,,,,
BGC0001067_fumagillin_EAL85117_1_shortchain_SACS,acetate,,,,,
BGC0000962_barbamide_AAN32979_1_aminoacid_PEPTIDE,trichloroleucine,,,,,
BGC0000341_enduracidin_ABD65965_1_longchain_LACS,9-methyldecanoate,,,,,
BGC0000291_A54145_AAZ23074_1_mediumchain_FAAL,decanoate,methylnonanoate,methyldecanoate,hexanoate,caprylate,
BGC0001103_mycosubtilin_AAF08801_1_longchain_HOLDOUTTEST,myristate,,,,,
BGC0000839_Flexirubin_ACU59373_1_aryl_ARYL,4-coumarate,,,,,
BGC0000925_quinolobactin_AAL65279_1_aryl_ARYL,xanthurenate,,,,,
BGC0000467_yersiniabactin_CAA73130_1_aryl_ARYL,salicylate,,,,,
BGC0001474_thiopeptin_PYC80221_1_aryl_HOLDOUTTEST,(S)-4-(1-hydroxyethyl)quinoline-2-carboxylate,,,,,
BGC0000614_thiostrepton_ACN52300_1_aryl_ARYL,(S)-4-(1-hydroxyethyl)quinoline-2-carboxylate,,,,,
BGC0001256_atromentin_ACH90386_1_aryl_HOLDOUTTEST,4-hydroxyphenylpyruvate,,,,,
BGC0000339_echinomycin_BAE98151_1_aryl_ARYL,quinoxaline-2-carboxylate,,,,,
BGC0000451_turnerbactin_ACR11042_1_aryl_ARYL,"2,3-dihydroxybenzoate",,,,,
BGC0000871_VEPE_ABF88003_1_longchain_LACS,13-methyltetradecanoate,,,,,
BGC0000758_capsular polysaccharide_AAA64650_1_aryl_HOLDOUTTEST,"2,3-dihydroxybenzoate",,,,,
BGC0001216_splenocin_AKA54630_1_aryl_HOLDOUTTEST,cinnamate,,,,,
BGC0001540_CC_1065_ARK19481_1_aryl_ARYL,"5-hydroxy-4-methoxy-3,6,7,8-tetrahydropyrrolo[3,2-e]indole-2-carboxylate",,,,,
BGC0001540_CC_1065_ARK19486_1_aryl_ARYL,"5-hydroxy-4-methoxy-3,6,7,8-tetrahydropyrrolo[3,2-e]indole-2-carboxylate",,,,,
BGC0001598_foxicins A_D_AOE23577_1_aminoacid_PEPTIDE,"2,4-diamino-3-oxobutanoate",,,,,
1 Mycobacterium_tuberculosis_long_chain_FAAL,laurate,,,,,
8 Mycobacterium_marinum_long_chain_FAAL,19-(4-hydroxyphenyl)nonadecanoate,,,,,
9 Mycobacterium_tuberculosis_long_chain_FAAL,19-(4-hydroxyphenyl)nonadecanoate,,,,,
11 Aspergillus_rugulosus_long_chain_FAAL,linoleate,,,,,
12 Legionella_pneumophila_medium_chain_FAAL,octanoate,,,,,
13 Escherichia_coli_medium_chain_FAAL,octanoate,,,,,
14 Alcaligenes_sp._aryl_ARYL,4-chlorobenzoate,,,,,
15 Paraburkholderia_xenovorans_aryl_ARYL,benzoate,,,,,
16 Burkholderia_cenocepacia_aryl_ARYL,phenylacetate,,,,,
17 Burkholderia_cenocepacia_aryl_ARYL,phenylacetate,,,,,
18 Populus_tomentosa_aryl_ARYL,4-coumarate,,,,,
19 Staphylococcus_aureus_aryl_ARYL,2-succinylbenzoate,,,,,
20 Arabidopsis_thaliana_aryl_ARYL,4-coumarate,caffeate,,,,
21 Bacteroides_thetaiotaomicron_aryl_ARYL,phenylacetate,,,,,
22 Rhodopseudomonas_palustris_aryl_ARYL,benzoate,,,,,
23 Stigmatella_aurantiaca_aryl_ARYL,anthranilate,,,,,
24 Bacillus_subtilis_aryl_ARYL,2-succinylbenzoate,,,,,
25 Escherichia_coli_aryl_ARYL,2-succinylbenzoate,,,,,
26 Pseudomonas_aeruginosa_aryl_ARYL,anthranilate,,,,,
27 Nicotiana_tabacum_aryl_ARYL,4-coumarate,,,,,
28 Arabidopsis_thaliana_aryl_ARYL,4-coumarate,,,,,
29 Bacteroides_vulgatus_aryl_ARYL,phenylacetate,,,,,
30 Arabidopsis_thaliana_aryl_ARYL,2-succinylbenzoate,,,,,
31 Mycobacterium_tuberculosis_aryl_ARYL,2-succinylbenzoate,,,,,
32 Mycobacterium_tuberculosis_aryl_ARYL,4-hydroxybenzoate,,,,,
33 Streptomyces_gandocaensis_aryl_ARYL,salicylate,,,,,
34 Arabidopsis_thaliana_aryl_ARYL,benzoate,,,,,
35 Neosartorya_fumigata_aryl_ARYL,nicotinoate,,,,,
36 Mycobacterium_marinum_aryl_ARYL,4-hydroxybenzoate,,,,,
37 Pseudomonas_putida_aryl_ARYL,phenylacetate,,,,,
38 Arabidopsis_thaliana_aryl_ARYL,caffeate,4-coumarate,cinnamate,,,
39 Arabidopsis_thaliana_aryl_ARYL,4-coumarate,ferulate,caffeate,cinnamate,,
40 Arabidopsis_thaliana_aryl_ARYL,4-coumarate,ferulate,sinapate,caffeate,,
41 Pseudomonas_sp._aryl_ARYL,4-chlorobenzoate,benzoate,4-bromobenzoate,4-iodobenzoate,4-methylbenzoate,
42 Escherichia_coli_aryl_ARYL,phenylacetate,,,,,
43 Thermus_thermophilus_aryl_ARYL,phenylacetate,,,,,
44 Azoarcus_evansii_aryl_ARYL,phenylacetate,,,,,
45 Thauera_aromatica_aryl_ARYL,benzoate,,,,,
46 Arthrobacter_sp._aryl_ARYL,4-chlorobenzoate,,,,,
47 Rhodopseudomonas_palustris_aryl_ARYL,4-hydroxybenzoate,,,,,
48 Thauera_aromatica_aryl_ARYL,3-hydroxybenzoate,,,,,
49 Metallosphaera_sedula_aryl_ARYL,4-hydroxybutyrate,,,,,
50 Mycobacterium_tuberculosis_aryl_ARYL,salicylate,,,,,
51 Streptomyces_carzinostaticus_aryl_ARYL,2-hydroxy-7-methoxy-5-methyl-1-naphthoate,,,,,
52 Arabidopsis_thaliana_aryl_ARYL,4-coumarate,,,,,
126 Nocardia_iowensis_aryl_CAR,benzoate,vanillate,ferulate,,,
127 Mycobacterium_marinum_aryl_CAR,benzoate,,,,,
154 Streptomyces_coelicolor_short_chan_SACS,malonate,,,,,
157 Segniliparus_rugosus_aryl_CAR,benzoate,,,,,
164 Thermus_thermophilus_long_chain_LACS,myristate,palmitate,,,,
167 Mycobacterium_tuberculosis_long_chain_LACS,palmitate,,,,,
168 Mycobacterium_smegmatis_long_chain_LACS,dodecanoate,,,,,
216 Sus_scrofa_long_chain_LACS,arachidonate,,,,,
250 Arabidopsis_thaliana_long_chain_LACS,12-oxo-phytodienoate,,,,,
251 Arabidopsis_thaliana_long_chain_LACS,12-oxo-phytodienoate,,,,,
252 Homo_sapiens_long_chain_LACS,palmitate,,,,,
253 Saccharomyces_cerevisiae_long_chain_LACS,myristate,,,,,
254 Saccharomyces_cerevisiae_long_chain_LACS,myristate,,,,,
255 Rattus_norvegicus_long_chain_LACS,myristate,laurate,arachidonate,eicosapentaenoate,,
256 Homo_sapiens_long_chain_LACS,palmitate,oleate,linoleate,,,
257 Rattus_norvegicus_long_chain_LACS,arachidonate,eicosapentaenoate,,,,
258 Homo_sapiens_long_chain_LACS,arachidonate,eicosapentaenoate,,,,
259 Mus_musculus_long_chain_LACS,arachidonate,eicosapentaenoate,,,,
260 Mus_musculus_long_chain_LACS,oleate,linoleate,,,,
261 Glarea_lozoyensis_long_chain_LACS,"10R,12S-dimethylmyristate",,,,,
262 Rattus_norvegicus_long_chain_LACS,palmitate,,,,,
263 Rattus_norvegicus_long_chain_LACS,palmitate,,,,,
264 Rattus_norvegicus_long_chain_LACS,palmitate,arachidonate,oleate,,,
265 Luciola_cruciata_luciferin_LUCIFERASE,luciferin,,,,,
266 Photinus_pyralis_luciferin_LUCIFERASE,luciferin,,,,,
267 Lampyris_turkestanicus_luciferin_LUCIFERASE,luciferin,,,,,
268 Zophobas_atratus_luciferin_LUCIFERASE,luciferin,,,,,
269 Luciola_mingrelica_luciferin_LUCIFERASE,luciferin,,,,,
270 Phrixothrix_hirtus_luciferin_LUCIFERASE,luciferin,,,,,
271 Lampyris_noctiluca_luciferin_LUCIFERASE,luciferin,,,,,
272 Photinus_pyralis_luciferin_LUCIFERASE,luciferin,,,,,
273 Photuris_pensylvanica_luciferin_LUCIFERASE,luciferin,,,,,
274 Pyrocoelia_rufa_luciferin_LUCIFERASE,luciferin,,,,,
275 Hotaria_unmunsana_luciferin_LUCIFERASE,luciferin,,,,,
276 Pyrophorus_plagiophthalamus_luciferin_LUCIFERASE,luciferin,,,,,
277 Pyrophorus_mellifluus_luciferin_LUCIFERASE,luciferin,,,,,
278 Cratomorphus_distinctus_luciferin_LUCIFERASE,luciferin,,,,,
279 Lampyroidea_maculata_luciferin_LUCIFERASE,luciferin,,,,,
280 Luciola_italica_luciferin_LUCIFERASE,luciferin,,,,,
281 Luciola_cruciata_luciferin_LUCIFERASE,luciferin,,,,,
282 Diaphanes_pectinealis_luciferin_LUCIFERASE,luciferin,,,,,
283 Tribolium_castaneum_luciferin_LUCIFERASE,luciferin,,,,,
284 Pyrocoelia_pectoralis_luciferin_LUCIFERASE,luciferin,,,,,
285 Agrypnus_binodulus_luciferin_LUCIFERASE,luciferin,,,,,
286 Abscondita_terminalis_luciferin_LUCIFERASE,luciferin,,,,,
287 Culex_quinquefasciatus_luciferin_LUCIFERASE,luciferin,,,,,
288 Pyrocoelia_pygidialis_luciferin_LUCIFERASE,luciferin,,,,,
289 Pediculus_humanus_luciferin_LUCIFERASE,luciferin,,,,,
290 Brasilocerus_sp._luciferin_LUCIFERASE,luciferin,,,,,
291 Phrixothrix_hirtus_luciferin_LUCIFERASE,luciferin,,,,,
292 Pyrophorus_angustus_luciferin_LUCIFERASE,luciferin,,,,,
293 Lucidina_biplagiata_luciferin_LUCIFERASE,luciferin,,,,,
294 Taximastinocerus_sp._luciferin_LUCIFERASE,luciferin,,,,,
295 Bombus_terrestris_luciferin_LUCIFERASE,luciferin,,,,,
296 Cyphonocerus_ruficollis_luciferin_LUCIFERASE,luciferin,,,,,
297 Drilaster_axillaris_luciferin_LUCIFERASE,luciferin,,,,,
298 Stenocladius_azumai_luciferin_LUCIFERASE,luciferin,,,,,
299 Aquatica_lateralis_luciferin_LUCIFERASE,luciferin,,,,,
300 Luciola_parvula_luciferin_LUCIFERASE,luciferin,,,,,
301 Apis_florea_luciferin_LUCIFERASE,luciferin,,,,,
302 Anopheles_sinensis_luciferin_LUCIFERASE,luciferin,,,,,
303 Acromyrmex_echinatior_luciferin_LUCIFERASE,luciferin,,,,,
304 Pyrophorus_sp._luciferin_LUCIFERASE,luciferin,,,,,
305 Cryptalaus_berus_luciferin_LUCIFERASE,luciferin,,,,,
306 Pectocera_fortunei_luciferin_LUCIFERASE,luciferin,,,,,
307 Plutella_xylostella_luciferin_LUCIFERASE,luciferin,,,,,
308 Megachile_rotundata_luciferin_LUCIFERASE,luciferin,,,,,
309 Ceratitis_capitata_luciferin_LUCIFERASE,luciferin,,,,,
310 Athalia_rosae_luciferin_LUCIFERASE,luciferin,,,,,
311 Dinoponera_quadriceps_luciferin_LUCIFERASE,luciferin,,,,,
312 Dufourea_novaeangliae_luciferin_LUCIFERASE,luciferin,,,,,
313 Cephus_cinctus_luciferin_LUCIFERASE,luciferin,,,,,
314 Apis_cerana_luciferin_LUCIFERASE,luciferin,,,,,
315 Pyrocoelia_sp._luciferin_LUCIFERASE,luciferin,,,,,
316 Dendroctonus_ponderosae_luciferin_LUCIFERASE,luciferin,,,,,
317 Pyrocoelia_atripennis_luciferin_LUCIFERASE,luciferin,,,,,
318 Pseudomyrmex_gracilis_luciferin_LUCIFERASE,luciferin,,,,,
319 Zootermopsis_nevadensis_luciferin_LUCIFERASE,luciferin,,,,,
320 Nilaparvata_lugens_luciferin_LUCIFERASE,luciferin,,,,,
321 Spodoptera_litura_luciferin_LUCIFERASE,luciferin,,,,,
322 Onthophagus_taurus_luciferin_LUCIFERASE,luciferin,,,,,
323 Leptinotarsa_decemlineata_luciferin_LUCIFERASE,luciferin,,,,,
324 Hyposmocoma_kahamanoa_luciferin_LUCIFERASE,luciferin,,,,,
348 Arabidopsis_thaliana_medium_chain_MACS,nonanoate,,,,,
349 Escherichia_coli_medium_chain_MACS,hexanoate,octanoate,laurate,,,
350 Mus_musculus_medium_chain_MACS,hexanoate,octanoate,decanoate,laurate,myristate,benzoate
351 Rhodopseudomonas_palustris_short_chain_SACS,malonate,,,,,
352 Penicillium_aethiopicum_short_chain_SACS,malonamate,,,,,
353 Homo_sapiens_short_chain_SACS,malonate,methylmalonate,,,,
354 Arabidopsis_thaliana_short_chain_SACS,malonate,,,,,
355 Rhodococcus_jostii_other_OTHER,"3-[(3aS,4S,7aS)-7a-methyl-1,5-dioxo-octahydro-1H-inden-4-yl]propanoate",,,,,
356 Escherichia_coli_other_OTHER,(R)-carnitine,,,,,
357 Mycobacterium_tuberculosis_other_OTHER,"3-[(3aS,4S,7aS)-7a-methyl-1,5-dioxo-octahydro-1H-inden-4-yl]propanoate",,,,,
358 Ruegeria_pomeroyi_other_OTHER,3-(methylsulfanyl)propanoate,,,,,
359 Streptomyces_sp._medium_chain_PEPTIDE,3-aminononanoate,,,,,
360 Bacillus_subtilis_amino_acid_PEPTIDE,d-alanine,,,,,
361 Streptococcus_pyogenes_amino_acid_PEPTIDE,d-alanine,,,,,
362 Bacillus_cereus_amino_acid_PEPTIDE,d-alanine,,,,,
363 Streptomyces_sp._amino_acid_PEPTIDE,(S)-3-aminobutyrate,(S)-3-aminopentanoate,,,,
364 Streptomyces_sp._amino_acid_PEPTIDE,threonine,,,,,
365 Mus_musculus_amino_acid_PEPTIDE,b-alanine,,,,,
366 Mus_musculus_amino_acid_PEPTIDE,b-alanine,,,,,
367 Homo_sapiens_amino_acid_PEPTIDE,b-alanine,,,,,
368 Homo_sapiens_amino_acid_PEPTIDE,b-alanine,,,,,
369 Staphylococcus_aureus_amino_acid_PEPTIDE,d-alanine,,,,,
370 Schizosaccharomyces_pombe_amino_acid_PEPTIDE,(S)-2-amino-6-oxohexanoate,,,,,
371 Serratia_sp._amino_acid_PEPTIDE,L-proline,,,,,
372 Mus_musculus_amino_acid_PEPTIDE,b-alanine,,,,,
373 Lactobacillus_rhamnosus_amino_acid_PEPTIDE,d-alanine,,,,,
374 Saccharomyces_cerevisiae_amino_acid_PEPTIDE,(S)-2-amino-6-oxohexanoate,,,,,
375 Pseudomonas_savastanoi_amino_acid_PEPTIDE,L-allo-isoleucine,,,,,
376 Enterobacter_agglomerans_amino_acid_PEPTIDE,"fumaramoyl-L-2,3-diaminopropionate",,,,,
379 Salmonella_typhimurium_short_chain_SACS,acetate,,,,,
380 Saccharomyces_cerevisiae_short_chain_SACS,acetate,,,,,
381 Streptomyces_lividans_short_chain_SACS,acetoacetate,,,,,
382 Dinoroseobacter_shibae_short_chain_SACS,acrylic aid,,,,,
383 Arabidopsis_thaliana_short_chain_SACS,oxalate,,,,,
384 Cryptococcus_neoformans_short_chain_SACS,acetate,,,,,
385 Homo_sapiens_short_chain_SACS,acetate,,,,,
386 Homo_sapiens_short_chain_SACS,acetate,,,,,
387 Schizosaccharomyces_pombe_short_chain_SACS,acetate,,,,,
388 Arabidopsis_thaliana_short_chain_SACS,acetate,,,,,
389 Drosophila_melanogaster_short_chain_SACS,acetate,,,,,
390 Bos_taurus_short_chain_SACS,acetate,,,,,
391 Danio_rerio_short_chain_SACS,acetate,,,,,
398 Danio_rerio_short_chain_SACS,acetoacetate,,,,,
401 Methanothrix_thermoacetophila_short_chain_SACS,acetate,,,,,
402 Arabidopsis_thaliana_short_chain_SACS,acetate,,,,,
403 Mus_musculus_short_chain_SACS,acetate,,,,,
404 Bacillus_subtilis_short_chain_SACS,acetate,,,,,
405 Mus_musculus_short_chain_SACS,acetate,,,,,
406 Mus_musculus_short_chain_SACS,acetate,,,,,
407 Methanothrix_soehngenii_short_chain_SACS,acetate,,,,,
408 Sus_scrofa_short_chain_SACS,acetate,,,,,
409 Sus_scrofa_short_chain_SACS,acetate,,,,,
410 Caenorhabditis_elegans_short_chain_SACS,acetate,,,,,
411 Caenorhabditis_elegans_short_chain_SACS,acetate,,,,,
412 Arabidopsis_thaliana_short_chain_SACS,butyrate,,,,,
413 Mus_musculus_short_chain_SACS,acetotate,,,,,
414 Rattus_norvegicus_short_chain_SACS,acetotate,,,,,
415 Arabidopsis_thaliana_short_chain_SACS,acetate,butyrate,,,,
423 Mus_musculus_short_chain_SACS,acetate,,,,,
424 Mus_musculus_short_chain_SACS,acetate,,,,,
425 Homo_sapiens_short_chain_SACS,acetoatetate,,,,,
426 Mycobacterium_tuberculosis_short_chain_SACS,acetate,propionate,butyrate,,,
427 Escherichia_coli_short_chain_SACS,acetate,,,,,
428 Saccharomyces_cerevisiae_short_chain_SACS,acetate,,,,,
429 Metallosphaera_sedula_short_chain_SACS,butyrate,valerate,propioinate,acetate,4-hydroxybutyrate,3-hydroxybutyrate
430 Bradyrhizobium_diazoefficiens_short_chain_SACS,acetate,,,,,
431 Homo_sapiens_short_chain_SACS,acetate,,,,,
432 Sulfurisphaera_tokodaii_short_chain_SACS,3-hydroxypropanoate,,,,,
433 Metallosphaera_sedula_short_chain_SACS,3-hydroxypropanoate,,,,,
449 Rhodococcus_rhodochrous_very_long_chain_bile_VLACS_BILE,3-oxocholest-4-en-26-oate,,,,,
455 Mycobacterium_bovis_very_long_chain_bile_VLACS_BILE,docosanoate,tetracosanoate,,,,
